{"song":{"player1":"bf","notes":[{"lengthInSteps":16,"sectionNotes":[[0,0,0],[125,3,0],[250,2,125],[625,3,125],[1000,1,125],[1250,2,125],[1625,3,0]],"typeOfSection":0,"mustHitSection":false,"changeBPM":false,"bpm":95},{"lengthInSteps":16,"sectionNotes":[[2000,0,0],[2125,3,0],[2250,2,125],[2625,3,125],[3000,1,125],[3250,2,125],[3625,3,0]],"typeOfSection":0,"mustHitSection":true,"changeBPM":false,"bpm":165},{"lengthInSteps":16,"sectionNotes":[[4000,3,0],[4125,0,0],[4250,1,125],[4625,0,125],[4875,2,125],[5250,3,125],[5250,0,125],[5625,1,125],[5875,0,0]],"typeOfSection":0,"mustHitSection":false,"changeBPM":false,"bpm":165},{"lengthInSteps":16,"sectionNotes":[[6000,6,0],[6000,2,0],[6250,3,125],[6250,7,125],[6625,1,0],[6625,5,0],[6875,0,0],[6875,4,0],[7000,2,0],[7000,6,0],[7250,3,500],[7250,4,500]],"typeOfSection":0,"mustHitSection":true,"changeBPM":false,"bpm":165},{"lengthInSteps":16,"sectionNotes":[],"typeOfSection":0,"mustHitSection":true,"changeBPM":false,"bpm":165},{"lengthInSteps":16,"sectionNotes":[],"typeOfSection":0,"mustHitSection":false,"changeBPM":false,"bpm":165},{"lengthInSteps":16,"sectionNotes":[],"typeOfSection":0,"mustHitSection":true,"changeBPM":false,"bpm":165},{"lengthInSteps":16,"sectionNotes":[],"typeOfSection":0,"mustHitSection":false,"changeBPM":false,"bpm":165},{"lengthInSteps":16,"sectionNotes":[],"typeOfSection":0,"mustHitSection":true,"changeBPM":false,"bpm":165},{"lengthInSteps":16,"sectionNotes":[],"typeOfSection":0,"mustHitSection":false,"changeBPM":false,"bpm":165},{"lengthInSteps":16,"sectionNotes":[],"typeOfSection":0,"mustHitSection":true,"changeBPM":false,"bpm":165},{"lengthInSteps":16,"sectionNotes":[],"typeOfSection":0,"mustHitSection":false,"changeBPM":false,"bpm":165},{"lengthInSteps":16,"sectionNotes":[[24000,1,0],[24125,2,0],[24250,0,0],[24375,3,125],[24625,1,0],[24625,0,0],[24750,2,0],[25000,1,125],[25250,0,125],[25500,3,125],[25750,2,125]],"typeOfSection":0,"mustHitSection":false,"changeBPM":false,"bpm":165},{"lengthInSteps":16,"sectionNotes":[[26000,0,0],[26125,3,0],[26500,1,0],[26625,2,0],[26750,3,0],[27000,1,0],[27125,2,0],[27250,0,125],[27500,3,125],[27750,2,0],[27875,3,0],[27875,0,0]],"typeOfSection":0,"mustHitSection":false,"changeBPM":false,"bpm":165},{"lengthInSteps":16,"sectionNotes":[[28125,1,0],[28250,2,0],[28500,3,0],[28625,2,125],[29125,1,0],[29250,0,0],[29375,2,0],[29500,3,0],[29625,2,0],[29875,0,0]],"typeOfSection":0,"mustHitSection":false,"changeBPM":false,"bpm":165},{"lengthInSteps":16,"sectionNotes":[[30000,3,0],[30125,1,125],[30375,0,125],[30750,2,0],[31000,1,0],[31125,0,0],[31250,2,0],[31500,3,0],[31625,1,125]],"typeOfSection":0,"mustHitSection":false,"changeBPM":false,"bpm":165},{"lengthInSteps":16,"sectionNotes":[[32000,2,125],[32250,1,0],[32375,0,0],[32500,3,0],[32625,1,0],[32750,2,0],[33000,3,0],[33250,2,0],[33375,3,0],[33500,1,125]],"typeOfSection":0,"mustHitSection":false,"changeBPM":false,"bpm":165},{"lengthInSteps":16,"sectionNotes":[[34000,2,0],[34125,1,0],[34250,0,125],[34500,3,0],[34625,1,0],[34750,2,0],[34875,0,125],[35125,1,125],[35375,2,125],[35625,3,0],[35750,2,125]],"typeOfSection":0,"mustHitSection":false,"changeBPM":false,"bpm":165},{"lengthInSteps":16,"sectionNotes":[[36250,1,0],[36375,0,0],[36500,2,0],[36625,3,0],[36750,1,0],[36875,0,0],[37000,2,0],[37125,1,0],[37250,3,0],[37375,2,0],[37500,0,0],[37625,1,125],[37875,2,125]],"typeOfSection":0,"mustHitSection":false,"changeBPM":false,"bpm":165},{"lengthInSteps":16,"sectionNotes":[[38500,3,0],[38250,0,125],[38625,1,0],[38750,2,125],[39000,0,0],[39125,2,0],[39250,3,0],[39375,0,0],[39500,1,0],[39625,2,125]],"typeOfSection":0,"mustHitSection":false,"changeBPM":false,"bpm":165},{"lengthInSteps":16,"sectionNotes":[[40250,1,125],[40500,2,125],[41000,2,125],[41250,3,125],[40750,0,125],[41750,1,125]],"typeOfSection":0,"mustHitSection":false,"changeBPM":false,"bpm":165},{"lengthInSteps":16,"sectionNotes":[[42000,2,125],[42250,0,125],[42500,2,125],[42750,1,125],[43500,3,0],[43250,2,0],[43750,1,0]],"typeOfSection":0,"mustHitSection":false,"changeBPM":false,"bpm":165},{"lengthInSteps":16,"sectionNotes":[[44000,2,0],[44250,0,0],[44375,1,125],[44875,1,0],[44625,3,125],[45000,0,0],[45250,2,0],[45375,1,125],[45625,3,0],[45875,1,0]],"typeOfSection":0,"mustHitSection":false,"changeBPM":false,"bpm":165},{"lengthInSteps":16,"sectionNotes":[[46000,2,125],[46250,0,125],[46625,3,0],[46875,1,0],[47000,2,0],[47250,0,500]],"typeOfSection":0,"mustHitSection":false,"changeBPM":false,"bpm":165},{"lengthInSteps":16,"sectionNotes":[[49250,3,125],[49250,0,125],[49000,2,0],[48750,0,0],[48500,2,0],[48250,1,0],[49750,1,0]],"typeOfSection":0,"mustHitSection":true,"changeBPM":false,"bpm":165},{"lengthInSteps":16,"sectionNotes":[[51500,3,0],[51250,2,0],[51750,1,0],[50000,2,0],[50250,0,0],[50500,2,0],[50750,0,125],[50750,3,125]],"typeOfSection":0,"mustHitSection":true,"changeBPM":false,"bpm":165},{"lengthInSteps":16,"sectionNotes":[[52000,2,0],[52250,0,0],[52375,1,125],[52875,1,0],[52625,3,125],[53000,0,0],[53625,3,0],[53875,1,0],[53250,3,0],[53375,1,0]],"typeOfSection":0,"mustHitSection":true,"changeBPM":false,"bpm":165},{"lengthInSteps":16,"sectionNotes":[[54000,2,125],[54625,3,0],[54875,1,0],[55000,2,0],[54250,0,0],[54375,0,0],[55250,0,125]],"typeOfSection":0,"mustHitSection":true,"changeBPM":false,"bpm":165},{"lengthInSteps":16,"sectionNotes":[[56250,2,250],[56250,6,250],[56750,1,250],[56750,5,250],[57250,4,250],[57250,0,250],[57750,2,0],[57750,6,0]],"typeOfSection":0,"mustHitSection":false,"changeBPM":false,"bpm":165},{"lengthInSteps":16,"sectionNotes":[[58000,2,125],[58000,6,125],[58250,1,0],[58250,5,0],[58500,0,0],[58500,4,0],[58750,3,0],[58750,7,0],[59000,2,750],[59000,6,750]],"typeOfSection":0,"mustHitSection":true,"changeBPM":false,"bpm":165},{"lengthInSteps":16,"sectionNotes":[[60000,1,125],[60000,5,125],[60250,6,250],[60250,2,250],[60750,0,250],[60750,4,250],[61250,7,250],[61250,3,250],[61750,1,0],[61750,5,0]],"typeOfSection":0,"mustHitSection":false,"changeBPM":false,"bpm":165},{"lengthInSteps":16,"sectionNotes":[[62000,6,0],[62000,2,0],[62250,0,0],[62250,4,0],[62500,3,0],[62500,7,0],[62750,1,0],[62750,5,0],[63000,0,625],[63000,4,625]],"typeOfSection":0,"mustHitSection":true,"changeBPM":false,"bpm":165},{"lengthInSteps":16,"sectionNotes":[[64250,2,250],[64250,6,250],[64750,1,250],[64750,5,250],[65250,4,250],[65250,0,250],[65750,2,0],[65750,6,0]],"typeOfSection":0,"mustHitSection":false,"changeBPM":false,"bpm":165},{"lengthInSteps":16,"sectionNotes":[[66000,2,125],[66000,6,125],[66250,1,0],[66250,5,0],[66500,0,0],[66500,4,0],[66750,3,0],[66750,7,0],[67000,2,750],[67000,6,750]],"typeOfSection":0,"mustHitSection":true,"changeBPM":false,"bpm":165},{"lengthInSteps":16,"sectionNotes":[[68000,1,125],[68000,5,125],[68250,6,250],[68250,2,250],[68750,0,250],[68750,4,250],[69250,7,250],[69250,3,250],[69750,1,250],[69750,5,250]],"typeOfSection":0,"mustHitSection":false,"changeBPM":false,"bpm":165},{"lengthInSteps":16,"sectionNotes":[[70250,0,875],[70250,7,875]],"typeOfSection":0,"mustHitSection":true,"changeBPM":false,"bpm":165},{"lengthInSteps":16,"sectionNotes":[[72000,0,0],[72125,3,0],[72250,2,125],[72625,3,125],[73000,1,125],[73250,2,125],[73625,3,0],[73250,0,125],[73625,1,0]],"typeOfSection":0,"mustHitSection":false,"changeBPM":false,"bpm":165},{"lengthInSteps":16,"sectionNotes":[[74000,0,0],[74125,3,0],[74250,2,125],[74625,3,125],[75000,1,125],[75250,2,125],[75625,3,0],[75250,0,125],[75625,1,0]],"typeOfSection":0,"mustHitSection":true,"changeBPM":false,"bpm":165},{"lengthInSteps":16,"sectionNotes":[[76000,3,0],[76125,0,0],[76250,1,125],[76625,0,125],[76875,2,125],[77250,3,125],[77250,0,125],[77625,1,125],[77875,0,0]],"typeOfSection":0,"mustHitSection":false,"changeBPM":false,"bpm":165},{"lengthInSteps":16,"sectionNotes":[[78000,6,0],[78000,2,0],[78250,3,125],[78250,7,125],[78625,1,0],[78625,5,0],[78875,0,0],[78875,4,0],[79000,2,0],[79000,6,0],[79250,3,500],[79250,4,500]],"typeOfSection":0,"mustHitSection":true,"changeBPM":false,"bpm":165},{"lengthInSteps":16,"sectionNotes":[[80000,0,0],[80125,3,0],[80250,2,125],[80625,3,125],[81000,2,125],[81250,1,125],[81250,3,125],[81625,1,0],[81625,0,0]],"typeOfSection":0,"mustHitSection":false,"changeBPM":false,"bpm":165},{"lengthInSteps":16,"sectionNotes":[[82000,0,0],[82125,3,0],[82250,2,125],[82625,3,125],[83250,2,125],[83625,1,0],[83000,1,125],[83250,3,125],[83625,0,0]],"typeOfSection":0,"mustHitSection":true,"changeBPM":false,"bpm":165},{"lengthInSteps":16,"sectionNotes":[[84000,3,0],[84125,0,0],[84250,1,125],[84625,0,125],[84875,2,125],[85250,3,125],[85250,0,125],[85625,1,125],[85875,0,0]],"typeOfSection":0,"mustHitSection":false,"changeBPM":false,"bpm":165},{"lengthInSteps":16,"sectionNotes":[[86250,3,125],[86250,7,125],[86625,1,0],[86625,5,0],[86875,0,0],[86875,4,0],[87000,2,0],[87000,6,0],[87250,3,500],[87250,4,500],[86000,6,0]],"typeOfSection":0,"mustHitSection":true,"changeBPM":false,"bpm":165},{"lengthInSteps":16,"sectionNotes":[],"typeOfSection":0,"mustHitSection":true,"changeBPM":false,"bpm":165},{"lengthInSteps":16,"sectionNotes":[],"typeOfSection":0,"mustHitSection":false,"changeBPM":false,"bpm":165},{"lengthInSteps":16,"sectionNotes":[],"typeOfSection":0,"mustHitSection":true,"changeBPM":false,"bpm":165},{"lengthInSteps":16,"sectionNotes":[],"typeOfSection":0,"mustHitSection":false,"changeBPM":false,"bpm":165},{"lengthInSteps":16,"sectionNotes":[],"typeOfSection":0,"mustHitSection":true,"changeBPM":false,"bpm":165},{"lengthInSteps":16,"sectionNotes":[],"typeOfSection":0,"mustHitSection":true,"changeBPM":false,"bpm":165},{"lengthInSteps":16,"sectionNotes":[],"typeOfSection":0,"mustHitSection":false,"changeBPM":false,"bpm":165},{"lengthInSteps":16,"sectionNotes":[],"typeOfSection":0,"mustHitSection":true,"changeBPM":false,"bpm":165},{"lengthInSteps":16,"sectionNotes":[[104000,1,0],[104125,2,0],[104250,0,0],[104375,1,0],[104500,3,0],[104625,2,0],[104750,1,125],[105000,0,0],[105125,3,0],[105250,1,125],[105500,0,0],[105625,2,0],[105750,3,0],[105875,0,0]],"typeOfSection":0,"mustHitSection":false,"changeBPM":false,"bpm":165},{"lengthInSteps":16,"sectionNotes":[[106000,2,0],[106125,1,125],[106500,0,0],[106625,3,0],[107000,3,0],[107125,1,0],[106750,1,125],[107250,0,0],[107500,3,0],[107625,2,125],[107875,0,125]],"typeOfSection":0,"mustHitSection":false,"changeBPM":false,"bpm":165},{"lengthInSteps":16,"sectionNotes":[[108125,1,0],[108250,2,125],[108500,1,0],[108625,3,125],[109125,1,125],[109500,0,0],[109625,3,125],[109875,1,0]],"typeOfSection":0,"mustHitSection":false,"changeBPM":false,"bpm":165},{"lengthInSteps":16,"sectionNotes":[[110375,0,0],[110250,1,0],[110125,2,0],[110750,3,0],[110875,2,0],[111125,1,0],[111250,0,0],[111375,2,0],[111500,1,0],[111625,3,125]],"typeOfSection":0,"mustHitSection":false,"changeBPM":false,"bpm":165},{"lengthInSteps":16,"sectionNotes":[[112000,1,0],[112125,0,0],[112250,2,0],[112375,1,125],[112625,0,0],[112750,2,0],[113250,0,125],[113250,3,125],[113625,2,125],[113625,0,125],[113250,7,125],[113625,6,125]],"typeOfSection":0,"mustHitSection":false,"changeBPM":false,"bpm":165},{"lengthInSteps":16,"sectionNotes":[[114000,1,0],[114125,2,0],[114250,1,125],[114625,0,0],[114750,2,0],[115625,3,125],[115250,0,125],[115250,3,125],[115625,2,125],[115625,7,125],[115250,4,125]],"typeOfSection":0,"mustHitSection":false,"changeBPM":false,"bpm":165},{"lengthInSteps":16,"sectionNotes":[[116250,1,0],[116375,2,0],[116500,1,0],[116625,0,0],[116750,2,0],[116875,3,0],[117000,1,125],[117250,2,0],[117375,0,0],[117500,1,0],[117625,3,125],[117875,0,125]],"typeOfSection":0,"mustHitSection":false,"changeBPM":false,"bpm":165},{"lengthInSteps":16,"sectionNotes":[[118250,1,0],[118375,2,125],[118625,0,0],[118750,3,125],[119000,1,0],[119125,2,0],[119250,3,0],[119375,2,0],[119500,0,0],[119625,1,0],[119750,2,0],[119875,3,125]],"typeOfSection":0,"mustHitSection":false,"changeBPM":false,"bpm":165},{"lengthInSteps":16,"sectionNotes":[[121250,3,125],[121250,0,125],[121000,2,0],[120750,0,0],[120500,2,0],[120250,1,0],[121750,1,0]],"typeOfSection":0,"mustHitSection":true,"changeBPM":false,"bpm":165},{"lengthInSteps":16,"sectionNotes":[[123500,3,0],[123250,2,0],[123750,1,0],[122000,2,0],[122250,0,0],[122500,2,0],[122750,0,125],[122750,3,125]],"typeOfSection":0,"mustHitSection":true,"changeBPM":false,"bpm":165},{"lengthInSteps":16,"sectionNotes":[[124000,2,0],[124250,0,0],[124375,1,125],[124875,1,0],[124625,3,125],[125000,0,0],[125625,3,0],[125875,1,0],[125250,3,0],[125375,1,0]],"typeOfSection":0,"mustHitSection":true,"changeBPM":false,"bpm":165},{"lengthInSteps":16,"sectionNotes":[[126000,2,125],[126625,3,0],[126875,1,0],[127000,2,0],[126250,0,0],[126375,0,0],[127250,0,125]],"typeOfSection":0,"mustHitSection":true,"changeBPM":false,"bpm":165},{"lengthInSteps":16,"sectionNotes":[[128250,1,125],[128500,2,125],[129000,2,125],[129250,3,125],[128750,0,125],[129750,1,125]],"typeOfSection":0,"mustHitSection":false,"changeBPM":false,"bpm":165},{"lengthInSteps":16,"sectionNotes":[[130000,2,125],[130250,0,125],[130500,2,125],[130750,1,125],[131500,3,0],[131250,2,0],[131750,1,0]],"typeOfSection":0,"mustHitSection":false,"changeBPM":false,"bpm":165},{"lengthInSteps":16,"sectionNotes":[[132000,2,0],[132250,0,0],[132375,1,125],[132875,1,0],[132625,3,125],[133000,0,0],[133250,2,0],[133375,1,125],[133625,3,0],[133875,1,0]],"typeOfSection":0,"mustHitSection":false,"changeBPM":false,"bpm":165},{"lengthInSteps":16,"sectionNotes":[[134000,2,125],[134250,0,125],[134625,3,0],[134875,1,0],[135000,2,0],[135250,0,500]],"typeOfSection":0,"mustHitSection":false,"changeBPM":false,"bpm":165},{"lengthInSteps":16,"sectionNotes":[[136250,6,250],[136750,5,250],[137750,6,0],[137250,4,250]],"typeOfSection":0,"mustHitSection":true,"changeBPM":false,"bpm":165},{"lengthInSteps":16,"sectionNotes":[[138000,2,125],[138250,1,0],[138500,0,0],[138750,3,0],[139000,2,750]],"typeOfSection":0,"mustHitSection":false,"changeBPM":false,"bpm":165},{"lengthInSteps":16,"sectionNotes":[[140250,2,250],[141250,3,250],[140000,1,125],[140750,0,250],[141750,1,0]],"typeOfSection":0,"mustHitSection":true,"changeBPM":false,"bpm":165},{"lengthInSteps":16,"sectionNotes":[[142000,2,0],[142250,0,0],[142500,3,0],[142750,1,0],[143000,0,625]],"typeOfSection":0,"mustHitSection":true,"changeBPM":false,"bpm":165},{"lengthInSteps":16,"sectionNotes":[[144250,2,250],[144250,6,250],[144750,1,250],[144750,5,250],[145250,4,250],[145250,0,250],[145750,2,0],[145750,6,0]],"typeOfSection":0,"mustHitSection":false,"changeBPM":false,"bpm":165},{"lengthInSteps":16,"typeOfSection":0,"sectionNotes":[[146000,2,125],[146000,6,125],[146250,1,0],[146250,5,0],[146500,0,0],[146500,4,0],[146750,3,0],[146750,7,0],[147000,2,750],[147000,6,750]],"altAnimNum":0,"altAnim":false,"bpm":165,"changeBPM":false,"mustHitSection":true},{"altAnimNum":0,"sectionNotes":[[148000,1,125],[148000,5,125],[148250,6,250],[148250,2,250],[148750,0,250],[148750,4,250],[149250,7,250],[149250,3,250],[149750,1,250],[149750,5,250]],"typeOfSection":0,"lengthInSteps":16,"altAnim":false,"mustHitSection":false,"changeBPM":false,"bpm":120},{"altAnimNum":0,"sectionNotes":[[150250,0,875],[150250,7,875]],"typeOfSection":0,"lengthInSteps":16,"altAnim":false,"mustHitSection":true,"changeBPM":false,"bpm":120},{"altAnimNum":0,"sectionNotes":[[152250,1,250],[152750,0,250],[153250,3,250],[153750,2,250]],"typeOfSection":0,"lengthInSteps":16,"altAnim":false,"mustHitSection":false,"changeBPM":false,"bpm":120},{"altAnimNum":0,"sectionNotes":[[154250,0,250],[154750,1,250],[155250,3,250],[155750,2,250]],"typeOfSection":0,"lengthInSteps":16,"altAnim":false,"mustHitSection":false,"changeBPM":false,"bpm":120},{"altAnimNum":0,"sectionNotes":[[156250,1,250],[156750,0,250],[157250,3,250],[157750,2,250]],"typeOfSection":0,"lengthInSteps":16,"altAnim":false,"mustHitSection":true,"changeBPM":false,"bpm":120},{"altAnimNum":0,"sectionNotes":[[158250,0,250],[158750,1,250],[159250,3,250],[159750,2,250]],"typeOfSection":0,"lengthInSteps":16,"altAnim":false,"mustHitSection":true,"changeBPM":false,"bpm":120},{"altAnimNum":0,"sectionNotes":[[160250,1,250],[160750,0,250],[161250,3,250],[161750,2,250]],"typeOfSection":0,"lengthInSteps":16,"altAnim":false,"mustHitSection":false,"changeBPM":false,"bpm":120},{"altAnimNum":0,"sectionNotes":[[162250,0,250],[162750,1,250],[163250,3,250],[163750,2,250]],"typeOfSection":0,"lengthInSteps":16,"altAnim":false,"mustHitSection":false,"changeBPM":false,"bpm":120},{"altAnimNum":0,"sectionNotes":[[164250,1,250],[164750,0,250],[165250,3,250],[165750,2,250]],"typeOfSection":0,"lengthInSteps":16,"altAnim":false,"mustHitSection":true,"changeBPM":false,"bpm":120},{"altAnimNum":0,"sectionNotes":[[166250,0,250],[166750,1,250],[167250,3,250],[167750,2,250]],"typeOfSection":0,"lengthInSteps":16,"altAnim":false,"mustHitSection":true,"changeBPM":false,"bpm":120},{"altAnimNum":0,"sectionNotes":[[168250,1,250],[168750,0,250],[169250,3,250],[169750,2,250]],"typeOfSection":0,"lengthInSteps":16,"altAnim":false,"mustHitSection":false,"changeBPM":false,"bpm":120},{"altAnimNum":0,"sectionNotes":[[170250,0,250],[170750,1,250],[171250,3,250],[171750,2,250]],"typeOfSection":0,"lengthInSteps":16,"altAnim":false,"mustHitSection":false,"changeBPM":false,"bpm":120},{"altAnimNum":0,"sectionNotes":[[172250,1,250],[172750,0,250],[173250,3,250],[173750,2,250]],"typeOfSection":0,"lengthInSteps":16,"altAnim":false,"mustHitSection":true,"changeBPM":false,"bpm":120},{"altAnimNum":0,"sectionNotes":[[174250,0,250],[174750,1,250],[175250,3,250],[175750,2,250]],"typeOfSection":0,"lengthInSteps":16,"altAnim":false,"mustHitSection":true,"changeBPM":false,"bpm":120},{"altAnimNum":0,"sectionNotes":[[176250,5,250],[176750,4,250],[177250,7,250],[177750,6,250],[176250,1,250],[176750,0,250],[177250,3,250],[177750,2,250]],"typeOfSection":0,"lengthInSteps":16,"altAnim":false,"mustHitSection":false,"changeBPM":false,"bpm":120},{"altAnimNum":0,"sectionNotes":[[178250,4,250],[178750,5,250],[179250,7,250],[179750,6,250],[178250,0,250],[178750,1,250],[179250,3,250],[179750,2,250]],"typeOfSection":0,"lengthInSteps":16,"altAnim":false,"mustHitSection":true,"changeBPM":false,"bpm":120},{"altAnimNum":0,"sectionNotes":[[180250,1,250],[180750,0,250],[181250,3,250],[181750,2,250],[180250,5,250],[180750,4,250],[181250,7,250],[181750,6,250]],"typeOfSection":0,"lengthInSteps":16,"altAnim":false,"mustHitSection":false,"changeBPM":false,"bpm":120},{"altAnimNum":0,"sectionNotes":[[182250,4,250],[182750,5,250],[183250,7,250],[183750,6,250],[182250,0,250],[182750,1,250],[183250,3,250],[183750,2,250]],"typeOfSection":0,"lengthInSteps":16,"altAnim":false,"mustHitSection":true,"changeBPM":false,"bpm":120},{"altAnimNum":0,"sectionNotes":[[184625,1,0],[184375,0,0],[184750,3,0],[184875,2,0],[184940.625,0,0],[185000,1,0],[185303.125,3,0],[185375,2,0],[185431.25,0,0],[185500,1,0],[185568.75,3,0],[185750,2,0],[185250,1,0],[185187.5,2,0],[185221.875,0,0],[185156.25,3,0],[185125,1,0],[185096.875,0,0],[185059.375,2,0],[185025,3,0]],"typeOfSection":0,"lengthInSteps":16,"altAnim":false,"mustHitSection":false,"changeBPM":false,"bpm":120},{"altAnimNum":0,"sectionNotes":[[186250,1,125],[186500,2,125],[187000,2,125],[187250,3,125],[186750,0,125],[187750,1,125],[186000,0,0]],"typeOfSection":0,"lengthInSteps":16,"altAnim":false,"mustHitSection":false,"changeBPM":false,"bpm":120},{"altAnimNum":0,"sectionNotes":[[188000,2,125],[188250,0,125],[188500,2,125],[188750,1,125],[189500,3,0],[189250,2,0],[189750,1,0]],"typeOfSection":0,"lengthInSteps":16,"altAnim":false,"mustHitSection":false,"changeBPM":false,"bpm":120},{"altAnimNum":0,"sectionNotes":[[190000,2,0],[190250,0,0],[190375,1,125],[190875,1,0],[190625,3,125],[191000,0,0],[191250,2,0],[191375,1,125],[191625,3,0],[191875,1,0]],"typeOfSection":0,"lengthInSteps":16,"altAnim":false,"mustHitSection":false,"changeBPM":false,"bpm":120},{"altAnimNum":0,"sectionNotes":[[192000,2,125],[192250,0,125],[192625,3,0],[192875,1,0],[193000,2,0],[193250,0,500]],"typeOfSection":0,"lengthInSteps":16,"altAnim":false,"mustHitSection":false,"changeBPM":false,"bpm":120},{"altAnimNum":0,"sectionNotes":[[195250,3,125],[195250,0,125],[195000,2,0],[194750,0,0],[194500,2,0],[194250,1,0],[195750,1,0]],"typeOfSection":0,"lengthInSteps":16,"altAnim":false,"mustHitSection":true,"changeBPM":false,"bpm":120},{"altAnimNum":0,"sectionNotes":[[197500,3,0],[197250,2,0],[197750,1,0],[196000,2,0],[196250,0,0],[196500,2,0],[196750,0,125],[196750,3,125]],"typeOfSection":0,"lengthInSteps":16,"altAnim":false,"mustHitSection":true,"changeBPM":false,"bpm":120},{"altAnimNum":0,"sectionNotes":[[198000,2,0],[198250,0,0],[198375,1,125],[198875,1,0],[198625,3,125],[199000,0,0],[199625,3,0],[199875,1,0],[199250,3,0],[199375,1,0]],"typeOfSection":0,"lengthInSteps":16,"altAnim":false,"mustHitSection":true,"changeBPM":false,"bpm":120},{"altAnimNum":0,"sectionNotes":[[200000,2,125],[200625,3,0],[200875,1,0],[201000,2,0],[200250,0,0],[200375,0,0],[201250,0,125]],"typeOfSection":0,"lengthInSteps":16,"altAnim":false,"mustHitSection":true,"changeBPM":false,"bpm":120},{"altAnimNum":0,"sectionNotes":[[202250,2,250],[202250,6,250],[202750,1,250],[202750,5,250],[203250,4,250],[203250,0,250],[203750,2,0],[203750,6,0]],"typeOfSection":0,"lengthInSteps":16,"altAnim":false,"mustHitSection":false,"changeBPM":false,"bpm":120},{"altAnimNum":0,"sectionNotes":[[204000,2,125],[204000,6,125],[204250,1,0],[204250,5,0],[204500,0,0],[204500,4,0],[204750,3,0],[204750,7,0],[205000,2,750],[205000,6,750]],"typeOfSection":0,"lengthInSteps":16,"altAnim":false,"mustHitSection":true,"changeBPM":false,"bpm":120},{"altAnimNum":0,"sectionNotes":[[206000,1,125],[206000,5,125],[206250,6,250],[206250,2,250],[206750,0,250],[206750,4,250],[207250,7,250],[207250,3,250],[207750,1,0],[207750,5,0]],"typeOfSection":0,"lengthInSteps":16,"altAnim":false,"mustHitSection":false,"changeBPM":false,"bpm":120},{"altAnimNum":0,"sectionNotes":[[208000,6,0],[208000,2,0],[208250,0,0],[208250,4,0],[208500,3,0],[208500,7,0],[208750,1,0],[208750,5,0],[209000,0,625],[209000,4,625]],"typeOfSection":0,"lengthInSteps":16,"altAnim":false,"mustHitSection":true,"changeBPM":false,"bpm":120},{"altAnimNum":0,"sectionNotes":[[210250,2,250],[210250,6,250],[210750,1,250],[210750,5,250],[211250,4,250],[211250,0,250],[211750,2,0],[211750,6,0]],"typeOfSection":0,"lengthInSteps":16,"altAnim":false,"mustHitSection":false,"changeBPM":false,"bpm":120},{"altAnimNum":0,"sectionNotes":[[212000,2,125],[212000,6,125],[212250,1,0],[212250,5,0],[212500,0,0],[212500,4,0],[212750,3,0],[212750,7,0],[213000,2,750],[213000,6,750]],"typeOfSection":0,"lengthInSteps":16,"altAnim":false,"mustHitSection":true,"changeBPM":false,"bpm":120},{"altAnimNum":0,"sectionNotes":[[214000,1,125],[214000,5,125],[214250,6,250],[214250,2,250],[214750,0,250],[214750,4,250],[215250,7,250],[215250,3,250],[215750,1,250],[215750,5,250]],"typeOfSection":0,"lengthInSteps":16,"altAnim":false,"mustHitSection":false,"changeBPM":false,"bpm":120},{"altAnimNum":0,"sectionNotes":[[216250,0,875],[216250,7,875]],"typeOfSection":0,"lengthInSteps":16,"altAnim":false,"mustHitSection":true,"changeBPM":false,"bpm":120},{"altAnimNum":0,"sectionNotes":[],"typeOfSection":0,"lengthInSteps":16,"altAnim":false,"mustHitSection":false,"changeBPM":false,"bpm":120},{"altAnimNum":0,"sectionNotes":[],"typeOfSection":0,"lengthInSteps":16,"altAnim":false,"mustHitSection":true,"changeBPM":false,"bpm":120},{"altAnimNum":0,"sectionNotes":[],"typeOfSection":0,"lengthInSteps":16,"altAnim":false,"mustHitSection":false,"changeBPM":false,"bpm":120},{"altAnimNum":0,"sectionNotes":[],"typeOfSection":0,"lengthInSteps":16,"altAnim":false,"mustHitSection":true,"changeBPM":false,"bpm":120},{"altAnimNum":0,"sectionNotes":[],"typeOfSection":0,"lengthInSteps":16,"altAnim":false,"mustHitSection":false,"changeBPM":false,"bpm":120},{"altAnimNum":0,"sectionNotes":[],"typeOfSection":0,"lengthInSteps":16,"altAnim":false,"mustHitSection":true,"changeBPM":false,"bpm":120},{"altAnimNum":0,"sectionNotes":[],"typeOfSection":0,"lengthInSteps":16,"altAnim":false,"mustHitSection":false,"changeBPM":false,"bpm":120},{"altAnimNum":0,"sectionNotes":[],"typeOfSection":0,"lengthInSteps":16,"altAnim":false,"mustHitSection":true,"changeBPM":false,"bpm":120},{"altAnimNum":0,"sectionNotes":[[234000,0,0],[234125,3,0],[234250,2,125],[234625,3,125],[235000,1,125],[235250,2,125],[235625,3,0],[235250,0,125],[235625,1,0]],"typeOfSection":0,"lengthInSteps":16,"altAnim":false,"mustHitSection":false,"changeBPM":false,"bpm":120},{"altAnimNum":0,"sectionNotes":[[236000,0,0],[236125,3,0],[236250,2,125],[236625,3,125],[237000,1,125],[237250,2,125],[237625,3,0],[237250,0,125],[237625,1,0]],"typeOfSection":0,"lengthInSteps":16,"altAnim":false,"mustHitSection":true,"changeBPM":false,"bpm":120},{"altAnimNum":0,"sectionNotes":[[238000,3,0],[238125,0,0],[238250,1,125],[238625,0,125],[238875,2,125],[239250,3,125],[239250,0,125],[239625,1,125],[239875,0,0]],"typeOfSection":0,"lengthInSteps":16,"altAnim":false,"mustHitSection":false,"changeBPM":false,"bpm":120},{"altAnimNum":0,"sectionNotes":[[240000,2,0],[241250,3,500],[240250,3,125],[240625,1,0],[240875,0,0],[241000,2,0]],"typeOfSection":0,"lengthInSteps":16,"altAnim":false,"mustHitSection":false,"changeBPM":false,"bpm":120},{"altAnimNum":0,"sectionNotes":[[242000,0,0],[242125,3,0],[242250,2,125],[242625,3,125],[243000,2,125],[243250,1,125],[243250,3,125],[243625,1,0],[243625,0,0]],"typeOfSection":0,"lengthInSteps":16,"altAnim":false,"mustHitSection":false,"changeBPM":false,"bpm":120},{"altAnimNum":0,"sectionNotes":[[244000,0,0],[244125,3,0],[244250,2,125],[244625,3,125],[245250,2,125],[245625,1,0],[245000,1,125],[245250,3,125],[245625,0,0]],"typeOfSection":0,"lengthInSteps":16,"altAnim":false,"mustHitSection":true,"changeBPM":false,"bpm":120},{"altAnimNum":0,"sectionNotes":[[246000,7,0],[246125,4,0],[246250,5,125],[246625,4,125],[246875,6,125],[247250,7,125],[247250,4,125],[247625,5,125],[247875,4,0],[246000,3,0],[246125,0,0],[246250,1,125],[246625,0,125],[246875,2,125],[247250,3,125],[247250,0,125],[247625,1,125],[247875,0,0]],"typeOfSection":0,"lengthInSteps":16,"altAnim":false,"mustHitSection":true,"changeBPM":false,"bpm":120},{"altAnimNum":0,"sectionNotes":[[248250,3,125],[248250,7,125],[248625,1,0],[248625,5,0],[248875,0,0],[248875,4,0],[249000,2,0],[249000,6,0],[249250,3,500],[249250,4,500],[248000,6,0],[248000,2,0]],"typeOfSection":0,"lengthInSteps":16,"altAnim":false,"mustHitSection":true,"changeBPM":false,"bpm":120},{"altAnimNum":0,"sectionNotes":[],"typeOfSection":0,"lengthInSteps":16,"altAnim":false,"mustHitSection":true,"changeBPM":false,"bpm":120},{"altAnimNum":0,"sectionNotes":[],"typeOfSection":0,"lengthInSteps":16,"altAnim":false,"mustHitSection":true,"changeBPM":false,"bpm":120},{"lengthInSteps":16,"altAnim":false,"typeOfSection":0,"sectionNotes":[],"bpm":120,"changeBPM":false,"mustHitSection":true}],"player2":"kana","isHey":false,"cutsceneType":"none","isSpooky":false,"song":"boyfriends-circulation","validScore":true,"speed":2.3,"isMoody":false,"sectionLengths":[],"uiType":"normal","stage":"stage","sections":0,"needsVoices":true,"gf":"gf","bpm":120}}