{"song":{"player1":"bf","sectionLengths":[],"notes":[{"lengthInSteps":16,"sectionNotes":[],"typeOfSection":0,"altAnim":false,"mustHitSection":false,"changeBPM":false,"bpm":95},{"lengthInSteps":16,"sectionNotes":[],"typeOfSection":0,"altAnim":false,"mustHitSection":false,"changeBPM":false,"bpm":100},{"lengthInSteps":16,"sectionNotes":[],"typeOfSection":0,"mustHitSection":true,"changeBPM":false,"bpm":100},{"lengthInSteps":16,"sectionNotes":[],"typeOfSection":0,"mustHitSection":true,"changeBPM":false,"bpm":100},{"lengthInSteps":16,"sectionNotes":[[6000,2,0],[6375,1,0],[6750,2,0],[7125,3,0]],"typeOfSection":0,"mustHitSection":false,"changeBPM":false,"bpm":100},{"lengthInSteps":16,"sectionNotes":[],"typeOfSection":0,"mustHitSection":false,"changeBPM":false,"bpm":100},{"lengthInSteps":16,"sectionNotes":[[9000,2,0],[9375,1,0],[9750,2,0],[10125,3,0]],"typeOfSection":0,"mustHitSection":true,"changeBPM":false,"bpm":100},{"lengthInSteps":16,"sectionNotes":[],"typeOfSection":0,"altAnim":false,"mustHitSection":true,"changeBPM":false,"bpm":100},{"lengthInSteps":16,"sectionNotes":[[12000,2,0],[12375,1,0],[12750,2,0],[13125,3,0]],"typeOfSection":0,"altAnim":false,"mustHitSection":false,"changeBPM":false,"bpm":100},{"lengthInSteps":16,"sectionNotes":[[13500,3,0],[13687,0,0],[13875,1,0],[14062,1,0],[14250,0,0],[14437,3,0],[14588.25,1,0],[14812.5,2,0]],"typeOfSection":0,"altAnim":false,"mustHitSection":false,"changeBPM":false,"bpm":100},{"lengthInSteps":16,"sectionNotes":[[15000,2,0],[15375,1,0],[15750,2,0],[16125,3,0]],"typeOfSection":0,"altAnim":false,"mustHitSection":true,"changeBPM":false,"bpm":100},{"lengthInSteps":16,"sectionNotes":[[16500,3,0],[16687.5,0,0],[16875,1,0],[17062.5,1,0],[17250,0,0],[17437.5,3,0],[17646.09375,1,0],[17833.59375,2,0]],"typeOfSection":0,"altAnim":false,"mustHitSection":true,"changeBPM":false,"bpm":100},{"lengthInSteps":16,"sectionNotes":[[18000,2,0],[18375,1,0],[18750,2,0],[19125,3,0]],"typeOfSection":0,"mustHitSection":false,"changeBPM":false,"bpm":100},{"lengthInSteps":16,"sectionNotes":[[19500,3,0],[19687,0,0],[19875,1,0],[20062,1,0],[20250,0,0],[20470.3125,1,0],[20608.59375,0,0],[20821.875,2,0]],"typeOfSection":0,"mustHitSection":false,"changeBPM":false,"bpm":100},{"lengthInSteps":16,"sectionNotes":[[21000,2,0],[21375,1,0],[21750,2,0],[22125,3,0]],"typeOfSection":0,"mustHitSection":true,"changeBPM":false,"bpm":100},{"lengthInSteps":16,"sectionNotes":[[22500,3,0],[22687.5,0,0],[22875,1,0],[23062.5,1,0],[23250,0,0],[23437.5,3,0],[23615.625,1,0],[23793.75,2,0]],"typeOfSection":0,"mustHitSection":true,"changeBPM":false,"bpm":100},{"lengthInSteps":16,"sectionNotes":[[24000,2,0],[24375,1,0],[24750,2,0],[25125,3,0]],"typeOfSection":0,"mustHitSection":false,"changeBPM":false,"bpm":100},{"lengthInSteps":16,"sectionNotes":[[25500,3,0],[25687.5,3,0],[25875,0,0],[26062.5,0,0],[26250,1,0],[26437.5,2,0],[26812.5,2,0],[26625,1,0]],"typeOfSection":0,"mustHitSection":false,"changeBPM":false,"bpm":100},{"lengthInSteps":16,"sectionNotes":[[27000,2,0],[27375,1,0],[27750,2,0],[28125,3,0]],"typeOfSection":0,"mustHitSection":true,"changeBPM":false,"bpm":100},{"lengthInSteps":16,"sectionNotes":[[28500,3,0],[28687.5,3,0],[28875,0,0],[29062.5,0,0],[29250,1,0],[29437.5,2,0],[29625,1,0],[29805.46875,2,0]],"typeOfSection":0,"mustHitSection":true,"changeBPM":false,"bpm":100},{"lengthInSteps":16,"sectionNotes":[[30000,2,0],[30750,2,0],[31125,3,0],[30375,3,0],[30468.75,2,0],[30562.5,1,0],[31218.75,1,0],[31312.5,0,0]],"typeOfSection":0,"mustHitSection":false,"changeBPM":false,"bpm":100},{"lengthInSteps":16,"sectionNotes":[[32296,0,0],[32484,1,0],[32671,2,0],[32859,3,0],[31968,3,0],[32156,2,0],[31687,2,0],[31781,2,0],[31500,0,0]],"typeOfSection":0,"mustHitSection":false,"changeBPM":false,"bpm":100},{"lengthInSteps":16,"sectionNotes":[[33000,2,0],[33375,3,0],[33750,2,0],[34125,3,0],[33468.75,2,0],[33562.5,1,0],[34218.75,1,0],[34312.5,0,0]],"typeOfSection":0,"mustHitSection":true,"changeBPM":false,"bpm":100},{"lengthInSteps":16,"sectionNotes":[[34500,0,0],[35296,0,0],[35484,1,0],[34687,2,0],[34781,2,0],[34968,3,0],[35156,2,0],[35615,3,0],[35708,2,0],[35802,3,0],[35906.25,0,0]],"typeOfSection":0,"mustHitSection":true,"changeBPM":false,"bpm":100},{"lengthInSteps":16,"sectionNotes":[[37125,1,0],[37312,2,0],[36562,0,0],[36375,0,0],[36187.5,3,0],[36937.5,3,0],[36000,2,0],[36750,2,0]],"typeOfSection":0,"altAnim":false,"mustHitSection":false,"changeBPM":false,"bpm":100},{"lengthInSteps":16,"sectionNotes":[[37687,1,0],[37875,0,0],[38156,0,0],[38812.5,3,0],[38062.5,3,0],[38437.5,0,0],[38531.25,3,0],[38625,1,0],[37500,3,0],[38250,2,0]],"typeOfSection":0,"altAnim":false,"mustHitSection":false,"changeBPM":false,"bpm":100},{"lengthInSteps":16,"sectionNotes":[[39375,1,0],[39562.5,1,0],[39750,0,0],[39937.5,3,0],[40125,2,0],[40312.5,3,0],[39187.5,0,0],[39000,3,0]],"typeOfSection":0,"altAnim":false,"mustHitSection":false,"changeBPM":false,"bpm":100},{"lengthInSteps":16,"sectionNotes":[[40500,0,0],[40687.5,1,0],[40875,3,0],[41062.5,0,0],[41250,2,0],[41437.5,3,0],[41625,0,0],[41812.5,2,0],[41906.25,2,0]],"typeOfSection":0,"altAnim":false,"mustHitSection":false,"changeBPM":false,"bpm":100},{"lengthInSteps":16,"sectionNotes":[[42000,2,281.25],[42393.75,0,0],[42578.90625,0,0],[42771.09375,2,234.375],[43143.75,1,0],[43333.59375,2,0]],"typeOfSection":0,"mustHitSection":true,"changeBPM":false,"bpm":100},{"lengthInSteps":16,"sectionNotes":[[43500,3,0],[43701.5625,2,0],[43886.71875,3,0],[44062.5,0,0],[44250,1,0],[44437.5,0,0],[44641.40625,2,281.25]],"typeOfSection":0,"mustHitSection":true,"changeBPM":false,"bpm":100},{"lengthInSteps":16,"sectionNotes":[[45000,3,281.25],[45391.40625,1,0],[45581.25,2,0],[45771.09375,0,234.375],[46143.75,0,234.375]],"typeOfSection":0,"mustHitSection":true,"changeBPM":false,"bpm":100},{"lengthInSteps":16,"sectionNotes":[[46514.0625,2,0],[46703.90625,1,0],[46875,3,234.375],[47259.375,3,0],[47449.21875,2,0],[47634.375,0,281.25]],"typeOfSection":0,"mustHitSection":true,"changeBPM":false,"bpm":100},{"lengthInSteps":16,"sectionNotes":[[48375,2,0],[48468.75,0,0],[48562.5,1,0],[49218.75,2,0],[49312.5,1,0],[49125,0,0],[48000,2,0],[48750,2,0],[48937.5,3,0],[48187.5,3,0]],"typeOfSection":0,"mustHitSection":false,"changeBPM":false,"bpm":100},{"lengthInSteps":16,"sectionNotes":[[49500,2,0],[49593.75,1,0],[49687.5,0,0],[50156.25,1,0],[50250,0,0],[50343.75,3,0],[50437.5,2,0],[50531.25,3,0],[50625,0,0],[50718.75,1,0],[50812.5,2,0],[50906.25,2,0],[49875,1,0]],"typeOfSection":0,"mustHitSection":false,"changeBPM":false,"bpm":100},{"lengthInSteps":16,"sectionNotes":[[51375,0,0],[52312.5,2,0],[51562.5,0,0],[51187.5,0,0],[52125,2,0],[51007.03125,3,0]],"typeOfSection":0,"mustHitSection":false,"changeBPM":false,"bpm":100},{"lengthInSteps":16,"sectionNotes":[[52500,3,0],[52687.5,3,0],[52875,0,234.375],[53250,3,0],[53343.75,2,0],[53437.5,0,0],[53625,3,0],[53718.75,1,0],[53812.5,0,0],[53531.25,2,0],[53906.25,1,0]],"typeOfSection":0,"mustHitSection":false,"changeBPM":false,"bpm":100},{"lengthInSteps":16,"sectionNotes":[[54375,2,0],[54468.75,0,0],[54562.5,1,0],[54000,2,234.375],[54750,2,234.375],[55125,0,0],[55218.75,2,0],[55312.5,1,0]],"typeOfSection":0,"altAnim":false,"mustHitSection":true,"changeBPM":false,"bpm":100},{"lengthInSteps":16,"sectionNotes":[[55500,2,0],[55593.75,1,0],[55687.5,0,0],[56156.25,1,0],[56250,0,0],[56531.25,3,0],[56625,0,0],[56718.75,1,0],[56812.5,2,0],[56906.25,2,0],[56343.75,3,0],[55875,1,0]],"typeOfSection":0,"altAnim":false,"mustHitSection":true,"changeBPM":false,"bpm":100},{"lengthInSteps":16,"sectionNotes":[[58312.5,2,0],[58125,2,0],[57000,3,0],[57187.5,0,0],[57375,0,0],[57562.5,0,0]],"typeOfSection":0,"mustHitSection":true,"changeBPM":false,"bpm":100},{"lengthInSteps":16,"sectionNotes":[[59250,3,0],[59343.75,2,0],[59437.5,0,0],[59531.25,2,0],[59625,3,0],[59718.75,1,0],[59812.5,0,0],[59906.25,1,0],[58500,3,0],[58687.5,3,0],[58875,0,234.375]],"typeOfSection":0,"mustHitSection":true,"changeBPM":false,"bpm":100},{"lengthInSteps":16,"sectionNotes":[[60000,2,0],[60562.5,0,0],[60375,0,0],[60187.5,3,0],[60750,3,0],[60937.5,0,0],[61125,1,0],[61312.5,3,0]],"typeOfSection":0,"altAnim":false,"mustHitSection":false,"changeBPM":false,"bpm":100},{"lengthInSteps":16,"sectionNotes":[[61500,2,0],[61687.5,3,0],[61875,0,0],[62156.25,3,0],[62250,0,0],[61781.25,1,0],[62062.5,1,0],[62437.5,3,0],[62625,1,0],[62718.75,1,0],[62812.5,2,0],[62906.25,2,0]],"typeOfSection":0,"altAnim":false,"mustHitSection":false,"changeBPM":false,"bpm":100},{"lengthInSteps":16,"sectionNotes":[[63000,2,0],[63187.5,3,0],[63375,0,0],[63562.5,0,0],[63750,2,0],[63937.5,3,0],[64125,0,0],[64125,0,0],[64218.75,0,0],[64312.5,3,0],[64406.25,3,0]],"typeOfSection":0,"mustHitSection":false,"changeBPM":false,"bpm":100},{"lengthInSteps":16,"sectionNotes":[[64500,2,0],[64687.5,3,0],[64875,0,0],[65062.5,0,0],[65250,3,0],[65437.5,2,0],[65625,1,0],[65812.5,3,0]],"typeOfSection":0,"mustHitSection":false,"changeBPM":false,"bpm":100},{"lengthInSteps":16,"sectionNotes":[[66000,2,0],[66187.5,0,0],[66750,2,240],[66386.71875,3,0],[66576.5625,1,0],[67141.40625,3,0],[67321.875,1,0]],"typeOfSection":0,"mustHitSection":true,"changeBPM":false,"bpm":100},{"lengthInSteps":16,"sectionNotes":[[67500,0,0],[68156.25,0,0],[68437.5,0,0],[68625,2,0],[68718.75,1,0],[68812.5,2,0],[68906.25,1,0],[67875,3,0],[67968.75,2,0],[67781.25,2,0],[68062.5,1,0],[67687.5,1,0],[68250,2,0]],"typeOfSection":0,"mustHitSection":true,"changeBPM":false,"bpm":100},{"lengthInSteps":16,"sectionNotes":[[69000,3,0],[69187.5,2,0],[69375,0,0],[69562.5,3,0],[69750,2,0],[69937.5,3,0],[70125,2,0],[70218.75,3,0],[70312.5,1,0],[70406.25,3,0]],"typeOfSection":0,"mustHitSection":true,"changeBPM":false,"bpm":100},{"lengthInSteps":16,"sectionNotes":[[70687.5,2,0],[70500,0,0],[70884.375,1,0],[71261.71875,1,0],[71071.875,0,0],[71449.21875,2,0],[71639.0625,3,0],[71831.25,0,0]],"typeOfSection":0,"mustHitSection":true,"changeBPM":false,"bpm":100},{"lengthInSteps":16,"sectionNotes":[[72000,3,0],[72187.5,2,0],[72375,0,0],[72562.5,0,0],[72750,2,0],[72937.5,0,0],[73125,1,0],[73312.5,2,0]],"typeOfSection":0,"mustHitSection":false,"changeBPM":false,"bpm":100},{"lengthInSteps":16,"sectionNotes":[[73500,3,0],[73687.5,0,0],[74156.25,1,0],[73781.25,0,0],[73875,3,0],[73968.75,0,0],[74062.5,3,0],[74250,2,0],[74437.5,3,0],[74625,0,0],[74718.75,1,0],[74812.5,2,0],[74906.25,2,0]],"typeOfSection":0,"altAnim":false,"mustHitSection":false,"changeBPM":false,"bpm":100},{"lengthInSteps":16,"sectionNotes":[[75000,3,0],[75187.5,0,0],[75375,1,0],[75468.75,3,0],[75562.5,1,0],[75656.25,3,0],[75750,2,0],[75937.5,3,0],[76125,0,0],[76312.5,2,0]],"typeOfSection":0,"altAnim":false,"mustHitSection":false,"changeBPM":false,"bpm":100},{"lengthInSteps":16,"sectionNotes":[[76500,2,0],[76687.5,0,0],[76875,1,0],[77062.5,1,0],[77250,2,0],[77437.5,3,0],[77625,1,0],[77718.75,1,0],[77812.5,2,0],[77906.25,2,0]],"typeOfSection":0,"altAnim":false,"mustHitSection":false,"changeBPM":false,"bpm":100},{"lengthInSteps":16,"sectionNotes":[[78000,0,0],[78187.5,3,0],[78375,1,0],[78562.5,3,0],[78750,0,0],[79125,2,0],[78942.1875,1,0],[79324.21875,3,0]],"typeOfSection":0,"altAnim":false,"mustHitSection":true,"changeBPM":false,"bpm":100},{"sectionNotes":[[79500,0,0],[80437.5,1,0],[80625,2,0],[80718.75,3,0],[80906.25,3,0],[80812.5,0,0],[80250,2,0],[79687.5,1,0],[79781.25,0,0],[79875,1,0],[79968.75,3,0],[80062.5,1,0],[80156.25,0,0]],"typeOfSection":0,"lengthInSteps":16,"altAnim":false,"mustHitSection":true,"changeBPM":false,"bpm":100},{"sectionNotes":[[81000,1,0],[81187.5,2,0],[81375,0,0],[81562.5,0,0],[81468.75,3,0],[81656.25,3,0],[82211.71875,1,0],[82019.53125,0,0],[82399.21875,3,0],[81825,2,0]],"typeOfSection":0,"lengthInSteps":16,"altAnim":false,"mustHitSection":true,"changeBPM":false,"bpm":100},{"sectionNotes":[[82500,2,0],[82687,2,0],[82875,1,0],[83062,3,0],[83250,1,0],[83437,0,0],[83812,2,0],[83906,0,0],[83625,2,0],[83718,0,0]],"typeOfSection":0,"lengthInSteps":16,"altAnim":false,"mustHitSection":true,"changeBPM":false,"bpm":100},{"sectionNotes":[[84000,2,0],[84187.5,3,0],[84375,0,0],[84562.5,0,0],[84750,2,0],[84937.5,3,0],[85125,1,0],[85312.5,2,0]],"typeOfSection":0,"lengthInSteps":16,"altAnim":false,"mustHitSection":false,"changeBPM":false,"bpm":160},{"sectionNotes":[[85500,3,0],[85687.5,1,0],[85875,0,0],[86062.5,3,0],[86156.25,0,0],[86250,2,0],[86437.5,0,0],[86531.25,3,0],[86625,1,0],[86812.5,3,0]],"typeOfSection":0,"lengthInSteps":16,"altAnim":false,"mustHitSection":false,"changeBPM":false,"bpm":160},{"sectionNotes":[[87386,0,0],[87576,0,0],[87764,2,281],[88139,1,0],[88324,2,0],[87000,2,281.25]],"typeOfSection":0,"lengthInSteps":16,"altAnim":false,"mustHitSection":true,"changeBPM":false,"bpm":160},{"sectionNotes":[[88500,3,0],[89062,0,0],[89250,1,0],[89437,0,0],[88696,2,0],[88886,3,0],[89639,2,281]],"typeOfSection":0,"lengthInSteps":16,"altAnim":false,"mustHitSection":true,"changeBPM":false,"bpm":160},{"sectionNotes":[[90000,2,0],[90187.5,3,0],[90375,0,0],[90562.5,0,0],[90750,2,0],[90937.5,3,0],[91125,1,0],[91312.5,2,0]],"typeOfSection":0,"lengthInSteps":16,"altAnim":false,"mustHitSection":false,"changeBPM":false,"bpm":160},{"sectionNotes":[[91500,3,0],[91687.5,1,0],[91875,0,0],[92062.5,3,0],[92156.25,0,0],[92250,1,0],[92437.5,0,0],[92531.25,3,0],[92625,2,0],[92812.5,3,0]],"typeOfSection":0,"lengthInSteps":16,"altAnim":false,"mustHitSection":false,"changeBPM":false,"bpm":160},{"sectionNotes":[[93386.71875,1,0],[93576.5625,2,0],[93000,3,281.25],[93761.71875,0,281.25],[94139.0625,0,281.25]],"typeOfSection":0,"lengthInSteps":16,"altAnim":false,"mustHitSection":true,"changeBPM":false,"bpm":160},{"sectionNotes":[[94514.0625,2,0],[94701.5625,1,0],[95268.75,3,0],[95449.21875,2,0],[95639.0625,0,281.25],[94893.75,3,234.375]],"typeOfSection":0,"lengthInSteps":16,"altAnim":false,"mustHitSection":true,"changeBPM":false,"bpm":160},{"sectionNotes":[[96000,2,0],[96187.5,3,0],[96375,0,0],[96562.5,0,0],[96750,2,0],[96937.5,3,0],[97125,1,0],[97312.5,2,0]],"typeOfSection":0,"lengthInSteps":16,"altAnim":false,"mustHitSection":false,"changeBPM":false,"bpm":160},{"sectionNotes":[[97500,2,0],[97687.5,3,0],[97875,1,0],[98062.5,1,0],[98250,3,0],[98437.5,1,0],[98625,0,0],[98812.5,2,0]],"typeOfSection":0,"lengthInSteps":16,"altAnim":false,"mustHitSection":false,"changeBPM":false,"bpm":160},{"sectionNotes":[[99562.5,1,0],[99016.40625,0,281.25],[99393.75,3,0],[100312.5,1,0],[99761.71875,2,270],[100139.0625,2,0]],"typeOfSection":0,"lengthInSteps":16,"altAnim":false,"mustHitSection":true,"changeBPM":false,"bpm":160},{"sectionNotes":[[100500,2,0],[100875,2,0],[101250,2,0],[101625,2,0],[101812.5,0,0],[100687.5,3,0],[101062.5,1,0],[101437.5,3,0]],"typeOfSection":0,"lengthInSteps":16,"altAnim":false,"mustHitSection":true,"changeBPM":false,"bpm":160},{"sectionNotes":[[102000,2,0],[102187.5,3,0],[102375,0,0],[102562.5,0,0],[102750,2,0],[102937.5,3,0],[103125,1,0],[103312.5,2,0]],"typeOfSection":0,"lengthInSteps":16,"altAnim":false,"mustHitSection":false,"changeBPM":false,"bpm":160},{"sectionNotes":[[103500,0,281.25],[103893.75,3,0],[104071.875,1,0],[104259.375,2,281.25],[104634.375,2,0],[104824.21875,1,0]],"typeOfSection":0,"lengthInSteps":16,"altAnim":false,"mustHitSection":true,"changeBPM":false,"bpm":160},{"sectionNotes":[[105000,3,0],[105187.5,1,0],[105375,0,0],[105562.5,0,0],[105750,2,0],[105937.5,3,0],[106134.375,6,281.25]],"typeOfSection":0,"lengthInSteps":16,"altAnim":false,"mustHitSection":false,"changeBPM":false,"bpm":160},{"sectionNotes":[[106694.53125,1,0],[106511.71875,3,0],[106875,2,281.25],[107250,1,0],[107437.5,3,0],[107625,0,0],[107812.5,1,0]],"typeOfSection":0,"lengthInSteps":16,"altAnim":false,"mustHitSection":true,"changeBPM":false,"bpm":160},{"sectionNotes":[[108000,2,281.25]],"typeOfSection":0,"lengthInSteps":16,"altAnim":false,"mustHitSection":true,"changeBPM":false,"bpm":160},{"sectionNotes":[],"typeOfSection":0,"lengthInSteps":16,"altAnim":false,"mustHitSection":true,"changeBPM":false,"bpm":160},{"sectionNotes":[],"typeOfSection":0,"lengthInSteps":16,"altAnim":false,"mustHitSection":true,"changeBPM":false,"bpm":160},{"sectionNotes":[],"typeOfSection":0,"lengthInSteps":16,"altAnim":false,"mustHitSection":true,"changeBPM":false,"bpm":160},{"sectionNotes":[],"typeOfSection":0,"lengthInSteps":16,"altAnim":false,"mustHitSection":true,"changeBPM":false,"bpm":160},{"sectionNotes":[],"typeOfSection":0,"lengthInSteps":16,"altAnim":false,"mustHitSection":true,"changeBPM":false,"bpm":160},{"sectionNotes":[],"typeOfSection":0,"lengthInSteps":16,"altAnim":false,"mustHitSection":true,"changeBPM":false,"bpm":160},{"sectionNotes":[],"typeOfSection":0,"lengthInSteps":16,"altAnim":false,"mustHitSection":true,"changeBPM":false,"bpm":160},{"sectionNotes":[],"typeOfSection":0,"lengthInSteps":16,"altAnim":false,"mustHitSection":true,"changeBPM":false,"bpm":160},{"sectionNotes":[],"typeOfSection":0,"lengthInSteps":16,"altAnim":false,"mustHitSection":true,"changeBPM":false,"bpm":160},{"sectionNotes":[],"typeOfSection":0,"lengthInSteps":16,"altAnim":false,"mustHitSection":true,"changeBPM":false,"bpm":160},{"lengthInSteps":16,"typeOfSection":0,"sectionNotes":[],"altAnim":false,"bpm":160,"changeBPM":false,"mustHitSection":true},{"sectionNotes":[],"typeOfSection":0,"lengthInSteps":16,"altAnim":false,"mustHitSection":true,"changeBPM":false,"bpm":160},{"sectionNotes":[],"typeOfSection":0,"lengthInSteps":16,"altAnim":false,"mustHitSection":true,"changeBPM":false,"bpm":160},{"lengthInSteps":16,"typeOfSection":0,"sectionNotes":[],"altAnim":false,"bpm":160,"changeBPM":false,"mustHitSection":true},{"lengthInSteps":16,"typeOfSection":0,"sectionNotes":[],"altAnim":false,"bpm":160,"changeBPM":false,"mustHitSection":true},{"sectionNotes":[],"typeOfSection":0,"lengthInSteps":16,"altAnim":false,"mustHitSection":true,"changeBPM":false,"bpm":160},{"lengthInSteps":16,"typeOfSection":0,"sectionNotes":[],"altAnim":false,"bpm":160,"changeBPM":false,"mustHitSection":true},{"lengthInSteps":16,"typeOfSection":0,"sectionNotes":[],"altAnim":false,"bpm":160,"changeBPM":false,"mustHitSection":true},{"sectionNotes":[],"typeOfSection":0,"lengthInSteps":16,"altAnim":false,"mustHitSection":true,"changeBPM":false,"bpm":160},{"sectionNotes":[],"typeOfSection":0,"lengthInSteps":16,"altAnim":false,"mustHitSection":true,"changeBPM":false,"bpm":160},{"lengthInSteps":16,"typeOfSection":0,"sectionNotes":[],"altAnim":false,"bpm":160,"changeBPM":false,"mustHitSection":true},{"lengthInSteps":16,"typeOfSection":0,"sectionNotes":[],"altAnim":false,"bpm":160,"changeBPM":false,"mustHitSection":true},{"lengthInSteps":16,"typeOfSection":0,"sectionNotes":[],"altAnim":false,"bpm":160,"changeBPM":false,"mustHitSection":true},{"lengthInSteps":16,"typeOfSection":0,"sectionNotes":[],"altAnim":false,"bpm":160,"changeBPM":false,"mustHitSection":true},{"lengthInSteps":16,"typeOfSection":0,"sectionNotes":[],"altAnim":false,"bpm":160,"changeBPM":false,"mustHitSection":true},{"lengthInSteps":16,"typeOfSection":0,"sectionNotes":[],"altAnim":false,"bpm":160,"changeBPM":false,"mustHitSection":true},{"lengthInSteps":16,"typeOfSection":0,"sectionNotes":[],"altAnim":false,"bpm":160,"changeBPM":false,"mustHitSection":true},{"sectionNotes":[],"typeOfSection":0,"lengthInSteps":16,"altAnim":false,"mustHitSection":true,"changeBPM":false,"bpm":160},{"sectionNotes":[],"typeOfSection":0,"lengthInSteps":16,"altAnim":false,"mustHitSection":true,"changeBPM":false,"bpm":160},{"sectionNotes":[],"typeOfSection":0,"lengthInSteps":16,"altAnim":false,"mustHitSection":true,"changeBPM":false,"bpm":160},{"sectionNotes":[],"typeOfSection":0,"lengthInSteps":16,"altAnim":false,"mustHitSection":true,"changeBPM":false,"bpm":160},{"sectionNotes":[],"typeOfSection":0,"lengthInSteps":16,"altAnim":false,"mustHitSection":true,"changeBPM":false,"bpm":160},{"lengthInSteps":16,"typeOfSection":0,"sectionNotes":[],"altAnim":false,"bpm":160,"changeBPM":false,"mustHitSection":true},{"lengthInSteps":16,"typeOfSection":0,"sectionNotes":[],"altAnim":false,"bpm":160,"changeBPM":false,"mustHitSection":true},{"lengthInSteps":16,"typeOfSection":0,"sectionNotes":[],"altAnim":false,"bpm":160,"changeBPM":false,"mustHitSection":true},{"sectionNotes":[],"typeOfSection":0,"lengthInSteps":16,"altAnim":false,"mustHitSection":true,"changeBPM":false,"bpm":160},{"lengthInSteps":16,"typeOfSection":0,"sectionNotes":[],"altAnim":false,"bpm":160,"changeBPM":false,"mustHitSection":true},{"lengthInSteps":16,"typeOfSection":0,"sectionNotes":[],"altAnim":false,"bpm":160,"changeBPM":false,"mustHitSection":true},{"sectionNotes":[],"typeOfSection":0,"lengthInSteps":16,"altAnim":false,"mustHitSection":true,"changeBPM":false,"bpm":160},{"sectionNotes":[],"typeOfSection":0,"lengthInSteps":16,"altAnim":false,"mustHitSection":true,"changeBPM":false,"bpm":160},{"sectionNotes":[],"typeOfSection":0,"lengthInSteps":16,"altAnim":false,"mustHitSection":true,"changeBPM":false,"bpm":160},{"lengthInSteps":16,"typeOfSection":0,"sectionNotes":[],"altAnim":false,"bpm":160,"changeBPM":false,"mustHitSection":true},{"lengthInSteps":16,"typeOfSection":0,"sectionNotes":[],"altAnim":false,"bpm":160,"changeBPM":false,"mustHitSection":true},{"lengthInSteps":16,"typeOfSection":0,"sectionNotes":[],"altAnim":false,"bpm":160,"changeBPM":false,"mustHitSection":true},{"lengthInSteps":16,"typeOfSection":0,"sectionNotes":[],"altAnim":false,"bpm":160,"changeBPM":false,"mustHitSection":true},{"sectionNotes":[],"typeOfSection":0,"lengthInSteps":16,"altAnim":false,"mustHitSection":true,"changeBPM":false,"bpm":160},{"sectionNotes":[],"typeOfSection":0,"lengthInSteps":16,"altAnim":false,"mustHitSection":true,"changeBPM":false,"bpm":160},{"lengthInSteps":16,"typeOfSection":0,"sectionNotes":[],"altAnim":false,"bpm":160,"changeBPM":false,"mustHitSection":true},{"lengthInSteps":16,"typeOfSection":0,"sectionNotes":[],"altAnim":false,"bpm":160,"changeBPM":false,"mustHitSection":true},{"lengthInSteps":16,"typeOfSection":0,"sectionNotes":[],"altAnim":false,"bpm":160,"changeBPM":false,"mustHitSection":true},{"lengthInSteps":16,"typeOfSection":0,"sectionNotes":[],"altAnim":false,"bpm":160,"changeBPM":false,"mustHitSection":true},{"lengthInSteps":16,"typeOfSection":0,"sectionNotes":[],"altAnim":false,"bpm":160,"changeBPM":false,"mustHitSection":true},{"lengthInSteps":16,"typeOfSection":0,"sectionNotes":[],"altAnim":false,"bpm":160,"changeBPM":false,"mustHitSection":true},{"lengthInSteps":16,"typeOfSection":0,"sectionNotes":[],"altAnim":false,"bpm":160,"changeBPM":false,"mustHitSection":true},{"lengthInSteps":16,"typeOfSection":0,"sectionNotes":[],"altAnim":false,"bpm":160,"changeBPM":false,"mustHitSection":true},{"lengthInSteps":16,"typeOfSection":0,"sectionNotes":[],"altAnim":false,"bpm":160,"changeBPM":false,"mustHitSection":true},{"lengthInSteps":16,"typeOfSection":0,"sectionNotes":[],"altAnim":false,"bpm":160,"changeBPM":false,"mustHitSection":true},{"lengthInSteps":16,"typeOfSection":0,"sectionNotes":[],"altAnim":false,"bpm":160,"changeBPM":false,"mustHitSection":true},{"lengthInSteps":16,"typeOfSection":0,"sectionNotes":[],"altAnim":false,"bpm":160,"changeBPM":false,"mustHitSection":true},{"lengthInSteps":16,"typeOfSection":0,"sectionNotes":[],"altAnim":false,"bpm":160,"changeBPM":false,"mustHitSection":true},{"lengthInSteps":16,"typeOfSection":0,"sectionNotes":[],"altAnim":false,"bpm":160,"changeBPM":false,"mustHitSection":true},{"lengthInSteps":16,"typeOfSection":0,"sectionNotes":[],"altAnim":false,"bpm":160,"changeBPM":false,"mustHitSection":true},{"lengthInSteps":16,"typeOfSection":0,"sectionNotes":[],"altAnim":false,"bpm":160,"changeBPM":false,"mustHitSection":true},{"lengthInSteps":16,"typeOfSection":0,"sectionNotes":[],"altAnim":false,"bpm":160,"changeBPM":false,"mustHitSection":true},{"sectionNotes":[],"typeOfSection":0,"lengthInSteps":16,"altAnim":false,"mustHitSection":true,"changeBPM":false,"bpm":160},{"sectionNotes":[],"typeOfSection":0,"lengthInSteps":16,"altAnim":false,"mustHitSection":true,"changeBPM":false,"bpm":160},{"sectionNotes":[],"typeOfSection":0,"lengthInSteps":16,"altAnim":false,"mustHitSection":true,"changeBPM":false,"bpm":160},{"sectionNotes":[],"typeOfSection":0,"lengthInSteps":16,"altAnim":false,"mustHitSection":true,"changeBPM":false,"bpm":160},{"sectionNotes":[],"typeOfSection":0,"lengthInSteps":16,"altAnim":false,"mustHitSection":true,"changeBPM":false,"bpm":160},{"sectionNotes":[],"typeOfSection":0,"lengthInSteps":16,"altAnim":false,"mustHitSection":true,"changeBPM":false,"bpm":160},{"sectionNotes":[],"typeOfSection":0,"lengthInSteps":16,"altAnim":false,"mustHitSection":true,"changeBPM":false,"bpm":160},{"sectionNotes":[],"typeOfSection":0,"lengthInSteps":16,"altAnim":false,"mustHitSection":true,"changeBPM":false,"bpm":160},{"sectionNotes":[],"typeOfSection":0,"lengthInSteps":16,"altAnim":false,"mustHitSection":true,"changeBPM":false,"bpm":160},{"sectionNotes":[],"typeOfSection":0,"lengthInSteps":16,"altAnim":false,"mustHitSection":true,"changeBPM":false,"bpm":160},{"sectionNotes":[],"typeOfSection":0,"lengthInSteps":16,"altAnim":false,"mustHitSection":true,"changeBPM":false,"bpm":160},{"sectionNotes":[],"typeOfSection":0,"lengthInSteps":16,"altAnim":false,"mustHitSection":true,"changeBPM":false,"bpm":160},{"sectionNotes":[],"typeOfSection":0,"lengthInSteps":16,"altAnim":false,"mustHitSection":true,"changeBPM":false,"bpm":160},{"sectionNotes":[],"typeOfSection":0,"lengthInSteps":16,"altAnim":false,"mustHitSection":true,"changeBPM":false,"bpm":160},{"sectionNotes":[],"typeOfSection":0,"lengthInSteps":16,"altAnim":false,"mustHitSection":true,"changeBPM":false,"bpm":160},{"sectionNotes":[],"typeOfSection":0,"lengthInSteps":16,"altAnim":false,"mustHitSection":true,"changeBPM":false,"bpm":160},{"lengthInSteps":16,"typeOfSection":0,"sectionNotes":[],"altAnim":false,"bpm":160,"changeBPM":false,"mustHitSection":true},{"lengthInSteps":16,"typeOfSection":0,"sectionNotes":[],"altAnim":false,"bpm":160,"changeBPM":false,"mustHitSection":true},{"lengthInSteps":16,"typeOfSection":0,"sectionNotes":[],"altAnim":false,"bpm":160,"changeBPM":false,"mustHitSection":true},{"lengthInSteps":16,"typeOfSection":0,"sectionNotes":[],"altAnim":false,"bpm":160,"changeBPM":false,"mustHitSection":true},{"lengthInSteps":16,"typeOfSection":0,"sectionNotes":[],"altAnim":false,"bpm":160,"changeBPM":false,"mustHitSection":true},{"lengthInSteps":16,"typeOfSection":0,"sectionNotes":[],"altAnim":false,"bpm":160,"changeBPM":false,"mustHitSection":true},{"sectionNotes":[],"typeOfSection":0,"lengthInSteps":16,"altAnim":false,"mustHitSection":true,"changeBPM":false,"bpm":160},{"sectionNotes":[],"typeOfSection":0,"lengthInSteps":16,"altAnim":false,"mustHitSection":true,"changeBPM":false,"bpm":160},{"lengthInSteps":16,"typeOfSection":0,"sectionNotes":[],"altAnim":false,"bpm":160,"changeBPM":false,"mustHitSection":true},{"lengthInSteps":16,"typeOfSection":0,"sectionNotes":[],"altAnim":false,"bpm":160,"changeBPM":false,"mustHitSection":true},{"sectionNotes":[],"typeOfSection":0,"lengthInSteps":16,"altAnim":false,"mustHitSection":true,"changeBPM":false,"bpm":160},{"lengthInSteps":16,"typeOfSection":0,"sectionNotes":[],"altAnim":false,"bpm":160,"changeBPM":false,"mustHitSection":true},{"lengthInSteps":16,"typeOfSection":0,"sectionNotes":[],"altAnim":false,"bpm":160,"changeBPM":false,"mustHitSection":true},{"lengthInSteps":16,"typeOfSection":0,"sectionNotes":[],"altAnim":false,"bpm":160,"changeBPM":false,"mustHitSection":true},{"sectionNotes":[],"typeOfSection":0,"lengthInSteps":16,"altAnim":false,"mustHitSection":true,"changeBPM":false,"bpm":160},{"sectionNotes":[],"typeOfSection":0,"lengthInSteps":16,"altAnim":false,"mustHitSection":true,"changeBPM":false,"bpm":160},{"sectionNotes":[],"typeOfSection":0,"lengthInSteps":16,"altAnim":false,"mustHitSection":true,"changeBPM":false,"bpm":160},{"sectionNotes":[],"typeOfSection":0,"lengthInSteps":16,"altAnim":false,"mustHitSection":true,"changeBPM":false,"bpm":160},{"lengthInSteps":16,"typeOfSection":0,"sectionNotes":[],"altAnim":false,"bpm":160,"changeBPM":false,"mustHitSection":true},{"lengthInSteps":16,"typeOfSection":0,"sectionNotes":[],"altAnim":false,"bpm":160,"changeBPM":false,"mustHitSection":true},{"lengthInSteps":16,"typeOfSection":0,"sectionNotes":[],"altAnim":false,"bpm":160,"changeBPM":false,"mustHitSection":true},{"lengthInSteps":16,"typeOfSection":0,"sectionNotes":[],"altAnim":false,"bpm":160,"changeBPM":false,"mustHitSection":true},{"sectionNotes":[],"typeOfSection":0,"lengthInSteps":16,"altAnim":false,"mustHitSection":true,"changeBPM":false,"bpm":160},{"sectionNotes":[],"typeOfSection":0,"lengthInSteps":16,"altAnim":false,"mustHitSection":true,"changeBPM":false,"bpm":160},{"lengthInSteps":16,"typeOfSection":0,"sectionNotes":[],"altAnim":false,"bpm":160,"changeBPM":false,"mustHitSection":true},{"sectionNotes":[],"typeOfSection":0,"lengthInSteps":16,"altAnim":false,"mustHitSection":true,"changeBPM":false,"bpm":160},{"sectionNotes":[],"typeOfSection":0,"lengthInSteps":16,"altAnim":false,"mustHitSection":true,"changeBPM":false,"bpm":160},{"lengthInSteps":16,"typeOfSection":0,"sectionNotes":[],"altAnim":false,"bpm":160,"changeBPM":false,"mustHitSection":true},{"lengthInSteps":16,"typeOfSection":0,"sectionNotes":[],"altAnim":false,"bpm":160,"changeBPM":false,"mustHitSection":true},{"lengthInSteps":16,"typeOfSection":0,"sectionNotes":[],"altAnim":false,"bpm":160,"changeBPM":false,"mustHitSection":true},{"lengthInSteps":16,"typeOfSection":0,"sectionNotes":[],"altAnim":false,"bpm":160,"changeBPM":false,"mustHitSection":true},{"lengthInSteps":16,"typeOfSection":0,"sectionNotes":[],"altAnim":false,"bpm":160,"changeBPM":false,"mustHitSection":true},{"sectionNotes":[],"typeOfSection":0,"lengthInSteps":16,"altAnim":false,"mustHitSection":true,"changeBPM":false,"bpm":160},{"lengthInSteps":16,"altAnim":false,"typeOfSection":0,"sectionNotes":[],"bpm":160,"changeBPM":false,"mustHitSection":true},{"lengthInSteps":16,"altAnim":false,"typeOfSection":0,"sectionNotes":[],"bpm":160,"changeBPM":false,"mustHitSection":true}],"player2":"tabi","song":"My-Battle","validScore":true,"sections":0,"needsVoices":true,"bpm":160,"speed":2.3}}