{"song":{"song":"Tutorial","notes":[{"mustHitSection":true,"typeOfSection":0,"lengthInSteps":16,"sectionNotes":[]},{"mustHitSection":true,"typeOfSection":0,"lengthInSteps":16,"sectionNotes":[]},{"mustHitSection":true,"typeOfSection":0,"lengthInSteps":16,"sectionNotes":[]},{"mustHitSection":true,"typeOfSection":0,"lengthInSteps":16,"sectionNotes":[]},{"mustHitSection":false,"typeOfSection":0,"lengthInSteps":16,"sectionNotes":[[9600,0,0],[10800,3,0]]},{"mustHitSection":false,"typeOfSection":0,"lengthInSteps":16,"sectionNotes":[[12000,0,0],[13200,3,0]]},{"mustHitSection":true,"typeOfSection":0,"lengthInSteps":16,"sectionNotes":[[14400,0,0],[15600,3,0]]},{"mustHitSection":true,"typeOfSection":0,"lengthInSteps":16,"sectionNotes":[[16800,0,0],[18000,3,0]]},{"mustHitSection":false,"typeOfSection":0,"lengthInSteps":16,"sectionNotes":[[19200,2,0],[20400,1,0]]},{"mustHitSection":false,"typeOfSection":0,"lengthInSteps":16,"sectionNotes":[[21600,2,0],[22800,1,0]]},{"mustHitSection":true,"typeOfSection":0,"lengthInSteps":16,"sectionNotes":[[24000,2,0],[25200,1,0]]},{"mustHitSection":true,"typeOfSection":0,"lengthInSteps":16,"sectionNotes":[[26400,2,0],[27600,1,0]]},{"mustHitSection":false,"typeOfSection":0,"lengthInSteps":16,"sectionNotes":[[28800,0,0],[30000,2,0]]},{"mustHitSection":false,"typeOfSection":0,"lengthInSteps":16,"sectionNotes":[[31200,1,0],[32400,3,0]]},{"mustHitSection":true,"typeOfSection":0,"lengthInSteps":16,"sectionNotes":[[33600,0,0],[34800,2,0]]},{"mustHitSection":true,"typeOfSection":0,"lengthInSteps":16,"sectionNotes":[[36000,1,0],[37200,3,0]]},{"mustHitSection":false,"typeOfSection":0,"lengthInSteps":16,"sectionNotes":[[38400,1,0],[39000,1,0],[39600,2,0]]},{"mustHitSection":false,"typeOfSection":0,"lengthInSteps":16,"sectionNotes":[[40800,1,0],[41400,1,0],[42000,3,0]]},{"mustHitSection":true,"typeOfSection":0,"lengthInSteps":16,"sectionNotes":[[43200,1,0],[43800,1,0],[44400,2,0]]},{"mustHitSection":true,"typeOfSection":0,"lengthInSteps":16,"sectionNotes":[[45600,1,0],[46200,1,0],[46800,3,0]]},{"mustHitSection":false,"typeOfSection":0,"lengthInSteps":16,"sectionNotes":[[48000,1,0],[48300,2,0],[48600,3,0],[48900,2,0],[49800,3,0]]},{"mustHitSection":true,"typeOfSection":0,"lengthInSteps":16,"sectionNotes":[[50400,1,0],[50700,2,0],[51000,3,0],[51300,2,0],[52200,3,0]]},{"mustHitSection":true,"typeOfSection":0,"lengthInSteps":16,"sectionNotes":[[52800,3,0],[53400,1,0],[54000,0,0],[54600,1,0]]},{"mustHitSection":true,"typeOfSection":0,"lengthInSteps":16,"sectionNotes":[[55200,2,0],[55800,3,0],[56400,0,0],[57000,2,0]]},{"mustHitSection":true,"typeOfSection":0,"lengthInSteps":16,"sectionNotes":[[57600,1,750]]},{"mustHitSection":true,"typeOfSection":0,"lengthInSteps":16,"sectionNotes":[]},{"mustHitSection":true,"typeOfSection":0,"lengthInSteps":16,"sectionNotes":[[62400,0,0],[62550,1,0],[62700,2,0],[62850,3,0],[63000,2,0],[63150,1,0],[63300,0,0],[63450,1,0],[63600,2,0],[63750,3,0],[63900,2,0],[64050,3,0],[64200,2,0],[64350,3,0],[64650,0,0],[64500,1,0]]},{"lengthInSteps":16,"bpm":100,"changeBPM":false,"mustHitSection":true,"sectionNotes":[],"typeOfSection":0},{"lengthInSteps":16,"bpm":100,"changeBPM":false,"mustHitSection":true,"sectionNotes":[],"typeOfSection":0,"altAnim":false}],"bpm":100,"sections":0,"needsVoices":false,"player1":"bf","player2":"gf","sectionLengths":[],"speed":1,"validScore":true,"mania":0}}