{"name":null,"assets":"aoy4:pathy43:assets%2Fcurse%2Fimages%2Ffire%2Fboards.pngy4:sizei251644y4:typey5:IMAGEy2:idR1y7:preloadtgoR0y47:assets%2Fcurse%2Fimages%2Ffire%2FdontReadMe.txtR2i140R3y4:TEXTR5R7R6tgoR0y51:assets%2Fcurse%2Fimages%2Ffire%2Fglowyfurniture.pngR2i269359R3R4R5R9R6tgoR0y44:assets%2Fcurse%2Fimages%2Ffire%2Fwadsaaa.pngR2i1831765R3R4R5R10R6tgoR0y51:assets%2Fcurse%2Fimages%2Ftabi%2FBOYFRIEND_TABI.pngR2i5637046R3R4R5R11R6tgoR0y51:assets%2Fcurse%2Fimages%2Ftabi%2FBOYFRIEND_TABI.xmlR2i71496R3R8R5R12R6tgoR0y44:assets%2Fcurse%2Fimages%2Ftabi%2FGF_TABI.pngR2i7712119R3R4R5R13R6tgoR0y44:assets%2Fcurse%2Fimages%2Ftabi%2FGF_TABI.xmlR2i31118R3R8R5R14R6tgoR0y57:assets%2Fcurse%2Fimages%2Ftabi%2Fmad%2FBF_Knife_death.pngR2i2567000R3R4R5R15R6tgoR0y57:assets%2Fcurse%2Fimages%2Ftabi%2Fmad%2FBF_Knife_death.xmlR2i13608R3R8R5R16R6tgoR0y54:assets%2Fcurse%2Fimages%2Ftabi%2Fmad%2FBF_post_exp.pngR2i6075824R3R4R5R17R6tgoR0y54:assets%2Fcurse%2Fimages%2Ftabi%2Fmad%2FBF_post_exp.xmlR2i71496R3R8R5R18R6tgoR0y60:assets%2Fcurse%2Fimages%2Ftabi%2Fmad%2FDestroyed_boombox.pngR2i78368R3R4R5R19R6tgoR0y60:assets%2Fcurse%2Fimages%2Ftabi%2Fmad%2FDestroyed_boombox.xmlR2i320R3R8R5R20R6tgoR0y51:assets%2Fcurse%2Fimages%2Ftabi%2Fmad%2Ffireshit.pngR2i87838R3R4R5R21R6tgoR0y50:assets%2Fcurse%2Fimages%2Ftabi%2Fmad%2FMadTabi.pngR2i3008495R3R4R5R22R6tgoR0y50:assets%2Fcurse%2Fimages%2Ftabi%2Fmad%2FMadTabi.xmlR2i3704R3R8R5R23R6tgoR0y54:assets%2Fcurse%2Fimages%2Ftabi%2Fmad%2FNOTE_assets.pngR2i763875R3R4R5R24R6tgoR0y54:assets%2Fcurse%2Fimages%2Ftabi%2Fmad%2FNOTE_assets.xmlR2i8729R3R8R5R25R6tgoR0y59:assets%2Fcurse%2Fimages%2Ftabi%2Fmad%2Foverlayingsticks.pngR2i69502R3R4R5R26R6tgoR0y59:assets%2Fcurse%2Fimages%2Ftabi%2Fmad%2FPostExpGF_Assets.pngR2i668495R3R4R5R27R6tgoR0y59:assets%2Fcurse%2Fimages%2Ftabi%2Fmad%2FPostExpGF_Assets.xmlR2i2540R3R8R5R28R6tgoR0y63:assets%2Fcurse%2Fimages%2Ftabi%2Fmad%2Fyouhavebeendestroyed.pngR2i1224357R3R4R5R29R6tgoR0y49:assets%2Fcurse%2Fimages%2Ftabi%2Fnormal_stage.pngR2i1483663R3R4R5R30R6tgoR0y45:assets%2Fcurse%2Fimages%2Ftabi%2Fsumtable.pngR2i348684R3R4R5R31R6tgoR0y41:assets%2Fcurse%2Fimages%2Ftabi%2FTABI.pngR2i2637291R3R4R5R32R6tgoR0y41:assets%2Fcurse%2Fimages%2Ftabi%2FTABI.xmlR2i10669R3R8R5R33R6tgoR0y36:assets%2Fcurse%2Ftabi_stuff_here.txtR2i9R3R8R5R34R6tgh","rootPath":"../","version":2,"libraryArgs":[],"libraryType":null}