{"name":null,"assets":"aoy4:pathy55:assets%2Fweek6%2Fimages%2Fweeb%2FanimatedEvilSchool.pngy4:sizei289191y4:typey5:IMAGEy2:idR1y7:preloadtgoR0y55:assets%2Fweek6%2Fimages%2Fweeb%2FanimatedEvilSchool.xmlR2i3887R3y4:TEXTR5R7R6tgoR0y44:assets%2Fweek6%2Fimages%2Fweeb%2FbfPixel.pngR2i34788R3R4R5R9R6tgoR0y44:assets%2Fweek6%2Fimages%2Fweeb%2FbfPixel.xmlR2i11162R3R8R5R10R6tgoR0y49:assets%2Fweek6%2Fimages%2Fweeb%2FbfPixelsDEAD.pngR2i120013R3R4R5R11R6tgoR0y49:assets%2Fweek6%2Fimages%2Fweeb%2FbfPixelsDEAD.xmlR2i9974R3R8R5R12R6tgoR0y45:assets%2Fweek6%2Fimages%2Fweeb%2FbgFreaks.pngR2i101100R3R4R5R13R6tgoR0y45:assets%2Fweek6%2Fimages%2Fweeb%2FbgFreaks.xmlR2i5211R3R8R5R14R6tgoR0y49:assets%2Fweek6%2Fimages%2Fweeb%2FevilSchoolBG.pngR2i12567R3R4R5R15R6tgoR0y49:assets%2Fweek6%2Fimages%2Fweeb%2FevilSchoolFG.pngR2i6220R3R4R5R16R6tgoR0y44:assets%2Fweek6%2Fimages%2Fweeb%2FgfPixel.pngR2i23907R3R4R5R17R6tgoR0y44:assets%2Fweek6%2Fimages%2Fweeb%2FgfPixel.xmlR2i2414R3R8R5R18R6tgoR0y43:assets%2Fweek6%2Fimages%2Fweeb%2Fpetals.pngR2i18969R3R4R5R19R6tgoR0y43:assets%2Fweek6%2Fimages%2Fweeb%2Fpetals.xmlR2i4557R3R8R5R20R6tgoR0y56:assets%2Fweek6%2Fimages%2Fweeb%2FpixelUI%2FarrowEnds.pngR2i357R3R4R5R21R6tgoR0y60:assets%2Fweek6%2Fimages%2Fweeb%2FpixelUI%2Farrows-pixels.pngR2i4806R3R4R5R22R6tgoR0y56:assets%2Fweek6%2Fimages%2Fweeb%2FpixelUI%2Fbad-pixel.pngR2i418R3R4R5R23R6tgoR0y58:assets%2Fweek6%2Fimages%2Fweeb%2FpixelUI%2Fcombo-pixel.pngR2i417R3R4R5R24R6tgoR0y57:assets%2Fweek6%2Fimages%2Fweeb%2FpixelUI%2Fdate-pixel.pngR2i1055R3R4R5R25R6tgoR0y63:assets%2Fweek6%2Fimages%2Fweeb%2FpixelUI%2FdialogueBox-evil.pngR2i1425R3R4R5R26R6tgoR0y63:assets%2Fweek6%2Fimages%2Fweeb%2FpixelUI%2FdialogueBox-evil.xmlR2i1385R3R8R5R27R6tgoR0y64:assets%2Fweek6%2Fimages%2Fweeb%2FpixelUI%2FdialogueBox-pixel.pngR2i7200R3R4R5R28R6tgoR0y64:assets%2Fweek6%2Fimages%2Fweeb%2FpixelUI%2FdialogueBox-pixel.xmlR2i680R3R8R5R29R6tgoR0y68:assets%2Fweek6%2Fimages%2Fweeb%2FpixelUI%2FdialogueBox-senpaiMad.pngR2i26689R3R4R5R30R6tgoR0y68:assets%2Fweek6%2Fimages%2Fweeb%2FpixelUI%2FdialogueBox-senpaiMad.xmlR2i1050R3R8R5R31R6tgoR0y57:assets%2Fweek6%2Fimages%2Fweeb%2FpixelUI%2Fgood-pixel.pngR2i396R3R4R5R32R6tgoR0y57:assets%2Fweek6%2Fimages%2Fweeb%2FpixelUI%2Fnum0-pixel.pngR2i189R3R4R5R33R6tgoR0y57:assets%2Fweek6%2Fimages%2Fweeb%2FpixelUI%2Fnum1-pixel.pngR2i169R3R4R5R34R6tgoR0y57:assets%2Fweek6%2Fimages%2Fweeb%2FpixelUI%2Fnum2-pixel.pngR2i220R3R4R5R35R6tgoR0y57:assets%2Fweek6%2Fimages%2Fweeb%2FpixelUI%2Fnum3-pixel.pngR2i204R3R4R5R36R6tgoR0y57:assets%2Fweek6%2Fimages%2Fweeb%2FpixelUI%2Fnum4-pixel.pngR2i181R3R4R5R37R6tgoR0y57:assets%2Fweek6%2Fimages%2Fweeb%2FpixelUI%2Fnum5-pixel.pngR2i203R3R4R5R38R6tgoR0y57:assets%2Fweek6%2Fimages%2Fweeb%2FpixelUI%2Fnum6-pixel.pngR2i214R3R4R5R39R6tgoR0y57:assets%2Fweek6%2Fimages%2Fweeb%2FpixelUI%2Fnum7-pixel.pngR2i197R3R4R5R40R6tgoR0y57:assets%2Fweek6%2Fimages%2Fweeb%2FpixelUI%2Fnum8-pixel.pngR2i187R3R4R5R41R6tgoR0y57:assets%2Fweek6%2Fimages%2Fweeb%2FpixelUI%2Fnum9-pixel.pngR2i176R3R4R5R42R6tgoR0y58:assets%2Fweek6%2Fimages%2Fweeb%2FpixelUI%2Fready-pixel.pngR2i1092R3R4R5R43R6tgoR0y56:assets%2Fweek6%2Fimages%2Fweeb%2FpixelUI%2Fset-pixel.pngR2i1068R3R4R5R44R6tgoR0y57:assets%2Fweek6%2Fimages%2Fweeb%2FpixelUI%2Fshit-pixel.pngR2i628R3R4R5R45R6tgoR0y57:assets%2Fweek6%2Fimages%2Fweeb%2FpixelUI%2Fsick-pixel.pngR2i553R3R4R5R46R6tgoR0y43:assets%2Fweek6%2Fimages%2Fweeb%2Fsenpai.pngR2i91334R3R4R5R47R6tgoR0y43:assets%2Fweek6%2Fimages%2Fweeb%2Fsenpai.xmlR2i14911R3R8R5R48R6tgoR0y48:assets%2Fweek6%2Fimages%2Fweeb%2FsenpaiCrazy.pngR2i14142R3R4R5R49R6tgoR0y48:assets%2Fweek6%2Fimages%2Fweeb%2FsenpaiCrazy.xmlR2i19805R3R8R5R50R6tgoR0y43:assets%2Fweek6%2Fimages%2Fweeb%2Fspirit.pngR2i217054R3R4R5R51R6tgoR0y43:assets%2Fweek6%2Fimages%2Fweeb%2Fspirit.txtR2i2872R3R8R5R52R6tgoR0y54:assets%2Fweek6%2Fimages%2Fweeb%2FspiritFaceForward.pngR2i2014R3R4R5R53R6tgoR0y47:assets%2Fweek6%2Fimages%2Fweeb%2FweebSchool.pngR2i4034R3R4R5R54R6tgoR0y44:assets%2Fweek6%2Fimages%2Fweeb%2FweebSky.pngR2i2714R3R4R5R55R6tgoR0y47:assets%2Fweek6%2Fimages%2Fweeb%2FweebStreet.pngR2i3885R3R4R5R56R6tgoR0y46:assets%2Fweek6%2Fimages%2Fweeb%2FweebTrees.pngR2i119590R3R4R5R57R6tgoR0y46:assets%2Fweek6%2Fimages%2Fweeb%2FweebTrees.txtR2i529R3R8R5R58R6tgoR0y50:assets%2Fweek6%2Fimages%2Fweeb%2FweebTreesBack.pngR2i1465R3R4R5R59R6tgoR2i3072000R3y5:MUSICR5y43:assets%2Fweek6%2Fmusic%2FgameOver-pixel.mp3y9:pathGroupaR61hR6tgoR2i192000R3R60R5y46:assets%2Fweek6%2Fmusic%2FgameOverEnd-pixel.mp3R62aR63hR6tgoR2i1181760R3R60R5y37:assets%2Fweek6%2Fmusic%2FLunchbox.mp3R62aR64hR6tgoR2i275451R3R60R5y42:assets%2Fweek6%2Fmusic%2FLunchboxScary.mp3R62aR65hR6tgoR0y37:assets%2Fweek6%2Fweek6_stuff_here.txtR2zR3R8R5R66R6tgh","rootPath":"../","version":2,"libraryArgs":[],"libraryType":null}