﻿<?xml version="1.0" encoding="utf-8"?>
<TextureAtlas imagePath="BF_Knife_death.png">
	<!-- Created with Adobe Animate version 21.0.0.35450 -->
	<!-- http://www.adobe.com/products/animate.html -->
	<SubTexture name="BF Dead Loop0000" x="0" y="0" width="439" height="516" pivotX="-35.7" pivotY="-917.7"/>
	<SubTexture name="BF Dead Loop0001" x="439" y="0" width="439" height="516"/>
	<SubTexture name="BF Dead Loop0002" x="439" y="0" width="439" height="516"/>
	<SubTexture name="BF Dead Loop0003" x="878" y="0" width="439" height="516"/>
	<SubTexture name="BF Dead Loop0004" x="878" y="0" width="439" height="516"/>
	<SubTexture name="BF Dead Loop0005" x="1317" y="0" width="439" height="516"/>
	<SubTexture name="BF Dead Loop0006" x="1317" y="0" width="439" height="516"/>
	<SubTexture name="BF Dead Loop0007" x="1756" y="0" width="439" height="516"/>
	<SubTexture name="BF Dead Loop0008" x="2195" y="0" width="439" height="516"/>
	<SubTexture name="BF Dead Loop0009" x="2195" y="0" width="439" height="516"/>
	<SubTexture name="BF Dead Loop0010" x="2195" y="0" width="439" height="516"/>
	<SubTexture name="BF Dead Loop0011" x="2195" y="0" width="439" height="516"/>
	<SubTexture name="BF Dead Loop0012" x="2195" y="0" width="439" height="516"/>
	<SubTexture name="BF Dead Loop0013" x="2195" y="0" width="439" height="516"/>
	<SubTexture name="BF Dead Loop0014" x="2195" y="0" width="439" height="516"/>
	<SubTexture name="BF Dead Loop0015" x="2195" y="0" width="439" height="516"/>
	<SubTexture name="BF Dead Loop0016" x="2195" y="0" width="439" height="516"/>
	<SubTexture name="BF Dead Loop0017" x="0" y="0" width="439" height="516"/>
	<SubTexture name="BF Dead Loop0018" x="439" y="0" width="439" height="516"/>
	<SubTexture name="BF Dead Loop0019" x="439" y="0" width="439" height="516"/>
	<SubTexture name="BF Dead Loop0020" x="878" y="0" width="439" height="516"/>
	<SubTexture name="BF Dead Loop0021" x="878" y="0" width="439" height="516"/>
	<SubTexture name="BF Dead Loop0022" x="1317" y="0" width="439" height="516"/>
	<SubTexture name="BF Dead Loop0023" x="1317" y="0" width="439" height="516"/>
	<SubTexture name="BF Dead Loop0024" x="2195" y="0" width="439" height="516"/>
	<SubTexture name="BF Dead Loop0025" x="2195" y="0" width="439" height="516"/>
	<SubTexture name="BF Dead Loop0026" x="2195" y="0" width="439" height="516"/>
	<SubTexture name="BF Dead Loop0027" x="2195" y="0" width="439" height="516"/>
	<SubTexture name="BF Dead Loop0028" x="2195" y="0" width="439" height="516"/>
	<SubTexture name="BF Dead Loop0029" x="2195" y="0" width="439" height="516"/>
	<SubTexture name="BF Dead Loop0030" x="1756" y="0" width="439" height="516"/>
	<SubTexture name="BF Dead Loop0031" x="2195" y="0" width="439" height="516"/>
	<SubTexture name="BF Dead Loop0032" x="2195" y="0" width="439" height="516"/>
	<SubTexture name="BF Dead Loop0033" x="2195" y="0" width="439" height="516"/>
	<SubTexture name="BF Dead confirm0000" x="2634" y="0" width="439" height="520" pivotX="-35.7" pivotY="-913.75"/>
	<SubTexture name="BF Dead confirm0001" x="3073" y="0" width="439" height="520"/>
	<SubTexture name="BF Dead confirm0002" x="3512" y="0" width="439" height="520"/>
	<SubTexture name="BF Dead confirm0003" x="3951" y="0" width="439" height="520"/>
	<SubTexture name="BF Dead confirm0004" x="4390" y="0" width="439" height="520"/>
	<SubTexture name="BF Dead confirm0005" x="4829" y="0" width="439" height="520"/>
	<SubTexture name="BF Dead confirm0006" x="5268" y="0" width="439" height="520"/>
	<SubTexture name="BF Dead confirm0007" x="5707" y="0" width="439" height="520"/>
	<SubTexture name="BF Dead confirm0008" x="6146" y="0" width="439" height="520"/>
	<SubTexture name="BF Dead confirm0009" x="6585" y="0" width="439" height="520"/>
	<SubTexture name="BF Dead confirm0010" x="7024" y="0" width="439" height="520"/>
	<SubTexture name="BF Dead confirm0011" x="7463" y="0" width="439" height="520"/>
	<SubTexture name="BF Dead confirm0012" x="0" y="520" width="439" height="520"/>
	<SubTexture name="BF Dead confirm0013" x="439" y="520" width="439" height="520"/>
	<SubTexture name="BF Dead confirm0014" x="878" y="520" width="439" height="520"/>
	<SubTexture name="BF Dead confirm0015" x="1317" y="520" width="439" height="520"/>
	<SubTexture name="BF Dead confirm0016" x="1756" y="520" width="439" height="520"/>
	<SubTexture name="BF Dead confirm0017" x="2195" y="520" width="439" height="520"/>
	<SubTexture name="BF Dead confirm0018" x="2634" y="520" width="439" height="520"/>
	<SubTexture name="BF Dead confirm0019" x="3073" y="520" width="439" height="520"/>
	<SubTexture name="BF Dead confirm0020" x="3512" y="520" width="439" height="520"/>
	<SubTexture name="BF Dead confirm0021" x="3951" y="520" width="439" height="520"/>
	<SubTexture name="BF Dead confirm0022" x="4390" y="520" width="439" height="520"/>
	<SubTexture name="BF Dead confirm0023" x="4829" y="520" width="439" height="520"/>
	<SubTexture name="BF Dead confirm0024" x="4829" y="520" width="439" height="520"/>
	<SubTexture name="BF Dead confirm0025" x="4829" y="520" width="439" height="520"/>
	<SubTexture name="BF Dead confirm0026" x="4829" y="520" width="439" height="520"/>
	<SubTexture name="BF Dead confirm0027" x="4829" y="520" width="439" height="520"/>
	<SubTexture name="BF Dead confirm0028" x="4829" y="520" width="439" height="520"/>
	<SubTexture name="BF Dead confirm0029" x="4829" y="520" width="439" height="520"/>
	<SubTexture name="BF Dead confirm0030" x="4829" y="520" width="439" height="520"/>
	<SubTexture name="BF Dead confirm0031" x="4829" y="520" width="439" height="520"/>
	<SubTexture name="BF Dead confirm0032" x="4829" y="520" width="439" height="520"/>
	<SubTexture name="BF Dead confirm0033" x="4829" y="520" width="439" height="520"/>
	<SubTexture name="BF dies0000" x="5268" y="520" width="437" height="476" pivotX="-35.7" pivotY="-912.25" frameX="-16" frameY="-19" frameWidth="453" frameHeight="525"/>
	<SubTexture name="BF dies0001" x="5705" y="520" width="439" height="467" frameX="0" frameY="-31" frameWidth="453" frameHeight="525"/>
	<SubTexture name="BF dies0002" x="6144" y="520" width="439" height="498" frameX="0" frameY="0" frameWidth="453" frameHeight="525"/>
	<SubTexture name="BF dies0003" x="6583" y="520" width="439" height="498" frameX="0" frameY="0" frameWidth="453" frameHeight="525"/>
	<SubTexture name="BF dies0004" x="7022" y="520" width="439" height="493" frameX="0" frameY="-5" frameWidth="453" frameHeight="525"/>
	<SubTexture name="BF dies0005" x="7461" y="520" width="439" height="493" frameX="0" frameY="-5" frameWidth="453" frameHeight="525"/>
	<SubTexture name="BF dies0006" x="0" y="1040" width="439" height="494" frameX="0" frameY="-4" frameWidth="453" frameHeight="525"/>
	<SubTexture name="BF dies0007" x="0" y="1040" width="439" height="494" frameX="0" frameY="-4" frameWidth="453" frameHeight="525"/>
	<SubTexture name="BF dies0008" x="439" y="1040" width="439" height="493" frameX="0" frameY="-5" frameWidth="453" frameHeight="525"/>
	<SubTexture name="BF dies0009" x="439" y="1040" width="439" height="493" frameX="0" frameY="-5" frameWidth="453" frameHeight="525"/>
	<SubTexture name="BF dies0010" x="439" y="1040" width="439" height="493" frameX="0" frameY="-5" frameWidth="453" frameHeight="525"/>
	<SubTexture name="BF dies0011" x="439" y="1040" width="439" height="493" frameX="0" frameY="-5" frameWidth="453" frameHeight="525"/>
	<SubTexture name="BF dies0012" x="439" y="1040" width="439" height="493" frameX="0" frameY="-5" frameWidth="453" frameHeight="525"/>
	<SubTexture name="BF dies0013" x="439" y="1040" width="439" height="493" frameX="0" frameY="-5" frameWidth="453" frameHeight="525"/>
	<SubTexture name="BF dies0014" x="439" y="1040" width="439" height="493" frameX="0" frameY="-5" frameWidth="453" frameHeight="525"/>
	<SubTexture name="BF dies0015" x="878" y="1040" width="439" height="493" frameX="0" frameY="-5" frameWidth="453" frameHeight="525"/>
	<SubTexture name="BF dies0016" x="878" y="1040" width="439" height="493" frameX="0" frameY="-5" frameWidth="453" frameHeight="525"/>
	<SubTexture name="BF dies0017" x="878" y="1040" width="439" height="493" frameX="0" frameY="-5" frameWidth="453" frameHeight="525"/>
	<SubTexture name="BF dies0018" x="1317" y="1040" width="439" height="493" frameX="0" frameY="-5" frameWidth="453" frameHeight="525"/>
	<SubTexture name="BF dies0019" x="1317" y="1040" width="439" height="493" frameX="0" frameY="-5" frameWidth="453" frameHeight="525"/>
	<SubTexture name="BF dies0020" x="1756" y="1040" width="439" height="493" frameX="0" frameY="-5" frameWidth="453" frameHeight="525"/>
	<SubTexture name="BF dies0021" x="1756" y="1040" width="439" height="493" frameX="0" frameY="-5" frameWidth="453" frameHeight="525"/>
	<SubTexture name="BF dies0022" x="2195" y="1040" width="439" height="493" frameX="0" frameY="-5" frameWidth="453" frameHeight="525"/>
	<SubTexture name="BF dies0023" x="2195" y="1040" width="439" height="493" frameX="0" frameY="-5" frameWidth="453" frameHeight="525"/>
	<SubTexture name="BF dies0024" x="2634" y="1040" width="439" height="493" frameX="0" frameY="-5" frameWidth="453" frameHeight="525"/>
	<SubTexture name="BF dies0025" x="3073" y="1040" width="439" height="520" frameX="0" frameY="-5" frameWidth="453" frameHeight="525"/>
	<SubTexture name="BF dies0026" x="3073" y="1040" width="439" height="520" frameX="0" frameY="-5" frameWidth="453" frameHeight="525"/>
	<SubTexture name="BF dies0027" x="3512" y="1040" width="439" height="515" frameX="0" frameY="-5" frameWidth="453" frameHeight="525"/>
	<SubTexture name="BF dies0028" x="3512" y="1040" width="439" height="515" frameX="0" frameY="-5" frameWidth="453" frameHeight="525"/>
	<SubTexture name="BF dies0029" x="3951" y="1040" width="439" height="516" frameX="0" frameY="-5" frameWidth="453" frameHeight="525"/>
	<SubTexture name="BF dies0030" x="3951" y="1040" width="439" height="516" frameX="0" frameY="-5" frameWidth="453" frameHeight="525"/>
	<SubTexture name="BF dies0031" x="4390" y="1040" width="439" height="516" frameX="0" frameY="-5" frameWidth="453" frameHeight="525"/>
	<SubTexture name="BF dies0032" x="4390" y="1040" width="439" height="516" frameX="0" frameY="-5" frameWidth="453" frameHeight="525"/>
	<SubTexture name="BF dies0033" x="4390" y="1040" width="439" height="516" frameX="0" frameY="-5" frameWidth="453" frameHeight="525"/>
	<SubTexture name="BF dies0034" x="4390" y="1040" width="439" height="516" frameX="0" frameY="-5" frameWidth="453" frameHeight="525"/>
	<SubTexture name="BF dies0035" x="4829" y="1040" width="439" height="516" frameX="0" frameY="-5" frameWidth="453" frameHeight="525"/>
	<SubTexture name="BF dies0036" x="5268" y="1040" width="439" height="516" frameX="0" frameY="-5" frameWidth="453" frameHeight="525"/>
	<SubTexture name="BF dies0037" x="5707" y="1040" width="439" height="516" frameX="0" frameY="-5" frameWidth="453" frameHeight="525"/>
	<SubTexture name="BF dies0038" x="6146" y="1040" width="439" height="516" frameX="0" frameY="-5" frameWidth="453" frameHeight="525"/>
	<SubTexture name="BF dies0039" x="6585" y="1040" width="439" height="516" frameX="0" frameY="-5" frameWidth="453" frameHeight="525"/>
	<SubTexture name="BF dies0040" x="7024" y="1040" width="439" height="516" frameX="0" frameY="-5" frameWidth="453" frameHeight="525"/>
	<SubTexture name="BF dies0041" x="7463" y="1040" width="439" height="516" frameX="0" frameY="-5" frameWidth="453" frameHeight="525"/>
	<SubTexture name="BF dies0042" x="0" y="1560" width="439" height="516" frameX="0" frameY="-5" frameWidth="453" frameHeight="525"/>
	<SubTexture name="BF dies0043" x="439" y="1560" width="439" height="516" frameX="0" frameY="-5" frameWidth="453" frameHeight="525"/>
	<SubTexture name="BF dies0044" x="878" y="1560" width="439" height="516" frameX="0" frameY="-5" frameWidth="453" frameHeight="525"/>
	<SubTexture name="BF dies0045" x="1317" y="1560" width="439" height="516" frameX="0" frameY="-5" frameWidth="453" frameHeight="525"/>
	<SubTexture name="BF dies0046" x="1756" y="1560" width="439" height="516" frameX="0" frameY="-5" frameWidth="453" frameHeight="525"/>
	<SubTexture name="BF dies0047" x="2195" y="1560" width="439" height="516" frameX="0" frameY="-5" frameWidth="453" frameHeight="525"/>
	<SubTexture name="BF dies0048" x="2634" y="1560" width="439" height="516" frameX="0" frameY="-5" frameWidth="453" frameHeight="525"/>
	<SubTexture name="BF dies0049" x="3073" y="1560" width="439" height="516" frameX="0" frameY="-5" frameWidth="453" frameHeight="525"/>
	<SubTexture name="BF dies0050" x="3512" y="1560" width="439" height="516" frameX="0" frameY="-5" frameWidth="453" frameHeight="525"/>
	<SubTexture name="BF dies0051" x="3951" y="1560" width="439" height="516" frameX="0" frameY="-5" frameWidth="453" frameHeight="525"/>
	<SubTexture name="BF dies0052" x="4390" y="1560" width="439" height="516" frameX="0" frameY="-5" frameWidth="453" frameHeight="525"/>
	<SubTexture name="BF dies0053" x="0" y="0" width="439" height="516" frameX="0" frameY="-5" frameWidth="439" frameHeight="516"/>
	<SubTexture name="BF dies0054" x="4829" y="1560" width="439" height="516" frameX="0" frameY="-5" frameWidth="453" frameHeight="525"/>
	<SubTexture name="BF dies0055" x="4829" y="1560" width="439" height="516" frameX="0" frameY="-5" frameWidth="453" frameHeight="525"/>
	<SubTexture name="BF dies0056" x="4829" y="1560" width="439" height="516" frameX="0" frameY="-5" frameWidth="453" frameHeight="525"/>
	<SubTexture name="BF dies0057" x="4829" y="1560" width="439" height="516" frameX="0" frameY="-5" frameWidth="453" frameHeight="525"/>
</TextureAtlas>
