{"name":null,"assets":"aoy4:pathy40:assets%2Fshared%2Fimages%2Fbackspace.pngy4:sizei43348y4:typey5:IMAGEy2:idR1y7:preloadtgoR0y40:assets%2Fshared%2Fimages%2Fbackspace.xmlR2i747R3y4:TEXTR5R7R6tgoR0y34:assets%2Fshared%2Fimages%2Fbad.pngR2i11727R3R4R5R9R6tgoR0y40:assets%2Fshared%2Fimages%2FBOYFRIEND.pngR2i5042658R3R4R5R10R6tgoR0y40:assets%2Fshared%2Fimages%2FBOYFRIEND.xmlR2i67577R3R8R5R11R6tgoR0y36:assets%2Fshared%2Fimages%2Fcombo.pngR2i14255R3R4R5R12R6tgoR0y44:assets%2Fshared%2Fimages%2FDADDY_DEAREST.pngR2i1106359R3R4R5R13R6tgoR0y44:assets%2Fshared%2Fimages%2FDADDY_DEAREST.xmlR2i6531R3R8R5R14R6tgoR0y40:assets%2Fshared%2Fimages%2FGF_assets.pngR2i5966971R3R4R5R15R6tgoR0y40:assets%2Fshared%2Fimages%2FGF_assets.xmlR2i30950R3R8R5R16R6tgoR0y33:assets%2Fshared%2Fimages%2Fgo.pngR2i12296R3R4R5R17R6tgoR0y35:assets%2Fshared%2Fimages%2Fgood.pngR2i11923R3R4R5R18R6tgoR0y37:assets%2Fshared%2Fimages%2Fgrafix.pngR2i139101R3R4R5R19R6tgoR0y40:assets%2Fshared%2Fimages%2FhealthBar.pngR2i307R3R4R5R20R6tgoR0y45:assets%2Fshared%2Fimages%2Fimages-go-here.txtR2zR3R8R5R21R6tgoR0y35:assets%2Fshared%2Fimages%2FKana.pngR2i1248552R3R4R5R22R6tgoR0y35:assets%2Fshared%2Fimages%2FKana.xmlR2i8491R3R8R5R23R6tgoR0y34:assets%2Fshared%2Fimages%2Flol.pngR2i6701R3R4R5R24R6tgoR0y35:assets%2Fshared%2Fimages%2Flose.pngR2i236363R3R4R5R25R6tgoR0y35:assets%2Fshared%2Fimages%2Flose.xmlR2i4131R3R8R5R26R6tgoR0y42:assets%2Fshared%2Fimages%2FNOTE_assets.pngR2i802208R3R4R5R27R6tgoR0y42:assets%2Fshared%2Fimages%2FNOTE_assets.xmlR2i4970R3R8R5R28R6tgoR0y47:assets%2Fshared%2Fimages%2FpauseAlt%2FbfLol.pngR2i36765R3R4R5R29R6tgoR0y47:assets%2Fshared%2Fimages%2FpauseAlt%2FbfLol.xmlR2i3106R3R8R5R30R6tgoR0y49:assets%2Fshared%2Fimages%2FpauseAlt%2FpauseBG.pngR2i96791R3R4R5R31R6tgoR0y49:assets%2Fshared%2Fimages%2FpauseAlt%2FpauseUI.pngR2i40939R3R4R5R32R6tgoR0y49:assets%2Fshared%2Fimages%2FpauseAlt%2FpauseUI.xmlR2i560R3R8R5R33R6tgoR0y36:assets%2Fshared%2Fimages%2Fready.pngR2i28966R3R4R5R34R6tgoR0y38:assets%2Fshared%2Fimages%2Frestart.pngR2i41117R3R4R5R35R6tgoR0y49:assets%2Fshared%2Fimages%2FscreencapTierImage.pngR2i109151R3R4R5R36R6tgoR0y34:assets%2Fshared%2Fimages%2Fset.pngR2i25471R3R4R5R37R6tgoR0y35:assets%2Fshared%2Fimages%2Fshit.pngR2i989R3R4R5R38R6tgoR0y35:assets%2Fshared%2Fimages%2Fsick.pngR2i10685R3R4R5R39R6tgoR0y52:assets%2Fshared%2Fimages%2Fspeech_bubble_talking.pngR2i201150R3R4R5R40R6tgoR0y52:assets%2Fshared%2Fimages%2Fspeech_bubble_talking.xmlR2i4745R3R8R5R41R6tgoR0y40:assets%2Fshared%2Fimages%2Fstageback.pngR2i138405R3R4R5R42R6tgoR0y44:assets%2Fshared%2Fimages%2Fstagecurtains.pngR2i14036R3R4R5R43R6tgoR0y41:assets%2Fshared%2Fimages%2Fstagefront.pngR2i5896R3R4R5R44R6tgoR0y42:assets%2Fshared%2Fimages%2Fstage_light.pngR2i12177R3R4R5R45R6tgoR0y46:assets%2Fshared%2Fimages%2Fweek54prototype.pngR2i199012R3R4R5R46R6tgoR0y39:assets%2Fshared%2Fimages%2Fzzzzzzzz.pngR2i239054R3R4R5R47R6tgoR2i2400129R3y5:MUSICR5y39:assets%2Fshared%2Fmusic%2Fbreakfast.mp3y9:pathGroupaR49hR6tgoR2i1535999R3R48R5y38:assets%2Fshared%2Fmusic%2FgameOver.mp3R50aR51hR6tgoR2i288391R3R48R5y41:assets%2Fshared%2Fmusic%2FgameOverEnd.mp3R50aR52hR6tgoR2i2418R3R48R5y36:assets%2Fshared%2Fsounds%2FANGRY.mp3R50aR53hR6tgoR2i43182R3R48R5y45:assets%2Fshared%2Fsounds%2FANGRY_TEXT_BOX.mp3R50aR54hR6tgoR2i34480R3R48R5y40:assets%2Fshared%2Fsounds%2Fbadnoise1.mp3R50aR55hR6tgoR2i34480R3R48R5y40:assets%2Fshared%2Fsounds%2Fbadnoise2.mp3R50aR56hR6tgoR2i34480R3R48R5y40:assets%2Fshared%2Fsounds%2Fbadnoise3.mp3R50aR57hR6tgoR2i54621R3R48R5y39:assets%2Fshared%2Fsounds%2FcarPass0.mp3R50aR58hR6tgoR2i60069R3R48R5y39:assets%2Fshared%2Fsounds%2FcarPass1.mp3R50aR59hR6tgoR2i5888R3R48R5y40:assets%2Fshared%2Fsounds%2FclickText.mp3R50aR60hR6tgoR2i74226R3R48R5y49:assets%2Fshared%2Fsounds%2Ffnf_loss_sfx-pixel.mp3R50aR61hR6tgoR2i83302R3R48R5y43:assets%2Fshared%2Fsounds%2Ffnf_loss_sfx.mp3R50aR62hR6tgoR2i34480R3R48R5y35:assets%2Fshared%2Fsounds%2FGF_1.mp3R50aR63hR6tgoR2i34480R3R48R5y35:assets%2Fshared%2Fsounds%2FGF_2.mp3R50aR64hR6tgoR2i34480R3R48R5y35:assets%2Fshared%2Fsounds%2FGF_3.mp3R50aR65hR6tgoR2i34480R3R48R5y35:assets%2Fshared%2Fsounds%2FGF_4.mp3R50aR66hR6tgoR2i9155R3R48R5y43:assets%2Fshared%2Fsounds%2Fintro1-pixel.mp3R50aR67hR6tgoR2i7969R3R48R5y37:assets%2Fshared%2Fsounds%2Fintro1.mp3R50aR68hR6tgoR2i9912R3R48R5y43:assets%2Fshared%2Fsounds%2Fintro2-pixel.mp3R50aR69hR6tgoR2i2640R3R48R5y37:assets%2Fshared%2Fsounds%2Fintro2.mp3R50aR70hR6tgoR2i9128R3R48R5y43:assets%2Fshared%2Fsounds%2Fintro3-pixel.mp3R50aR71hR6tgoR2i2640R3R48R5y37:assets%2Fshared%2Fsounds%2Fintro3.mp3R50aR72hR6tgoR2i21651R3R48R5y44:assets%2Fshared%2Fsounds%2FintroGo-pixel.mp3R50aR73hR6tgoR2i5775R3R48R5y38:assets%2Fshared%2Fsounds%2FintroGo.mp3R50aR74hR6tgoR2i53174R3R48R5y46:assets%2Fshared%2Fsounds%2FLights_Shut_off.mp3R50aR75hR6tgoR2i88390R3R48R5y45:assets%2Fshared%2Fsounds%2FLights_Turn_On.mp3R50aR76hR6tgoR2i68962R3R48R5y40:assets%2Fshared%2Fsounds%2Fmissnote1.mp3R50aR77hR6tgoR2i68962R3R48R5y40:assets%2Fshared%2Fsounds%2Fmissnote2.mp3R50aR78hR6tgoR2i68962R3R48R5y40:assets%2Fshared%2Fsounds%2Fmissnote3.mp3R50aR79hR6tgoR2i1793R3R48R5y40:assets%2Fshared%2Fsounds%2FpixelText.mp3R50aR80hR6tgoR2i159129R3R48R5y42:assets%2Fshared%2Fsounds%2FSenpai_Dies.mp3R50aR81hR6tgoR0y45:assets%2Fshared%2Fsounds%2Fsounds-go-here.txtR2zR3R8R5R82R6tgoR2i320854R3R48R5y40:assets%2Fshared%2Fsounds%2FsoundTest.mp3R50aR83hR6tgoR2i137925R3R48R5y40:assets%2Fshared%2Fsounds%2Fthunder_1.mp3R50aR84hR6tgoR2i274807R3R48R5y40:assets%2Fshared%2Fsounds%2Fthunder_2.mp3R50aR85hR6tgoR2i277982R3R48R5y43:assets%2Fshared%2Fsounds%2Ftrain_passes.mp3R50aR86hR6tgh","rootPath":"../","version":2,"libraryArgs":[],"libraryType":null}