﻿<?xml version="1.0" encoding="utf-8"?>
<TextureAtlas imagePath="campaign_menu_UI_Characters.png">
	<!-- Created with Adobe Animate version 19.2.1.408 -->
	<!-- http://www.adobe.com/products/animate.html -->
	<SubTexture name="BF HEY!!0000" x="0" y="0" width="391" height="407" frameX="-4" frameY="0" frameWidth="395" frameHeight="409"/>
	<SubTexture name="BF HEY!!0001" x="0" y="0" width="391" height="407" frameX="-4" frameY="0" frameWidth="395" frameHeight="409"/>
	<SubTexture name="BF HEY!!0002" x="391" y="0" width="385" height="405" frameX="0" frameY="-4" frameWidth="395" frameHeight="409"/>
	<SubTexture name="BF HEY!!0003" x="391" y="0" width="385" height="405" frameX="0" frameY="-4" frameWidth="395" frameHeight="409"/>
	<SubTexture name="BF HEY!!0004" x="776" y="0" width="387" height="407" frameX="0" frameY="-2" frameWidth="395" frameHeight="409"/>
	<SubTexture name="BF HEY!!0005" x="776" y="0" width="387" height="407" frameX="0" frameY="-2" frameWidth="395" frameHeight="409"/>
	<SubTexture name="BF HEY!!0006" x="776" y="0" width="387" height="407" frameX="0" frameY="-2" frameWidth="395" frameHeight="409"/>
	<SubTexture name="BF HEY!!0007" x="776" y="0" width="387" height="407" frameX="0" frameY="-2" frameWidth="395" frameHeight="409"/>
	<SubTexture name="BF HEY!!0008" x="776" y="0" width="387" height="407" frameX="0" frameY="-2" frameWidth="395" frameHeight="409"/>
	<SubTexture name="BF HEY!!0009" x="776" y="0" width="387" height="407" frameX="0" frameY="-2" frameWidth="395" frameHeight="409"/>
	<SubTexture name="BF HEY!!0010" x="776" y="0" width="387" height="407" frameX="0" frameY="-2" frameWidth="395" frameHeight="409"/>
	<SubTexture name="BF HEY!!0011" x="776" y="0" width="387" height="407" frameX="0" frameY="-2" frameWidth="395" frameHeight="409"/>
	<SubTexture name="BF HEY!!0012" x="776" y="0" width="387" height="407" frameX="0" frameY="-2" frameWidth="395" frameHeight="409"/>
	<SubTexture name="BF HEY!!0013" x="776" y="0" width="387" height="407" frameX="0" frameY="-2" frameWidth="395" frameHeight="409"/>
	<SubTexture name="BF HEY!!0014" x="776" y="0" width="387" height="407" frameX="0" frameY="-2" frameWidth="395" frameHeight="409"/>
	<SubTexture name="BF HEY!!0015" x="776" y="0" width="387" height="407" frameX="0" frameY="-2" frameWidth="395" frameHeight="409"/>
	<SubTexture name="BF HEY!!0016" x="776" y="0" width="387" height="407" frameX="0" frameY="-2" frameWidth="395" frameHeight="409"/>
	<SubTexture name="BF HEY!!0017" x="776" y="0" width="387" height="407" frameX="0" frameY="-2" frameWidth="395" frameHeight="409"/>
	<SubTexture name="BF HEY!!0018" x="776" y="0" width="387" height="407" frameX="0" frameY="-2" frameWidth="395" frameHeight="409"/>
	<SubTexture name="BF HEY!!0019" x="776" y="0" width="387" height="407" frameX="0" frameY="-2" frameWidth="395" frameHeight="409"/>
	<SubTexture name="BF HEY!!0020" x="776" y="0" width="387" height="407" frameX="0" frameY="-2" frameWidth="395" frameHeight="409"/>
	<SubTexture name="BF HEY!!0021" x="776" y="0" width="387" height="407" frameX="0" frameY="-2" frameWidth="395" frameHeight="409"/>
	<SubTexture name="BF HEY!!0022" x="776" y="0" width="387" height="407" frameX="0" frameY="-2" frameWidth="395" frameHeight="409"/>
	<SubTexture name="BF HEY!!0023" x="776" y="0" width="387" height="407" frameX="0" frameY="-2" frameWidth="395" frameHeight="409"/>
	<SubTexture name="BF HEY!!0024" x="776" y="0" width="387" height="407" frameX="0" frameY="-2" frameWidth="395" frameHeight="409"/>
	<SubTexture name="BF HEY!!0025" x="776" y="0" width="387" height="407" frameX="0" frameY="-2" frameWidth="395" frameHeight="409"/>
	<SubTexture name="BF HEY!!0026" x="776" y="0" width="387" height="407" frameX="0" frameY="-2" frameWidth="395" frameHeight="409"/>
	<SubTexture name="BF idle dance white0000" x="1163" y="0" width="427" height="386" frameX="0" frameY="-21" frameWidth="427" frameHeight="407"/>
	<SubTexture name="BF idle dance white0001" x="1163" y="0" width="427" height="386" frameX="0" frameY="-21" frameWidth="427" frameHeight="407"/>
	<SubTexture name="BF idle dance white0002" x="1590" y="0" width="426" height="388" frameX="-1" frameY="-19" frameWidth="427" frameHeight="407"/>
	<SubTexture name="BF idle dance white0003" x="1590" y="0" width="426" height="388" frameX="-1" frameY="-19" frameWidth="427" frameHeight="407"/>
	<SubTexture name="BF idle dance white0004" x="2016" y="0" width="421" height="393" frameX="-6" frameY="-14" frameWidth="427" frameHeight="407"/>
	<SubTexture name="BF idle dance white0005" x="2016" y="0" width="421" height="393" frameX="-6" frameY="-14" frameWidth="427" frameHeight="407"/>
	<SubTexture name="BF idle dance white0006" x="2437" y="0" width="417" height="406" frameX="-10" frameY="-1" frameWidth="427" frameHeight="407"/>
	<SubTexture name="BF idle dance white0007" x="2437" y="0" width="417" height="406" frameX="-10" frameY="-1" frameWidth="427" frameHeight="407"/>
	<SubTexture name="BF idle dance white0008" x="2854" y="0" width="418" height="407" frameX="-9" frameY="0" frameWidth="427" frameHeight="407"/>
	<SubTexture name="BF idle dance white0009" x="2854" y="0" width="418" height="407" frameX="-9" frameY="0" frameWidth="427" frameHeight="407"/>
	<SubTexture name="BF idle dance white0010" x="2854" y="0" width="418" height="407" frameX="-9" frameY="0" frameWidth="427" frameHeight="407"/>
	<SubTexture name="BF idle dance white0011" x="2854" y="0" width="418" height="407" frameX="-9" frameY="0" frameWidth="427" frameHeight="407"/>
	<SubTexture name="BF idle dance white0012" x="2854" y="0" width="418" height="407" frameX="-9" frameY="0" frameWidth="427" frameHeight="407"/>
	<SubTexture name="BF idle dance white0013" x="2854" y="0" width="418" height="407" frameX="-9" frameY="0" frameWidth="427" frameHeight="407"/>
	<SubTexture name="Dad idle dance BLACK LINE0000" x="3272" y="0" width="440" height="713" frameX="-20" frameY="0" frameWidth="462" frameHeight="713"/>
	<SubTexture name="Dad idle dance BLACK LINE0001" x="3272" y="0" width="440" height="713" frameX="-20" frameY="0" frameWidth="462" frameHeight="713"/>
	<SubTexture name="Dad idle dance BLACK LINE0002" x="0" y="713" width="461" height="700" frameX="-1" frameY="-12" frameWidth="462" frameHeight="713"/>
	<SubTexture name="Dad idle dance BLACK LINE0003" x="0" y="713" width="461" height="700" frameX="-1" frameY="-12" frameWidth="462" frameHeight="713"/>
	<SubTexture name="Dad idle dance BLACK LINE0004" x="461" y="713" width="462" height="697" frameX="0" frameY="-15" frameWidth="462" frameHeight="713"/>
	<SubTexture name="Dad idle dance BLACK LINE0005" x="461" y="713" width="462" height="697" frameX="0" frameY="-15" frameWidth="462" frameHeight="713"/>
	<SubTexture name="Dad idle dance BLACK LINE0006" x="923" y="713" width="458" height="699" frameX="-4" frameY="-13" frameWidth="462" frameHeight="713"/>
	<SubTexture name="Dad idle dance BLACK LINE0007" x="923" y="713" width="458" height="699" frameX="-4" frameY="-13" frameWidth="462" frameHeight="713"/>
	<SubTexture name="Dad idle dance BLACK LINE0008" x="1381" y="713" width="446" height="711" frameX="-13" frameY="-2" frameWidth="462" frameHeight="713"/>
	<SubTexture name="Dad idle dance BLACK LINE0009" x="1381" y="713" width="446" height="711" frameX="-13" frameY="-2" frameWidth="462" frameHeight="713"/>
	<SubTexture name="Dad idle dance BLACK LINE0010" x="3272" y="0" width="440" height="713" frameX="-20" frameY="0" frameWidth="462" frameHeight="713"/>
	<SubTexture name="Dad idle dance BLACK LINE0011" x="3272" y="0" width="440" height="713" frameX="-20" frameY="0" frameWidth="462" frameHeight="713"/>
	<SubTexture name="Dad idle dance BLACK LINE0012" x="3272" y="0" width="440" height="713" frameX="-20" frameY="0" frameWidth="462" frameHeight="713"/>
	<SubTexture name="Dad idle dance BLACK LINE0013" x="3272" y="0" width="440" height="713" frameX="-20" frameY="0" frameWidth="462" frameHeight="713"/>
	<SubTexture name="GF Dancing Beat WHITE0000" x="1827" y="713" width="695" height="667" frameX="0" frameY="-14" frameWidth="697" frameHeight="681"/>
	<SubTexture name="GF Dancing Beat WHITE0001" x="2522" y="713" width="697" height="667" frameX="0" frameY="-14" frameWidth="697" frameHeight="681"/>
	<SubTexture name="GF Dancing Beat WHITE0002" x="3219" y="713" width="697" height="665" frameX="0" frameY="-16" frameWidth="697" frameHeight="681"/>
	<SubTexture name="GF Dancing Beat WHITE0003" x="0" y="1424" width="695" height="665" frameX="0" frameY="-16" frameWidth="697" frameHeight="681"/>
	<SubTexture name="GF Dancing Beat WHITE0004" x="695" y="1424" width="695" height="668" frameX="0" frameY="-13" frameWidth="697" frameHeight="681"/>
	<SubTexture name="GF Dancing Beat WHITE0005" x="1390" y="1424" width="695" height="668" frameX="0" frameY="-13" frameWidth="697" frameHeight="681"/>
	<SubTexture name="GF Dancing Beat WHITE0006" x="2085" y="1424" width="695" height="670" frameX="0" frameY="-11" frameWidth="697" frameHeight="681"/>
	<SubTexture name="GF Dancing Beat WHITE0007" x="2780" y="1424" width="695" height="681" frameX="0" frameY="0" frameWidth="697" frameHeight="681"/>
	<SubTexture name="GF Dancing Beat WHITE0008" x="2780" y="1424" width="695" height="681" frameX="0" frameY="0" frameWidth="697" frameHeight="681"/>
	<SubTexture name="GF Dancing Beat WHITE0009" x="2780" y="1424" width="695" height="681" frameX="0" frameY="0" frameWidth="697" frameHeight="681"/>
	<SubTexture name="GF Dancing Beat WHITE0010" x="0" y="2105" width="695" height="681" frameX="0" frameY="0" frameWidth="697" frameHeight="681"/>
	<SubTexture name="GF Dancing Beat WHITE0011" x="0" y="2105" width="695" height="681" frameX="0" frameY="0" frameWidth="697" frameHeight="681"/>
	<SubTexture name="GF Dancing Beat WHITE0012" x="0" y="2105" width="695" height="681" frameX="0" frameY="0" frameWidth="697" frameHeight="681"/>
	<SubTexture name="GF Dancing Beat WHITE0013" x="695" y="2105" width="695" height="681" frameX="0" frameY="0" frameWidth="697" frameHeight="681"/>
	<SubTexture name="GF Dancing Beat WHITE0014" x="695" y="2105" width="695" height="681" frameX="0" frameY="0" frameWidth="697" frameHeight="681"/>
	<SubTexture name="GF Dancing Beat WHITE0015" x="1390" y="2105" width="695" height="669" frameX="0" frameY="-12" frameWidth="697" frameHeight="681"/>
	<SubTexture name="GF Dancing Beat WHITE0016" x="2085" y="2105" width="697" height="669" frameX="0" frameY="-12" frameWidth="697" frameHeight="681"/>
	<SubTexture name="GF Dancing Beat WHITE0017" x="2782" y="2105" width="697" height="669" frameX="0" frameY="-12" frameWidth="697" frameHeight="681"/>
	<SubTexture name="GF Dancing Beat WHITE0018" x="0" y="2786" width="695" height="669" frameX="0" frameY="-12" frameWidth="697" frameHeight="681"/>
	<SubTexture name="GF Dancing Beat WHITE0019" x="695" y="2786" width="695" height="670" frameX="0" frameY="-11" frameWidth="697" frameHeight="681"/>
	<SubTexture name="GF Dancing Beat WHITE0020" x="1390" y="2786" width="695" height="670" frameX="0" frameY="-11" frameWidth="697" frameHeight="681"/>
	<SubTexture name="GF Dancing Beat WHITE0021" x="2085" y="2786" width="695" height="671" frameX="0" frameY="-10" frameWidth="697" frameHeight="681"/>
	<SubTexture name="GF Dancing Beat WHITE0022" x="2780" y="2786" width="695" height="676" frameX="0" frameY="-5" frameWidth="697" frameHeight="681"/>
	<SubTexture name="GF Dancing Beat WHITE0023" x="2780" y="2786" width="695" height="676" frameX="0" frameY="-5" frameWidth="697" frameHeight="681"/>
	<SubTexture name="GF Dancing Beat WHITE0024" x="2780" y="2786" width="695" height="676" frameX="0" frameY="-5" frameWidth="697" frameHeight="681"/>
	<SubTexture name="GF Dancing Beat WHITE0025" x="0" y="3462" width="695" height="675" frameX="0" frameY="-6" frameWidth="697" frameHeight="681"/>
	<SubTexture name="GF Dancing Beat WHITE0026" x="0" y="3462" width="695" height="675" frameX="0" frameY="-6" frameWidth="697" frameHeight="681"/>
	<SubTexture name="GF Dancing Beat WHITE0027" x="0" y="3462" width="695" height="675" frameX="0" frameY="-6" frameWidth="697" frameHeight="681"/>
	<SubTexture name="GF Dancing Beat WHITE0028" x="695" y="3462" width="695" height="675" frameX="0" frameY="-6" frameWidth="697" frameHeight="681"/>
	<SubTexture name="GF Dancing Beat WHITE0029" x="695" y="3462" width="695" height="675" frameX="0" frameY="-6" frameWidth="697" frameHeight="681"/>
	<SubTexture name="GF Dancing Beat WHITE0030" x="695" y="3462" width="695" height="675" frameX="0" frameY="-6" frameWidth="697" frameHeight="681"/>
	<SubTexture name="Mom Idle BLACK LINES0000" x="1390" y="3462" width="346" height="781" frameX="0" frameY="-5" frameWidth="346" frameHeight="787"/>
	<SubTexture name="Mom Idle BLACK LINES0001" x="1390" y="3462" width="346" height="781" frameX="0" frameY="-5" frameWidth="346" frameHeight="787"/>
	<SubTexture name="Mom Idle BLACK LINES0002" x="1736" y="3462" width="344" height="781" frameX="0" frameY="-6" frameWidth="346" frameHeight="787"/>
	<SubTexture name="Mom Idle BLACK LINES0003" x="1736" y="3462" width="344" height="781" frameX="0" frameY="-6" frameWidth="346" frameHeight="787"/>
	<SubTexture name="Mom Idle BLACK LINES0004" x="2080" y="3462" width="341" height="784" frameX="0" frameY="-3" frameWidth="346" frameHeight="787"/>
	<SubTexture name="Mom Idle BLACK LINES0005" x="2080" y="3462" width="341" height="784" frameX="0" frameY="-3" frameWidth="346" frameHeight="787"/>
	<SubTexture name="Mom Idle BLACK LINES0006" x="2421" y="3462" width="340" height="785" frameX="0" frameY="-2" frameWidth="346" frameHeight="787"/>
	<SubTexture name="Mom Idle BLACK LINES0007" x="2421" y="3462" width="340" height="785" frameX="0" frameY="-2" frameWidth="346" frameHeight="787"/>
	<SubTexture name="Mom Idle BLACK LINES0008" x="2761" y="3462" width="340" height="787" frameX="0" frameY="0" frameWidth="346" frameHeight="787"/>
	<SubTexture name="Mom Idle BLACK LINES0009" x="2761" y="3462" width="340" height="787" frameX="0" frameY="0" frameWidth="346" frameHeight="787"/>
	<SubTexture name="Mom Idle BLACK LINES0010" x="3101" y="3462" width="340" height="787" frameX="0" frameY="0" frameWidth="346" frameHeight="787"/>
	<SubTexture name="Mom Idle BLACK LINES0011" x="3101" y="3462" width="340" height="787" frameX="0" frameY="0" frameWidth="346" frameHeight="787"/>
	<SubTexture name="Mom Idle BLACK LINES0012" x="3441" y="3462" width="340" height="787" frameX="0" frameY="0" frameWidth="346" frameHeight="787"/>
	<SubTexture name="Mom Idle BLACK LINES0013" x="3441" y="3462" width="340" height="787" frameX="0" frameY="0" frameWidth="346" frameHeight="787"/>
	<SubTexture name="Parent Christmas Idle Black Lines0000" x="0" y="4249" width="884" height="726" frameX="0" frameY="-2" frameWidth="884" frameHeight="728"/>
	<SubTexture name="Parent Christmas Idle Black Lines0001" x="0" y="4249" width="884" height="726" frameX="0" frameY="-2" frameWidth="884" frameHeight="728"/>
	<SubTexture name="Parent Christmas Idle Black Lines0002" x="884" y="4249" width="880" height="711" frameX="-4" frameY="-17" frameWidth="884" frameHeight="728"/>
	<SubTexture name="Parent Christmas Idle Black Lines0003" x="884" y="4249" width="880" height="711" frameX="-4" frameY="-17" frameWidth="884" frameHeight="728"/>
	<SubTexture name="Parent Christmas Idle Black Lines0004" x="1764" y="4249" width="876" height="717" frameX="-8" frameY="-11" frameWidth="884" frameHeight="728"/>
	<SubTexture name="Parent Christmas Idle Black Lines0005" x="1764" y="4249" width="876" height="717" frameX="-8" frameY="-11" frameWidth="884" frameHeight="728"/>
	<SubTexture name="Parent Christmas Idle Black Lines0006" x="2640" y="4249" width="876" height="728" frameX="-8" frameY="0" frameWidth="884" frameHeight="728"/>
	<SubTexture name="Parent Christmas Idle Black Lines0007" x="2640" y="4249" width="876" height="728" frameX="-8" frameY="0" frameWidth="884" frameHeight="728"/>
	<SubTexture name="Parent Christmas Idle Black Lines0008" x="2640" y="4249" width="876" height="728" frameX="-8" frameY="0" frameWidth="884" frameHeight="728"/>
	<SubTexture name="Parent Christmas Idle Black Lines0009" x="2640" y="4249" width="876" height="728" frameX="-8" frameY="0" frameWidth="884" frameHeight="728"/>
	<SubTexture name="Parent Christmas Idle Black Lines0010" x="2640" y="4249" width="876" height="728" frameX="-8" frameY="0" frameWidth="884" frameHeight="728"/>
	<SubTexture name="Parent Christmas Idle Black Lines0011" x="2640" y="4249" width="876" height="728" frameX="-8" frameY="0" frameWidth="884" frameHeight="728"/>
	<SubTexture name="Parent Christmas Idle Black Lines0012" x="2640" y="4249" width="876" height="728" frameX="-8" frameY="0" frameWidth="884" frameHeight="728"/>
	<SubTexture name="Parent Christmas Idle Black Lines0013" x="2640" y="4249" width="876" height="728" frameX="-8" frameY="0" frameWidth="884" frameHeight="728"/>
	<SubTexture name="Pico Idle Dance0000" x="3516" y="4249" width="476" height="483" frameX="-30" frameY="-22" frameWidth="506" frameHeight="506"/>
	<SubTexture name="Pico Idle Dance0001" x="3516" y="4249" width="476" height="483" frameX="-30" frameY="-22" frameWidth="506" frameHeight="506"/>
	<SubTexture name="Pico Idle Dance0002" x="0" y="4977" width="424" height="486" frameX="-21" frameY="-19" frameWidth="506" frameHeight="506"/>
	<SubTexture name="Pico Idle Dance0003" x="0" y="4977" width="424" height="486" frameX="-21" frameY="-19" frameWidth="506" frameHeight="506"/>
	<SubTexture name="Pico Idle Dance0004" x="424" y="4977" width="439" height="493" frameX="-5" frameY="-13" frameWidth="506" frameHeight="506"/>
	<SubTexture name="Pico Idle Dance0005" x="863" y="4977" width="436" height="493" frameX="-5" frameY="-13" frameWidth="506" frameHeight="506"/>
	<SubTexture name="Pico Idle Dance0006" x="1299" y="4977" width="441" height="504" frameX="-2" frameY="-2" frameWidth="506" frameHeight="506"/>
	<SubTexture name="Pico Idle Dance0007" x="1740" y="4977" width="441" height="504" frameX="-2" frameY="-2" frameWidth="506" frameHeight="506"/>
	<SubTexture name="Pico Idle Dance0008" x="2181" y="4977" width="444" height="506" frameX="0" frameY="0" frameWidth="506" frameHeight="506"/>
	<SubTexture name="Pico Idle Dance0009" x="2181" y="4977" width="444" height="506" frameX="0" frameY="0" frameWidth="506" frameHeight="506"/>
	<SubTexture name="Pico Idle Dance0010" x="2181" y="4977" width="444" height="506" frameX="0" frameY="0" frameWidth="506" frameHeight="506"/>
	<SubTexture name="Pico Idle Dance0011" x="2181" y="4977" width="444" height="506" frameX="0" frameY="0" frameWidth="506" frameHeight="506"/>
	<SubTexture name="Pico Idle Dance0012" x="2181" y="4977" width="444" height="506" frameX="0" frameY="0" frameWidth="506" frameHeight="506"/>
	<SubTexture name="Pico Idle Dance0013" x="2181" y="4977" width="444" height="506" frameX="0" frameY="0" frameWidth="506" frameHeight="506"/>
	<SubTexture name="Pico Idle Dance0014" x="2181" y="4977" width="444" height="506" frameX="0" frameY="0" frameWidth="506" frameHeight="506"/>
	<SubTexture name="SENPAI idle Black Lines0000" x="2625" y="4977" width="336" height="288"/>
	<SubTexture name="SENPAI idle Black Lines0001" x="2625" y="4977" width="336" height="288"/>
	<SubTexture name="SENPAI idle Black Lines0002" x="2961" y="4977" width="336" height="288"/>
	<SubTexture name="SENPAI idle Black Lines0003" x="2961" y="4977" width="336" height="288"/>
	<SubTexture name="SENPAI idle Black Lines0004" x="3297" y="4977" width="336" height="288"/>
	<SubTexture name="SENPAI idle Black Lines0005" x="3297" y="4977" width="336" height="288"/>
	<SubTexture name="SENPAI idle Black Lines0006" x="3633" y="4977" width="336" height="288"/>
	<SubTexture name="SENPAI idle Black Lines0007" x="3633" y="4977" width="336" height="288"/>
	<SubTexture name="SENPAI idle Black Lines0008" x="0" y="5483" width="336" height="288"/>
	<SubTexture name="SENPAI idle Black Lines0009" x="0" y="5483" width="336" height="288"/>
	<SubTexture name="SENPAI idle Black Lines0010" x="0" y="5483" width="336" height="288"/>
	<SubTexture name="SENPAI idle Black Lines0011" x="0" y="5483" width="336" height="288"/>
	<SubTexture name="SENPAI idle Black Lines0012" x="0" y="5483" width="336" height="288"/>
	<SubTexture name="SENPAI idle Black Lines0013" x="0" y="5483" width="336" height="288"/>
	<SubTexture name="spooky dance idle BLACK LINES0000" x="336" y="5483" width="412" height="544" frameX="-3" frameY="-56" frameWidth="417" frameHeight="641"/>
	<SubTexture name="spooky dance idle BLACK LINES0001" x="336" y="5483" width="412" height="544" frameX="-3" frameY="-56" frameWidth="417" frameHeight="641"/>
	<SubTexture name="spooky dance idle BLACK LINES0002" x="748" y="5483" width="416" height="541" frameX="0" frameY="-59" frameWidth="417" frameHeight="641"/>
	<SubTexture name="spooky dance idle BLACK LINES0003" x="748" y="5483" width="416" height="541" frameX="0" frameY="-59" frameWidth="417" frameHeight="641"/>
	<SubTexture name="spooky dance idle BLACK LINES0004" x="1164" y="5483" width="379" height="574" frameX="-36" frameY="-30" frameWidth="417" frameHeight="641"/>
	<SubTexture name="spooky dance idle BLACK LINES0005" x="1164" y="5483" width="379" height="574" frameX="-36" frameY="-30" frameWidth="417" frameHeight="641"/>
	<SubTexture name="spooky dance idle BLACK LINES0006" x="1543" y="5483" width="365" height="604" frameX="-46" frameY="-16" frameWidth="417" frameHeight="641"/>
	<SubTexture name="spooky dance idle BLACK LINES0007" x="1543" y="5483" width="365" height="604" frameX="-46" frameY="-16" frameWidth="417" frameHeight="641"/>
	<SubTexture name="spooky dance idle BLACK LINES0008" x="1908" y="5483" width="336" height="636" frameX="-81" frameY="0" frameWidth="417" frameHeight="641"/>
	<SubTexture name="spooky dance idle BLACK LINES0009" x="1908" y="5483" width="336" height="636" frameX="-81" frameY="0" frameWidth="417" frameHeight="641"/>
	<SubTexture name="spooky dance idle BLACK LINES0010" x="2244" y="5483" width="330" height="641" frameX="-86" frameY="0" frameWidth="417" frameHeight="641"/>
	<SubTexture name="spooky dance idle BLACK LINES0011" x="2244" y="5483" width="330" height="641" frameX="-86" frameY="0" frameWidth="417" frameHeight="641"/>
	<SubTexture name="spooky dance idle BLACK LINES0012" x="2574" y="5483" width="341" height="622" frameX="-70" frameY="-1" frameWidth="417" frameHeight="641"/>
	<SubTexture name="spooky dance idle BLACK LINES0013" x="2574" y="5483" width="341" height="622" frameX="-70" frameY="-1" frameWidth="417" frameHeight="641"/>
	<SubTexture name="spooky dance idle BLACK LINES0014" x="2915" y="5483" width="389" height="592" frameX="-22" frameY="-8" frameWidth="417" frameHeight="641"/>
	<SubTexture name="spooky dance idle BLACK LINES0015" x="2915" y="5483" width="389" height="592" frameX="-22" frameY="-8" frameWidth="417" frameHeight="641"/>
</TextureAtlas>
