﻿<?xml version="1.0" encoding="utf-8"?>
<TextureAtlas imagePath="Start_Screen_Assets.png">
	<!-- Created with Adobe Animate version 20.5.0.29329 -->
	<!-- http://www.adobe.com/products/animate.html -->
	<SubTexture name="logo bumpin0000" x="0" y="0" width="1362" height="844" pivotX="17.15" pivotY="12.85" frameX="-17" frameY="-21" frameWidth="1379" frameHeight="865"/>
	<SubTexture name="logo bumpin0001" x="1362" y="0" width="1379" height="865"/>
	<SubTexture name="logo bumpin0002" x="2741" y="0" width="1379" height="865"/>
	<SubTexture name="logo bumpin0003" x="4120" y="0" width="1365" height="855" frameX="-14" frameY="-10" frameWidth="1379" frameHeight="865"/>
	<SubTexture name="logo bumpin0004" x="5485" y="0" width="1365" height="855" frameX="-14" frameY="-10" frameWidth="1379" frameHeight="865"/>
	<SubTexture name="logo bumpin0005" x="0" y="865" width="1362" height="853" frameX="-17" frameY="-12" frameWidth="1379" frameHeight="865"/>
	<SubTexture name="logo bumpin0006" x="1362" y="865" width="1362" height="853" frameX="-17" frameY="-12" frameWidth="1379" frameHeight="865"/>
	<SubTexture name="logo bumpin0007" x="2724" y="865" width="1362" height="853" frameX="-17" frameY="-12" frameWidth="1379" frameHeight="865"/>
	<SubTexture name="logo bumpin0008" x="2724" y="865" width="1362" height="853" frameX="-17" frameY="-12" frameWidth="1379" frameHeight="865"/>
	<SubTexture name="logo bumpin0009" x="2724" y="865" width="1362" height="853" frameX="-17" frameY="-12" frameWidth="1379" frameHeight="865"/>
	<SubTexture name="logo bumpin0010" x="4086" y="865" width="1362" height="853" frameX="-17" frameY="-12" frameWidth="1379" frameHeight="865"/>
	<SubTexture name="logo bumpin0011" x="4086" y="865" width="1362" height="853" frameX="-17" frameY="-12" frameWidth="1379" frameHeight="865"/>
	<SubTexture name="logo bumpin0012" x="4086" y="865" width="1362" height="853" frameX="-17" frameY="-12" frameWidth="1379" frameHeight="865"/>
	<SubTexture name="logo bumpin0013" x="5448" y="865" width="1362" height="853" frameX="-17" frameY="-12" frameWidth="1379" frameHeight="865"/>
	<SubTexture name="logo bumpin0014" x="5448" y="865" width="1362" height="853" frameX="-17" frameY="-12" frameWidth="1379" frameHeight="865"/>
	<SubTexture name="logo bumpin0015" x="6810" y="865" width="1362" height="853" frameX="-17" frameY="-12" frameWidth="1379" frameHeight="865"/>
	<SubTexture name="logo bumpin0016" x="0" y="1718" width="1362" height="853" frameX="-17" frameY="-12" frameWidth="1379" frameHeight="865"/>
	<SubTexture name="logo bumpin0017" x="1362" y="1718" width="1362" height="853" frameX="-17" frameY="-12" frameWidth="1379" frameHeight="865"/>
	<SubTexture name="logo bumpin0018" x="2724" y="1718" width="1362" height="853" frameX="-17" frameY="-12" frameWidth="1379" frameHeight="865"/>
	<SubTexture name="logo bumpin0019" x="4086" y="1718" width="1362" height="853" frameX="-17" frameY="-12" frameWidth="1379" frameHeight="865"/>
	<SubTexture name="logo bumpin0020" x="5448" y="1718" width="1362" height="853" frameX="-17" frameY="-12" frameWidth="1379" frameHeight="865"/>
	<SubTexture name="logo bumpin0021" x="6810" y="1718" width="1362" height="853" frameX="-17" frameY="-12" frameWidth="1379" frameHeight="865"/>
	<SubTexture name="logo bumpin0022" x="0" y="2571" width="1362" height="853" frameX="-17" frameY="-12" frameWidth="1379" frameHeight="865"/>
	<SubTexture name="logo bumpin0023" x="0" y="2571" width="1362" height="853" frameX="-17" frameY="-12" frameWidth="1379" frameHeight="865"/>
	<SubTexture name="logo bumpin0024" x="0" y="2571" width="1362" height="853" frameX="-17" frameY="-12" frameWidth="1379" frameHeight="865"/>
	<SubTexture name="logo bumpin0025" x="1362" y="2571" width="1362" height="853" frameX="-17" frameY="-12" frameWidth="1379" frameHeight="865"/>
	<SubTexture name="logo bumpin0026" x="1362" y="2571" width="1362" height="853" frameX="-17" frameY="-12" frameWidth="1379" frameHeight="865"/>
	<SubTexture name="logo bumpin0027" x="1362" y="2571" width="1362" height="853" frameX="-17" frameY="-12" frameWidth="1379" frameHeight="865"/>
	<SubTexture name="logo bumpin0028" x="2724" y="2571" width="1362" height="853" frameX="-17" frameY="-12" frameWidth="1379" frameHeight="865"/>
	<SubTexture name="logo bumpin0029" x="2724" y="2571" width="1362" height="853" frameX="-17" frameY="-12" frameWidth="1379" frameHeight="865"/>
	<SubTexture name="logo bumpin0030" x="2724" y="2571" width="1362" height="853" frameX="-17" frameY="-12" frameWidth="1379" frameHeight="865"/>
</TextureAtlas>
