﻿<?xml version="1.0" encoding="utf-8"?>
<TextureAtlas imagePath="Pico_FNF_assetss.png">
	<!-- Created with Adobe Animate version 19.2.1.408 -->
	<!-- http://www.adobe.com/products/animate.html -->
	<SubTexture name="Pico Down Note0000" x="0" y="0" width="785" height="397" frameX="-14" frameY="-12" frameWidth="799" frameHeight="410"/>
	<SubTexture name="Pico Down Note0001" x="0" y="0" width="785" height="397" frameX="-14" frameY="-12" frameWidth="799" frameHeight="410"/>
	<SubTexture name="Pico Down Note0002" x="785" y="0" width="583" height="410" frameX="0" frameY="0" frameWidth="799" frameHeight="410"/>
	<SubTexture name="Pico Down Note0003" x="785" y="0" width="583" height="410" frameX="0" frameY="0" frameWidth="799" frameHeight="410"/>
	<SubTexture name="Pico Down Note0004" x="785" y="0" width="583" height="410" frameX="0" frameY="0" frameWidth="799" frameHeight="410"/>
	<SubTexture name="Pico Down Note0005" x="785" y="0" width="583" height="410" frameX="0" frameY="0" frameWidth="799" frameHeight="410"/>
	<SubTexture name="Pico Down Note0006" x="785" y="0" width="583" height="410" frameX="0" frameY="0" frameWidth="799" frameHeight="410"/>
	<SubTexture name="Pico Down Note0007" x="785" y="0" width="583" height="410" frameX="0" frameY="0" frameWidth="799" frameHeight="410"/>
	<SubTexture name="Pico Down Note0008" x="785" y="0" width="583" height="410" frameX="0" frameY="0" frameWidth="799" frameHeight="410"/>
	<SubTexture name="Pico Down Note0009" x="785" y="0" width="583" height="410" frameX="0" frameY="0" frameWidth="799" frameHeight="410"/>
	<SubTexture name="Pico Down Note0010" x="785" y="0" width="583" height="410" frameX="0" frameY="0" frameWidth="799" frameHeight="410"/>
	<SubTexture name="Pico Idle Dance0000" x="1368" y="0" width="412" height="483" frameX="-30" frameY="-22" frameWidth="445" frameHeight="506"/>
	<SubTexture name="Pico Idle Dance0001" x="1368" y="0" width="412" height="483" frameX="-30" frameY="-22" frameWidth="445" frameHeight="506"/>
	<SubTexture name="Pico Idle Dance0002" x="0" y="483" width="424" height="486" frameX="-21" frameY="-19" frameWidth="445" frameHeight="506"/>
	<SubTexture name="Pico Idle Dance0003" x="0" y="483" width="424" height="486" frameX="-21" frameY="-19" frameWidth="445" frameHeight="506"/>
	<SubTexture name="Pico Idle Dance0004" x="424" y="483" width="439" height="493" frameX="-5" frameY="-13" frameWidth="445" frameHeight="506"/>
	<SubTexture name="Pico Idle Dance0005" x="863" y="483" width="436" height="493" frameX="-5" frameY="-13" frameWidth="445" frameHeight="506"/>
	<SubTexture name="Pico Idle Dance0006" x="1299" y="483" width="441" height="504" frameX="-2" frameY="-2" frameWidth="445" frameHeight="506"/>
	<SubTexture name="Pico Idle Dance0007" x="0" y="987" width="441" height="504" frameX="-2" frameY="-2" frameWidth="445" frameHeight="506"/>
	<SubTexture name="Pico Idle Dance0008" x="441" y="987" width="444" height="506" frameX="0" frameY="0" frameWidth="445" frameHeight="506"/>
	<SubTexture name="Pico Idle Dance0009" x="441" y="987" width="444" height="506" frameX="0" frameY="0" frameWidth="445" frameHeight="506"/>
	<SubTexture name="Pico Idle Dance0010" x="441" y="987" width="444" height="506" frameX="0" frameY="0" frameWidth="445" frameHeight="506"/>
	<SubTexture name="Pico Idle Dance0011" x="441" y="987" width="444" height="506" frameX="0" frameY="0" frameWidth="445" frameHeight="506"/>
	<SubTexture name="Pico Idle Dance0012" x="441" y="987" width="444" height="506" frameX="0" frameY="0" frameWidth="445" frameHeight="506"/>
	<SubTexture name="Pico Idle Dance0013" x="441" y="987" width="444" height="506" frameX="0" frameY="0" frameWidth="445" frameHeight="506"/>
	<SubTexture name="Pico NOTE LEFT0000" x="885" y="987" width="447" height="497" frameX="-10" frameY="0" frameWidth="460" frameHeight="497"/>
	<SubTexture name="Pico NOTE LEFT0001" x="885" y="987" width="447" height="497" frameX="-10" frameY="0" frameWidth="460" frameHeight="497"/>
	<SubTexture name="Pico NOTE LEFT0002" x="1332" y="987" width="460" height="495" frameX="0" frameY="-2" frameWidth="460" frameHeight="497"/>
	<SubTexture name="Pico NOTE LEFT0003" x="1332" y="987" width="460" height="495" frameX="0" frameY="-2" frameWidth="460" frameHeight="497"/>
	<SubTexture name="Pico NOTE LEFT0004" x="1332" y="987" width="460" height="495" frameX="0" frameY="-2" frameWidth="460" frameHeight="497"/>
	<SubTexture name="Pico NOTE LEFT0005" x="1332" y="987" width="460" height="495" frameX="0" frameY="-2" frameWidth="460" frameHeight="497"/>
	<SubTexture name="Pico NOTE LEFT0006" x="1332" y="987" width="460" height="495" frameX="0" frameY="-2" frameWidth="460" frameHeight="497"/>
	<SubTexture name="Pico NOTE LEFT0007" x="1332" y="987" width="460" height="495" frameX="0" frameY="-2" frameWidth="460" frameHeight="497"/>
	<SubTexture name="Pico NOTE LEFT0008" x="1332" y="987" width="460" height="495" frameX="0" frameY="-2" frameWidth="460" frameHeight="497"/>
	<SubTexture name="Pico NOTE LEFT0009" x="1332" y="987" width="460" height="495" frameX="0" frameY="-2" frameWidth="460" frameHeight="497"/>
	<SubTexture name="Pico NOTE LEFT0010" x="1332" y="987" width="460" height="495" frameX="0" frameY="-2" frameWidth="460" frameHeight="497"/>
	<SubTexture name="Pico NOTE LEFT0011" x="1332" y="987" width="460" height="495" frameX="0" frameY="-2" frameWidth="460" frameHeight="497"/>
	<SubTexture name="Pico NOTE LEFT0012" x="1332" y="987" width="460" height="495" frameX="0" frameY="-2" frameWidth="460" frameHeight="497"/>
	<SubTexture name="Pico NOTE LEFT0013" x="1332" y="987" width="460" height="495" frameX="0" frameY="-2" frameWidth="460" frameHeight="497"/>
	<SubTexture name="Pico NOTE LEFT0014" x="1332" y="987" width="460" height="495" frameX="0" frameY="-2" frameWidth="460" frameHeight="497"/>
	<SubTexture name="Pico NOTE LEFT0015" x="1332" y="987" width="460" height="495" frameX="0" frameY="-2" frameWidth="460" frameHeight="497"/>
	<SubTexture name="Pico NOTE LEFT0016" x="1332" y="987" width="460" height="495" frameX="0" frameY="-2" frameWidth="460" frameHeight="497"/>
	<SubTexture name="Pico Note Right0000" x="0" y="1493" width="520" height="487" frameX="0" frameY="-2" frameWidth="520" frameHeight="489"/>
	<SubTexture name="Pico Note Right0001" x="0" y="1493" width="520" height="487" frameX="0" frameY="-2" frameWidth="520" frameHeight="489"/>
	<SubTexture name="Pico Note Right0002" x="520" y="1493" width="465" height="489" frameX="-5" frameY="0" frameWidth="520" frameHeight="489"/>
	<SubTexture name="Pico Note Right0003" x="520" y="1493" width="465" height="489" frameX="-5" frameY="0" frameWidth="520" frameHeight="489"/>
	<SubTexture name="Pico Note Right0004" x="520" y="1493" width="465" height="489" frameX="-5" frameY="0" frameWidth="520" frameHeight="489"/>
	<SubTexture name="Pico Note Right0005" x="520" y="1493" width="465" height="489" frameX="-5" frameY="0" frameWidth="520" frameHeight="489"/>
	<SubTexture name="Pico Note Right0006" x="520" y="1493" width="465" height="489" frameX="-5" frameY="0" frameWidth="520" frameHeight="489"/>
	<SubTexture name="Pico Note Right0007" x="520" y="1493" width="465" height="489" frameX="-5" frameY="0" frameWidth="520" frameHeight="489"/>
	<SubTexture name="Pico Note Right0008" x="520" y="1493" width="465" height="489" frameX="-5" frameY="0" frameWidth="520" frameHeight="489"/>
	<SubTexture name="Pico Note Right0009" x="520" y="1493" width="465" height="489" frameX="-5" frameY="0" frameWidth="520" frameHeight="489"/>
	<SubTexture name="Pico Note Right0010" x="520" y="1493" width="465" height="489" frameX="-5" frameY="0" frameWidth="520" frameHeight="489"/>
	<SubTexture name="Pico Note Right0011" x="520" y="1493" width="465" height="489" frameX="-5" frameY="0" frameWidth="520" frameHeight="489"/>
	<SubTexture name="Pico Note Right0012" x="520" y="1493" width="465" height="489" frameX="-5" frameY="0" frameWidth="520" frameHeight="489"/>
	<SubTexture name="Pico Note Right0013" x="520" y="1493" width="465" height="489" frameX="-5" frameY="0" frameWidth="520" frameHeight="489"/>
	<SubTexture name="Pico Note Right0014" x="520" y="1493" width="465" height="489" frameX="-5" frameY="0" frameWidth="520" frameHeight="489"/>
	<SubTexture name="Pico Note Right0015" x="520" y="1493" width="465" height="489" frameX="-5" frameY="0" frameWidth="520" frameHeight="489"/>
	<SubTexture name="Pico Note Right0016" x="520" y="1493" width="465" height="489" frameX="-5" frameY="0" frameWidth="520" frameHeight="489"/>
	<SubTexture name="pico Up note0000" x="985" y="1493" width="490" height="524" frameX="-2" frameY="0" frameWidth="493" frameHeight="533"/>
	<SubTexture name="pico Up note0001" x="985" y="1493" width="490" height="524" frameX="-2" frameY="0" frameWidth="493" frameHeight="533"/>
	<SubTexture name="pico Up note0002" x="1475" y="1493" width="493" height="527" frameX="0" frameY="-6" frameWidth="493" frameHeight="533"/>
	<SubTexture name="pico Up note0003" x="1475" y="1493" width="493" height="527" frameX="0" frameY="-6" frameWidth="493" frameHeight="533"/>
	<SubTexture name="pico Up note0004" x="1475" y="1493" width="493" height="527" frameX="0" frameY="-6" frameWidth="493" frameHeight="533"/>
	<SubTexture name="pico Up note0005" x="1475" y="1493" width="493" height="527" frameX="0" frameY="-6" frameWidth="493" frameHeight="533"/>
	<SubTexture name="pico Up note0006" x="1475" y="1493" width="493" height="527" frameX="0" frameY="-6" frameWidth="493" frameHeight="533"/>
	<SubTexture name="pico Up note0007" x="1475" y="1493" width="493" height="527" frameX="0" frameY="-6" frameWidth="493" frameHeight="533"/>
	<SubTexture name="pico Up note0008" x="1475" y="1493" width="493" height="527" frameX="0" frameY="-6" frameWidth="493" frameHeight="533"/>
	<SubTexture name="pico Up note0009" x="1475" y="1493" width="493" height="527" frameX="0" frameY="-6" frameWidth="493" frameHeight="533"/>
	<SubTexture name="pico Up note0010" x="1475" y="1493" width="493" height="527" frameX="0" frameY="-6" frameWidth="493" frameHeight="533"/>
	<SubTexture name="pico Up note0011" x="1475" y="1493" width="493" height="527" frameX="0" frameY="-6" frameWidth="493" frameHeight="533"/>
	<SubTexture name="pico Up note0012" x="1475" y="1493" width="493" height="527" frameX="0" frameY="-6" frameWidth="493" frameHeight="533"/>
	<SubTexture name="pico Up note0013" x="1475" y="1493" width="493" height="527" frameX="0" frameY="-6" frameWidth="493" frameHeight="533"/>
</TextureAtlas>
