﻿<?xml version="1.0" encoding="utf-8"?>
<TextureAtlas imagePath="bfChristmas.png">
	<!-- Created with Adobe Animate version 19.2.1.408 -->
	<!-- http://www.adobe.com/products/animate.html -->
	<SubTexture name="BF NOTE DOWN0000" x="0" y="0" width="365" height="359" frameX="-2" frameY="-5" frameWidth="367" frameHeight="364"/>
	<SubTexture name="BF NOTE DOWN0001" x="0" y="0" width="365" height="359" frameX="-2" frameY="-5" frameWidth="367" frameHeight="364"/>
	<SubTexture name="BF NOTE DOWN0002" x="365" y="0" width="363" height="364" frameX="0" frameY="0" frameWidth="367" frameHeight="364"/>
	<SubTexture name="BF NOTE DOWN0003" x="365" y="0" width="363" height="364" frameX="0" frameY="0" frameWidth="367" frameHeight="364"/>
	<SubTexture name="BF NOTE DOWN0004" x="365" y="0" width="363" height="364" frameX="0" frameY="0" frameWidth="367" frameHeight="364"/>
	<SubTexture name="BF NOTE DOWN0005" x="365" y="0" width="363" height="364" frameX="0" frameY="0" frameWidth="367" frameHeight="364"/>
	<SubTexture name="BF NOTE DOWN0006" x="365" y="0" width="363" height="364" frameX="0" frameY="0" frameWidth="367" frameHeight="364"/>
	<SubTexture name="BF NOTE DOWN0007" x="365" y="0" width="363" height="364" frameX="0" frameY="0" frameWidth="367" frameHeight="364"/>
	<SubTexture name="BF NOTE DOWN0008" x="365" y="0" width="363" height="364" frameX="0" frameY="0" frameWidth="367" frameHeight="364"/>
	<SubTexture name="BF NOTE DOWN0009" x="365" y="0" width="363" height="364" frameX="0" frameY="0" frameWidth="367" frameHeight="364"/>
	<SubTexture name="BF NOTE DOWN0010" x="365" y="0" width="363" height="364" frameX="0" frameY="0" frameWidth="367" frameHeight="364"/>
	<SubTexture name="BF NOTE DOWN0011" x="365" y="0" width="363" height="364" frameX="0" frameY="0" frameWidth="367" frameHeight="364"/>
	<SubTexture name="BF NOTE DOWN0012" x="365" y="0" width="363" height="364" frameX="0" frameY="0" frameWidth="367" frameHeight="364"/>
	<SubTexture name="BF NOTE DOWN0013" x="365" y="0" width="363" height="364" frameX="0" frameY="0" frameWidth="367" frameHeight="364"/>
	<SubTexture name="BF NOTE DOWN0014" x="365" y="0" width="363" height="364" frameX="0" frameY="0" frameWidth="367" frameHeight="364"/>
	<SubTexture name="BF NOTE DOWN0015" x="365" y="0" width="363" height="364" frameX="0" frameY="0" frameWidth="367" frameHeight="364"/>
	<SubTexture name="BF NOTE DOWN0016" x="365" y="0" width="363" height="364" frameX="0" frameY="0" frameWidth="367" frameHeight="364"/>
	<SubTexture name="BF NOTE DOWN0017" x="365" y="0" width="363" height="364" frameX="0" frameY="0" frameWidth="367" frameHeight="364"/>
	<SubTexture name="BF NOTE DOWN0018" x="365" y="0" width="363" height="364" frameX="0" frameY="0" frameWidth="367" frameHeight="364"/>
	<SubTexture name="BF NOTE DOWN0019" x="365" y="0" width="363" height="364" frameX="0" frameY="0" frameWidth="367" frameHeight="364"/>
	<SubTexture name="BF NOTE DOWN0020" x="365" y="0" width="363" height="364" frameX="0" frameY="0" frameWidth="367" frameHeight="364"/>
	<SubTexture name="BF NOTE DOWN0021" x="365" y="0" width="363" height="364" frameX="0" frameY="0" frameWidth="367" frameHeight="364"/>
	<SubTexture name="BF NOTE DOWN0022" x="365" y="0" width="363" height="364" frameX="0" frameY="0" frameWidth="367" frameHeight="364"/>
	<SubTexture name="BF NOTE DOWN0023" x="365" y="0" width="363" height="364" frameX="0" frameY="0" frameWidth="367" frameHeight="364"/>
	<SubTexture name="BF NOTE DOWN0024" x="365" y="0" width="363" height="364" frameX="0" frameY="0" frameWidth="367" frameHeight="364"/>
	<SubTexture name="BF NOTE DOWN0025" x="365" y="0" width="363" height="364" frameX="0" frameY="0" frameWidth="367" frameHeight="364"/>
	<SubTexture name="BF NOTE DOWN0026" x="365" y="0" width="363" height="364" frameX="0" frameY="0" frameWidth="367" frameHeight="364"/>
	<SubTexture name="BF NOTE DOWN0027" x="365" y="0" width="363" height="364" frameX="0" frameY="0" frameWidth="367" frameHeight="364"/>
	<SubTexture name="BF NOTE DOWN0028" x="365" y="0" width="363" height="364" frameX="0" frameY="0" frameWidth="367" frameHeight="364"/>
	<SubTexture name="BF NOTE DOWN0029" x="365" y="0" width="363" height="364" frameX="0" frameY="0" frameWidth="367" frameHeight="364"/>
	<SubTexture name="BF NOTE DOWN MISS0000" x="0" y="0" width="365" height="359" frameX="0" frameY="-40" frameWidth="367" frameHeight="364"/>
	<SubTexture name="BF NOTE DOWN MISS0001" x="728" y="0" width="358" height="399" frameX="-3" frameY="0" frameWidth="365" frameHeight="399"/>
	<SubTexture name="BF NOTE DOWN MISS0002" x="728" y="0" width="358" height="399" frameX="-3" frameY="0" frameWidth="365" frameHeight="399"/>
	<SubTexture name="BF NOTE DOWN MISS0003" x="1086" y="0" width="360" height="395" frameX="-2" frameY="-4" frameWidth="365" frameHeight="399"/>
	<SubTexture name="BF NOTE DOWN MISS0004" x="1086" y="0" width="360" height="395" frameX="-2" frameY="-4" frameWidth="365" frameHeight="399"/>
	<SubTexture name="BF NOTE DOWN MISS0005" x="1086" y="0" width="360" height="395" frameX="-2" frameY="-4" frameWidth="365" frameHeight="399"/>
	<SubTexture name="BF NOTE DOWN MISS0006" x="1086" y="0" width="360" height="395" frameX="-2" frameY="-4" frameWidth="365" frameHeight="399"/>
	<SubTexture name="BF NOTE DOWN MISS0007" x="1086" y="0" width="360" height="395" frameX="-2" frameY="-4" frameWidth="365" frameHeight="399"/>
	<SubTexture name="BF NOTE DOWN MISS0008" x="1086" y="0" width="360" height="395" frameX="-2" frameY="-4" frameWidth="365" frameHeight="399"/>
	<SubTexture name="BF NOTE DOWN MISS0009" x="1086" y="0" width="360" height="395" frameX="-2" frameY="-4" frameWidth="365" frameHeight="399"/>
	<SubTexture name="BF NOTE DOWN MISS0010" x="1086" y="0" width="360" height="395" frameX="-2" frameY="-4" frameWidth="365" frameHeight="399"/>
	<SubTexture name="BF NOTE DOWN MISS0011" x="1086" y="0" width="360" height="395" frameX="-2" frameY="-4" frameWidth="365" frameHeight="399"/>
	<SubTexture name="BF NOTE DOWN MISS0012" x="1086" y="0" width="360" height="395" frameX="-2" frameY="-4" frameWidth="365" frameHeight="399"/>
	<SubTexture name="BF NOTE DOWN MISS0013" x="1086" y="0" width="360" height="395" frameX="-2" frameY="-4" frameWidth="365" frameHeight="399"/>
	<SubTexture name="BF NOTE DOWN MISS0014" x="1086" y="0" width="360" height="395" frameX="-2" frameY="-4" frameWidth="365" frameHeight="399"/>
	<SubTexture name="BF NOTE DOWN MISS0015" x="1086" y="0" width="360" height="395" frameX="-2" frameY="-4" frameWidth="365" frameHeight="399"/>
	<SubTexture name="BF NOTE DOWN MISS0016" x="1086" y="0" width="360" height="395" frameX="-2" frameY="-4" frameWidth="365" frameHeight="399"/>
	<SubTexture name="BF NOTE DOWN MISS0017" x="1086" y="0" width="360" height="395" frameX="-2" frameY="-4" frameWidth="365" frameHeight="399"/>
	<SubTexture name="BF NOTE DOWN MISS0018" x="1086" y="0" width="360" height="395" frameX="-2" frameY="-4" frameWidth="365" frameHeight="399"/>
	<SubTexture name="BF NOTE DOWN MISS0019" x="1086" y="0" width="360" height="395" frameX="-2" frameY="-4" frameWidth="365" frameHeight="399"/>
	<SubTexture name="BF NOTE DOWN MISS0020" x="1086" y="0" width="360" height="395" frameX="-2" frameY="-4" frameWidth="365" frameHeight="399"/>
	<SubTexture name="BF NOTE DOWN MISS0021" x="1086" y="0" width="360" height="395" frameX="-2" frameY="-4" frameWidth="365" frameHeight="399"/>
	<SubTexture name="BF NOTE DOWN MISS0022" x="1086" y="0" width="360" height="395" frameX="-2" frameY="-4" frameWidth="365" frameHeight="399"/>
	<SubTexture name="BF NOTE DOWN MISS0023" x="1086" y="0" width="360" height="395" frameX="-2" frameY="-4" frameWidth="365" frameHeight="399"/>
	<SubTexture name="BF NOTE DOWN MISS0024" x="1086" y="0" width="360" height="395" frameX="-2" frameY="-4" frameWidth="365" frameHeight="399"/>
	<SubTexture name="BF NOTE DOWN MISS0025" x="1086" y="0" width="360" height="395" frameX="-2" frameY="-4" frameWidth="365" frameHeight="399"/>
	<SubTexture name="BF NOTE DOWN MISS0026" x="1086" y="0" width="360" height="395" frameX="-2" frameY="-4" frameWidth="365" frameHeight="399"/>
	<SubTexture name="BF NOTE DOWN MISS0027" x="1086" y="0" width="360" height="395" frameX="-2" frameY="-4" frameWidth="365" frameHeight="399"/>
	<SubTexture name="BF NOTE DOWN MISS0028" x="1086" y="0" width="360" height="395" frameX="-2" frameY="-4" frameWidth="365" frameHeight="399"/>
	<SubTexture name="BF NOTE LEFT0000" x="1446" y="0" width="363" height="402"/>
	<SubTexture name="BF NOTE LEFT0001" x="1446" y="0" width="363" height="402"/>
	<SubTexture name="BF NOTE LEFT0002" x="0" y="402" width="353" height="401" frameX="-10" frameY="-1" frameWidth="363" frameHeight="402"/>
	<SubTexture name="BF NOTE LEFT0003" x="0" y="402" width="353" height="401" frameX="-10" frameY="-1" frameWidth="363" frameHeight="402"/>
	<SubTexture name="BF NOTE LEFT0004" x="0" y="402" width="353" height="401" frameX="-10" frameY="-1" frameWidth="363" frameHeight="402"/>
	<SubTexture name="BF NOTE LEFT0005" x="0" y="402" width="353" height="401" frameX="-10" frameY="-1" frameWidth="363" frameHeight="402"/>
	<SubTexture name="BF NOTE LEFT0006" x="0" y="402" width="353" height="401" frameX="-10" frameY="-1" frameWidth="363" frameHeight="402"/>
	<SubTexture name="BF NOTE LEFT0007" x="0" y="402" width="353" height="401" frameX="-10" frameY="-1" frameWidth="363" frameHeight="402"/>
	<SubTexture name="BF NOTE LEFT0008" x="0" y="402" width="353" height="401" frameX="-10" frameY="-1" frameWidth="363" frameHeight="402"/>
	<SubTexture name="BF NOTE LEFT0009" x="0" y="402" width="353" height="401" frameX="-10" frameY="-1" frameWidth="363" frameHeight="402"/>
	<SubTexture name="BF NOTE LEFT0010" x="0" y="402" width="353" height="401" frameX="-10" frameY="-1" frameWidth="363" frameHeight="402"/>
	<SubTexture name="BF NOTE LEFT0011" x="0" y="402" width="353" height="401" frameX="-10" frameY="-1" frameWidth="363" frameHeight="402"/>
	<SubTexture name="BF NOTE LEFT0012" x="0" y="402" width="353" height="401" frameX="-10" frameY="-1" frameWidth="363" frameHeight="402"/>
	<SubTexture name="BF NOTE LEFT0013" x="0" y="402" width="353" height="401" frameX="-10" frameY="-1" frameWidth="363" frameHeight="402"/>
	<SubTexture name="BF NOTE LEFT0014" x="0" y="402" width="353" height="401" frameX="-10" frameY="-1" frameWidth="363" frameHeight="402"/>
	<SubTexture name="BF NOTE LEFT MISS0000" x="353" y="402" width="363" height="402" frameX="0" frameY="-33" frameWidth="372" frameHeight="435"/>
	<SubTexture name="BF NOTE LEFT MISS0001" x="716" y="402" width="359" height="433" frameX="-13" frameY="0" frameWidth="372" frameHeight="435"/>
	<SubTexture name="BF NOTE LEFT MISS0002" x="716" y="402" width="359" height="433" frameX="-13" frameY="0" frameWidth="372" frameHeight="435"/>
	<SubTexture name="BF NOTE LEFT MISS0003" x="1075" y="402" width="361" height="433" frameX="-11" frameY="0" frameWidth="372" frameHeight="435"/>
	<SubTexture name="BF NOTE LEFT MISS0004" x="1075" y="402" width="361" height="433" frameX="-11" frameY="0" frameWidth="372" frameHeight="435"/>
	<SubTexture name="BF NOTE LEFT MISS0005" x="1075" y="402" width="361" height="433" frameX="-11" frameY="0" frameWidth="372" frameHeight="435"/>
	<SubTexture name="BF NOTE LEFT MISS0006" x="1075" y="402" width="361" height="433" frameX="-11" frameY="0" frameWidth="372" frameHeight="435"/>
	<SubTexture name="BF NOTE LEFT MISS0007" x="1075" y="402" width="361" height="433" frameX="-11" frameY="0" frameWidth="372" frameHeight="435"/>
	<SubTexture name="BF NOTE LEFT MISS0008" x="1075" y="402" width="361" height="433" frameX="-11" frameY="0" frameWidth="372" frameHeight="435"/>
	<SubTexture name="BF NOTE LEFT MISS0009" x="1075" y="402" width="361" height="433" frameX="-11" frameY="0" frameWidth="372" frameHeight="435"/>
	<SubTexture name="BF NOTE LEFT MISS0010" x="1075" y="402" width="361" height="433" frameX="-11" frameY="0" frameWidth="372" frameHeight="435"/>
	<SubTexture name="BF NOTE LEFT MISS0011" x="1075" y="402" width="361" height="433" frameX="-11" frameY="0" frameWidth="372" frameHeight="435"/>
	<SubTexture name="BF NOTE LEFT MISS0012" x="1075" y="402" width="361" height="433" frameX="-11" frameY="0" frameWidth="372" frameHeight="435"/>
	<SubTexture name="BF NOTE LEFT MISS0013" x="1075" y="402" width="361" height="433" frameX="-11" frameY="0" frameWidth="372" frameHeight="435"/>
	<SubTexture name="BF NOTE LEFT MISS0014" x="1075" y="402" width="361" height="433" frameX="-11" frameY="0" frameWidth="372" frameHeight="435"/>
	<SubTexture name="BF NOTE LEFT MISS0015" x="1075" y="402" width="361" height="433" frameX="-11" frameY="0" frameWidth="372" frameHeight="435"/>
	<SubTexture name="BF NOTE LEFT MISS0016" x="1075" y="402" width="361" height="433" frameX="-11" frameY="0" frameWidth="372" frameHeight="435"/>
	<SubTexture name="BF NOTE LEFT MISS0017" x="1075" y="402" width="361" height="433" frameX="-11" frameY="0" frameWidth="372" frameHeight="435"/>
	<SubTexture name="BF NOTE LEFT MISS0018" x="1075" y="402" width="361" height="433" frameX="-11" frameY="0" frameWidth="372" frameHeight="435"/>
	<SubTexture name="BF NOTE LEFT MISS0019" x="1075" y="402" width="361" height="433" frameX="-11" frameY="0" frameWidth="372" frameHeight="435"/>
	<SubTexture name="BF NOTE LEFT MISS0020" x="1075" y="402" width="361" height="433" frameX="-11" frameY="0" frameWidth="372" frameHeight="435"/>
	<SubTexture name="BF NOTE LEFT MISS0021" x="1075" y="402" width="361" height="433" frameX="-11" frameY="0" frameWidth="372" frameHeight="435"/>
	<SubTexture name="BF NOTE LEFT MISS0022" x="1075" y="402" width="361" height="433" frameX="-11" frameY="0" frameWidth="372" frameHeight="435"/>
	<SubTexture name="BF NOTE LEFT MISS0023" x="1075" y="402" width="361" height="433" frameX="-11" frameY="0" frameWidth="372" frameHeight="435"/>
	<SubTexture name="BF NOTE LEFT MISS0024" x="1075" y="402" width="361" height="433" frameX="-11" frameY="0" frameWidth="372" frameHeight="435"/>
	<SubTexture name="BF NOTE LEFT MISS0025" x="1075" y="402" width="361" height="433" frameX="-11" frameY="0" frameWidth="372" frameHeight="435"/>
	<SubTexture name="BF NOTE LEFT MISS0026" x="1075" y="402" width="361" height="433" frameX="-11" frameY="0" frameWidth="372" frameHeight="435"/>
	<SubTexture name="BF NOTE LEFT MISS0027" x="1075" y="402" width="361" height="433" frameX="-11" frameY="0" frameWidth="372" frameHeight="435"/>
	<SubTexture name="BF NOTE LEFT MISS0028" x="1075" y="402" width="361" height="433" frameX="-11" frameY="0" frameWidth="372" frameHeight="435"/>
	<SubTexture name="BF NOTE LEFT MISS0029" x="1075" y="402" width="361" height="433" frameX="-11" frameY="0" frameWidth="372" frameHeight="435"/>
	<SubTexture name="BF NOTE LEFT MISS0030" x="1075" y="402" width="361" height="433" frameX="-11" frameY="0" frameWidth="372" frameHeight="435"/>
	<SubTexture name="BF NOTE LEFT MISS0031" x="1075" y="402" width="361" height="433" frameX="-11" frameY="0" frameWidth="372" frameHeight="435"/>
	<SubTexture name="BF NOTE LEFT MISS0032" x="1075" y="402" width="361" height="433" frameX="-11" frameY="0" frameWidth="372" frameHeight="435"/>
	<SubTexture name="BF NOTE LEFT MISS0033" x="1075" y="402" width="361" height="433" frameX="-11" frameY="0" frameWidth="372" frameHeight="435"/>
	<SubTexture name="BF NOTE RIGHT0000" x="1436" y="402" width="371" height="402" frameX="0" frameY="-3" frameWidth="371" frameHeight="405"/>
	<SubTexture name="BF NOTE RIGHT0001" x="1436" y="402" width="371" height="402" frameX="0" frameY="-3" frameWidth="371" frameHeight="405"/>
	<SubTexture name="BF NOTE RIGHT0002" x="0" y="835" width="370" height="405" frameX="0" frameY="0" frameWidth="371" frameHeight="405"/>
	<SubTexture name="BF NOTE RIGHT0003" x="0" y="835" width="370" height="405" frameX="0" frameY="0" frameWidth="371" frameHeight="405"/>
	<SubTexture name="BF NOTE RIGHT0004" x="0" y="835" width="370" height="405" frameX="0" frameY="0" frameWidth="371" frameHeight="405"/>
	<SubTexture name="BF NOTE RIGHT0005" x="0" y="835" width="370" height="405" frameX="0" frameY="0" frameWidth="371" frameHeight="405"/>
	<SubTexture name="BF NOTE RIGHT0006" x="0" y="835" width="370" height="405" frameX="0" frameY="0" frameWidth="371" frameHeight="405"/>
	<SubTexture name="BF NOTE RIGHT0007" x="0" y="835" width="370" height="405" frameX="0" frameY="0" frameWidth="371" frameHeight="405"/>
	<SubTexture name="BF NOTE RIGHT0008" x="0" y="835" width="370" height="405" frameX="0" frameY="0" frameWidth="371" frameHeight="405"/>
	<SubTexture name="BF NOTE RIGHT0009" x="0" y="835" width="370" height="405" frameX="0" frameY="0" frameWidth="371" frameHeight="405"/>
	<SubTexture name="BF NOTE RIGHT0010" x="0" y="835" width="370" height="405" frameX="0" frameY="0" frameWidth="371" frameHeight="405"/>
	<SubTexture name="BF NOTE RIGHT0011" x="0" y="835" width="370" height="405" frameX="0" frameY="0" frameWidth="371" frameHeight="405"/>
	<SubTexture name="BF NOTE RIGHT0012" x="0" y="835" width="370" height="405" frameX="0" frameY="0" frameWidth="371" frameHeight="405"/>
	<SubTexture name="BF NOTE RIGHT0013" x="0" y="835" width="370" height="405" frameX="0" frameY="0" frameWidth="371" frameHeight="405"/>
	<SubTexture name="BF NOTE RIGHT0014" x="0" y="835" width="370" height="405" frameX="0" frameY="0" frameWidth="371" frameHeight="405"/>
	<SubTexture name="BF NOTE RIGHT0015" x="0" y="835" width="370" height="405" frameX="0" frameY="0" frameWidth="371" frameHeight="405"/>
	<SubTexture name="BF NOTE RIGHT0016" x="0" y="835" width="370" height="405" frameX="0" frameY="0" frameWidth="371" frameHeight="405"/>
	<SubTexture name="BF NOTE RIGHT0017" x="0" y="835" width="370" height="405" frameX="0" frameY="0" frameWidth="371" frameHeight="405"/>
	<SubTexture name="BF NOTE RIGHT0018" x="0" y="835" width="370" height="405" frameX="0" frameY="0" frameWidth="371" frameHeight="405"/>
	<SubTexture name="BF NOTE RIGHT0019" x="0" y="835" width="370" height="405" frameX="0" frameY="0" frameWidth="371" frameHeight="405"/>
	<SubTexture name="BF NOTE RIGHT0020" x="0" y="835" width="370" height="405" frameX="0" frameY="0" frameWidth="371" frameHeight="405"/>
	<SubTexture name="BF NOTE RIGHT0021" x="0" y="835" width="370" height="405" frameX="0" frameY="0" frameWidth="371" frameHeight="405"/>
	<SubTexture name="BF NOTE RIGHT0022" x="0" y="835" width="370" height="405" frameX="0" frameY="0" frameWidth="371" frameHeight="405"/>
	<SubTexture name="BF NOTE RIGHT0023" x="0" y="835" width="370" height="405" frameX="0" frameY="0" frameWidth="371" frameHeight="405"/>
	<SubTexture name="BF NOTE RIGHT0024" x="0" y="835" width="370" height="405" frameX="0" frameY="0" frameWidth="371" frameHeight="405"/>
	<SubTexture name="BF NOTE RIGHT0025" x="0" y="835" width="370" height="405" frameX="0" frameY="0" frameWidth="371" frameHeight="405"/>
	<SubTexture name="BF NOTE RIGHT0026" x="0" y="835" width="370" height="405" frameX="0" frameY="0" frameWidth="371" frameHeight="405"/>
	<SubTexture name="BF NOTE RIGHT0027" x="0" y="835" width="370" height="405" frameX="0" frameY="0" frameWidth="371" frameHeight="405"/>
	<SubTexture name="BF NOTE RIGHT0028" x="0" y="835" width="370" height="405" frameX="0" frameY="0" frameWidth="371" frameHeight="405"/>
	<SubTexture name="BF NOTE RIGHT0029" x="0" y="835" width="370" height="405" frameX="0" frameY="0" frameWidth="371" frameHeight="405"/>
	<SubTexture name="BF NOTE RIGHT0030" x="0" y="835" width="370" height="405" frameX="0" frameY="0" frameWidth="371" frameHeight="405"/>
	<SubTexture name="BF NOTE RIGHT0031" x="0" y="835" width="370" height="405" frameX="0" frameY="0" frameWidth="371" frameHeight="405"/>
	<SubTexture name="BF NOTE RIGHT0032" x="0" y="835" width="370" height="405" frameX="0" frameY="0" frameWidth="371" frameHeight="405"/>
	<SubTexture name="BF NOTE RIGHT0033" x="0" y="835" width="370" height="405" frameX="0" frameY="0" frameWidth="371" frameHeight="405"/>
	<SubTexture name="BF NOTE RIGHT0034" x="0" y="835" width="370" height="405" frameX="0" frameY="0" frameWidth="371" frameHeight="405"/>
	<SubTexture name="BF NOTE RIGHT0035" x="0" y="835" width="370" height="405" frameX="0" frameY="0" frameWidth="371" frameHeight="405"/>
	<SubTexture name="BF NOTE RIGHT0036" x="0" y="835" width="370" height="405" frameX="0" frameY="0" frameWidth="371" frameHeight="405"/>
	<SubTexture name="BF NOTE RIGHT0037" x="0" y="835" width="370" height="405" frameX="0" frameY="0" frameWidth="371" frameHeight="405"/>
	<SubTexture name="BF NOTE RIGHT0038" x="0" y="835" width="370" height="405" frameX="0" frameY="0" frameWidth="371" frameHeight="405"/>
	<SubTexture name="BF NOTE RIGHT0039" x="0" y="835" width="370" height="405" frameX="0" frameY="0" frameWidth="371" frameHeight="405"/>
	<SubTexture name="BF NOTE RIGHT0040" x="0" y="835" width="370" height="405" frameX="0" frameY="0" frameWidth="371" frameHeight="405"/>
	<SubTexture name="BF NOTE RIGHT0041" x="0" y="835" width="370" height="405" frameX="0" frameY="0" frameWidth="371" frameHeight="405"/>
	<SubTexture name="BF NOTE RIGHT0042" x="0" y="835" width="370" height="405" frameX="0" frameY="0" frameWidth="371" frameHeight="405"/>
	<SubTexture name="BF NOTE RIGHT0043" x="0" y="835" width="370" height="405" frameX="0" frameY="0" frameWidth="371" frameHeight="405"/>
	<SubTexture name="BF NOTE RIGHT0044" x="0" y="835" width="370" height="405" frameX="0" frameY="0" frameWidth="371" frameHeight="405"/>
	<SubTexture name="BF NOTE RIGHT0045" x="0" y="835" width="370" height="405" frameX="0" frameY="0" frameWidth="371" frameHeight="405"/>
	<SubTexture name="BF NOTE RIGHT0046" x="0" y="835" width="370" height="405" frameX="0" frameY="0" frameWidth="371" frameHeight="405"/>
	<SubTexture name="BF NOTE RIGHT0047" x="0" y="835" width="370" height="405" frameX="0" frameY="0" frameWidth="371" frameHeight="405"/>
	<SubTexture name="BF NOTE RIGHT0048" x="0" y="835" width="370" height="405" frameX="0" frameY="0" frameWidth="371" frameHeight="405"/>
	<SubTexture name="BF NOTE RIGHT0049" x="0" y="835" width="370" height="405" frameX="0" frameY="0" frameWidth="371" frameHeight="405"/>
	<SubTexture name="BF NOTE RIGHT0050" x="0" y="835" width="370" height="405" frameX="0" frameY="0" frameWidth="371" frameHeight="405"/>
	<SubTexture name="BF NOTE RIGHT0051" x="0" y="835" width="370" height="405" frameX="0" frameY="0" frameWidth="371" frameHeight="405"/>
	<SubTexture name="BF NOTE RIGHT0052" x="0" y="835" width="370" height="405" frameX="0" frameY="0" frameWidth="371" frameHeight="405"/>
	<SubTexture name="BF NOTE RIGHT0053" x="0" y="835" width="370" height="405" frameX="0" frameY="0" frameWidth="371" frameHeight="405"/>
	<SubTexture name="BF NOTE RIGHT0054" x="0" y="835" width="370" height="405" frameX="0" frameY="0" frameWidth="371" frameHeight="405"/>
	<SubTexture name="BF NOTE RIGHT0055" x="0" y="835" width="370" height="405" frameX="0" frameY="0" frameWidth="371" frameHeight="405"/>
	<SubTexture name="BF NOTE RIGHT0056" x="0" y="835" width="370" height="405" frameX="0" frameY="0" frameWidth="371" frameHeight="405"/>
	<SubTexture name="BF NOTE RIGHT0057" x="0" y="835" width="370" height="405" frameX="0" frameY="0" frameWidth="371" frameHeight="405"/>
	<SubTexture name="BF NOTE RIGHT0058" x="0" y="835" width="370" height="405" frameX="0" frameY="0" frameWidth="371" frameHeight="405"/>
	<SubTexture name="BF NOTE RIGHT0059" x="0" y="835" width="370" height="405" frameX="0" frameY="0" frameWidth="371" frameHeight="405"/>
	<SubTexture name="BF NOTE RIGHT0060" x="0" y="835" width="370" height="405" frameX="0" frameY="0" frameWidth="371" frameHeight="405"/>
	<SubTexture name="BF NOTE RIGHT0061" x="0" y="835" width="370" height="405" frameX="0" frameY="0" frameWidth="371" frameHeight="405"/>
	<SubTexture name="BF NOTE RIGHT MISS0000" x="1436" y="402" width="371" height="402" frameX="0" frameY="-36" frameWidth="371" frameHeight="405"/>
	<SubTexture name="BF NOTE RIGHT MISS0001" x="370" y="835" width="368" height="436" frameX="-2" frameY="0" frameWidth="375" frameHeight="438"/>
	<SubTexture name="BF NOTE RIGHT MISS0002" x="370" y="835" width="368" height="436" frameX="-2" frameY="0" frameWidth="375" frameHeight="438"/>
	<SubTexture name="BF NOTE RIGHT MISS0003" x="738" y="835" width="373" height="436" frameX="-2" frameY="0" frameWidth="375" frameHeight="438"/>
	<SubTexture name="BF NOTE RIGHT MISS0004" x="738" y="835" width="373" height="436" frameX="-2" frameY="0" frameWidth="375" frameHeight="438"/>
	<SubTexture name="BF NOTE RIGHT MISS0005" x="738" y="835" width="373" height="436" frameX="-2" frameY="0" frameWidth="375" frameHeight="438"/>
	<SubTexture name="BF NOTE RIGHT MISS0006" x="738" y="835" width="373" height="436" frameX="-2" frameY="0" frameWidth="375" frameHeight="438"/>
	<SubTexture name="BF NOTE RIGHT MISS0007" x="738" y="835" width="373" height="436" frameX="-2" frameY="0" frameWidth="375" frameHeight="438"/>
	<SubTexture name="BF NOTE RIGHT MISS0008" x="738" y="835" width="373" height="436" frameX="-2" frameY="0" frameWidth="375" frameHeight="438"/>
	<SubTexture name="BF NOTE RIGHT MISS0009" x="738" y="835" width="373" height="436" frameX="-2" frameY="0" frameWidth="375" frameHeight="438"/>
	<SubTexture name="BF NOTE RIGHT MISS0010" x="738" y="835" width="373" height="436" frameX="-2" frameY="0" frameWidth="375" frameHeight="438"/>
	<SubTexture name="BF NOTE RIGHT MISS0011" x="738" y="835" width="373" height="436" frameX="-2" frameY="0" frameWidth="375" frameHeight="438"/>
	<SubTexture name="BF NOTE RIGHT MISS0012" x="738" y="835" width="373" height="436" frameX="-2" frameY="0" frameWidth="375" frameHeight="438"/>
	<SubTexture name="BF NOTE RIGHT MISS0013" x="738" y="835" width="373" height="436" frameX="-2" frameY="0" frameWidth="375" frameHeight="438"/>
	<SubTexture name="BF NOTE RIGHT MISS0014" x="738" y="835" width="373" height="436" frameX="-2" frameY="0" frameWidth="375" frameHeight="438"/>
	<SubTexture name="BF NOTE RIGHT MISS0015" x="738" y="835" width="373" height="436" frameX="-2" frameY="0" frameWidth="375" frameHeight="438"/>
	<SubTexture name="BF NOTE RIGHT MISS0016" x="738" y="835" width="373" height="436" frameX="-2" frameY="0" frameWidth="375" frameHeight="438"/>
	<SubTexture name="BF NOTE RIGHT MISS0017" x="738" y="835" width="373" height="436" frameX="-2" frameY="0" frameWidth="375" frameHeight="438"/>
	<SubTexture name="BF NOTE RIGHT MISS0018" x="738" y="835" width="373" height="436" frameX="-2" frameY="0" frameWidth="375" frameHeight="438"/>
	<SubTexture name="BF NOTE RIGHT MISS0019" x="738" y="835" width="373" height="436" frameX="-2" frameY="0" frameWidth="375" frameHeight="438"/>
	<SubTexture name="BF NOTE RIGHT MISS0020" x="738" y="835" width="373" height="436" frameX="-2" frameY="0" frameWidth="375" frameHeight="438"/>
	<SubTexture name="BF NOTE RIGHT MISS0021" x="738" y="835" width="373" height="436" frameX="-2" frameY="0" frameWidth="375" frameHeight="438"/>
	<SubTexture name="BF NOTE RIGHT MISS0022" x="738" y="835" width="373" height="436" frameX="-2" frameY="0" frameWidth="375" frameHeight="438"/>
	<SubTexture name="BF NOTE RIGHT MISS0023" x="738" y="835" width="373" height="436" frameX="-2" frameY="0" frameWidth="375" frameHeight="438"/>
	<SubTexture name="BF NOTE RIGHT MISS0024" x="738" y="835" width="373" height="436" frameX="-2" frameY="0" frameWidth="375" frameHeight="438"/>
	<SubTexture name="BF NOTE RIGHT MISS0025" x="738" y="835" width="373" height="436" frameX="-2" frameY="0" frameWidth="375" frameHeight="438"/>
	<SubTexture name="BF NOTE RIGHT MISS0026" x="738" y="835" width="373" height="436" frameX="-2" frameY="0" frameWidth="375" frameHeight="438"/>
	<SubTexture name="BF NOTE RIGHT MISS0027" x="738" y="835" width="373" height="436" frameX="-2" frameY="0" frameWidth="375" frameHeight="438"/>
	<SubTexture name="BF NOTE RIGHT MISS0028" x="738" y="835" width="373" height="436" frameX="-2" frameY="0" frameWidth="375" frameHeight="438"/>
	<SubTexture name="BF NOTE RIGHT MISS0029" x="738" y="835" width="373" height="436" frameX="-2" frameY="0" frameWidth="375" frameHeight="438"/>
	<SubTexture name="BF NOTE RIGHT MISS0030" x="738" y="835" width="373" height="436" frameX="-2" frameY="0" frameWidth="375" frameHeight="438"/>
	<SubTexture name="BF NOTE RIGHT MISS0031" x="738" y="835" width="373" height="436" frameX="-2" frameY="0" frameWidth="375" frameHeight="438"/>
	<SubTexture name="BF NOTE RIGHT MISS0032" x="738" y="835" width="373" height="436" frameX="-2" frameY="0" frameWidth="375" frameHeight="438"/>
	<SubTexture name="BF NOTE RIGHT MISS0033" x="738" y="835" width="373" height="436" frameX="-2" frameY="0" frameWidth="375" frameHeight="438"/>
	<SubTexture name="BF NOTE RIGHT MISS0034" x="738" y="835" width="373" height="436" frameX="-2" frameY="0" frameWidth="375" frameHeight="438"/>
	<SubTexture name="BF NOTE RIGHT MISS0035" x="738" y="835" width="373" height="436" frameX="-2" frameY="0" frameWidth="375" frameHeight="438"/>
	<SubTexture name="BF NOTE RIGHT MISS0036" x="738" y="835" width="373" height="436" frameX="-2" frameY="0" frameWidth="375" frameHeight="438"/>
	<SubTexture name="BF NOTE RIGHT MISS0037" x="738" y="835" width="373" height="436" frameX="-2" frameY="0" frameWidth="375" frameHeight="438"/>
	<SubTexture name="BF NOTE RIGHT MISS0038" x="738" y="835" width="373" height="436" frameX="-2" frameY="0" frameWidth="375" frameHeight="438"/>
	<SubTexture name="BF NOTE RIGHT MISS0039" x="738" y="835" width="373" height="436" frameX="-2" frameY="0" frameWidth="375" frameHeight="438"/>
	<SubTexture name="BF NOTE RIGHT MISS0040" x="738" y="835" width="373" height="436" frameX="-2" frameY="0" frameWidth="375" frameHeight="438"/>
	<SubTexture name="BF NOTE RIGHT MISS0041" x="738" y="835" width="373" height="436" frameX="-2" frameY="0" frameWidth="375" frameHeight="438"/>
	<SubTexture name="BF NOTE RIGHT MISS0042" x="738" y="835" width="373" height="436" frameX="-2" frameY="0" frameWidth="375" frameHeight="438"/>
	<SubTexture name="BF NOTE RIGHT MISS0043" x="738" y="835" width="373" height="436" frameX="-2" frameY="0" frameWidth="375" frameHeight="438"/>
	<SubTexture name="BF NOTE RIGHT MISS0044" x="738" y="835" width="373" height="436" frameX="-2" frameY="0" frameWidth="375" frameHeight="438"/>
	<SubTexture name="BF NOTE RIGHT MISS0045" x="738" y="835" width="373" height="436" frameX="-2" frameY="0" frameWidth="375" frameHeight="438"/>
	<SubTexture name="BF NOTE UP0000" x="1111" y="835" width="352" height="435" frameX="-6" frameY="0" frameWidth="359" frameHeight="435"/>
	<SubTexture name="BF NOTE UP0001" x="1111" y="835" width="352" height="435" frameX="-6" frameY="0" frameWidth="359" frameHeight="435"/>
	<SubTexture name="BF NOTE UP0002" x="1463" y="835" width="359" height="431" frameX="0" frameY="-4" frameWidth="359" frameHeight="435"/>
	<SubTexture name="BF NOTE UP0003" x="1463" y="835" width="359" height="431" frameX="0" frameY="-4" frameWidth="359" frameHeight="435"/>
	<SubTexture name="BF NOTE UP0004" x="1463" y="835" width="359" height="431" frameX="0" frameY="-4" frameWidth="359" frameHeight="435"/>
	<SubTexture name="BF NOTE UP0005" x="1463" y="835" width="359" height="431" frameX="0" frameY="-4" frameWidth="359" frameHeight="435"/>
	<SubTexture name="BF NOTE UP0006" x="1463" y="835" width="359" height="431" frameX="0" frameY="-4" frameWidth="359" frameHeight="435"/>
	<SubTexture name="BF NOTE UP0007" x="1463" y="835" width="359" height="431" frameX="0" frameY="-4" frameWidth="359" frameHeight="435"/>
	<SubTexture name="BF NOTE UP0008" x="1463" y="835" width="359" height="431" frameX="0" frameY="-4" frameWidth="359" frameHeight="435"/>
	<SubTexture name="BF NOTE UP0009" x="1463" y="835" width="359" height="431" frameX="0" frameY="-4" frameWidth="359" frameHeight="435"/>
	<SubTexture name="BF NOTE UP0010" x="1463" y="835" width="359" height="431" frameX="0" frameY="-4" frameWidth="359" frameHeight="435"/>
	<SubTexture name="BF NOTE UP0011" x="1463" y="835" width="359" height="431" frameX="0" frameY="-4" frameWidth="359" frameHeight="435"/>
	<SubTexture name="BF NOTE UP0012" x="1463" y="835" width="359" height="431" frameX="0" frameY="-4" frameWidth="359" frameHeight="435"/>
	<SubTexture name="BF NOTE UP0013" x="1463" y="835" width="359" height="431" frameX="0" frameY="-4" frameWidth="359" frameHeight="435"/>
	<SubTexture name="BF NOTE UP0014" x="1463" y="835" width="359" height="431" frameX="0" frameY="-4" frameWidth="359" frameHeight="435"/>
	<SubTexture name="BF NOTE UP MISS0000" x="1111" y="835" width="352" height="435" frameX="-12" frameY="-2" frameWidth="359" frameHeight="435"/>
	<SubTexture name="BF NOTE UP MISS0001" x="0" y="1271" width="359" height="430" frameX="0" frameY="-3" frameWidth="364" frameHeight="437"/>
	<SubTexture name="BF NOTE UP MISS0002" x="0" y="1271" width="359" height="430" frameX="0" frameY="-3" frameWidth="364" frameHeight="437"/>
	<SubTexture name="BF NOTE UP MISS0003" x="359" y="1271" width="356" height="433" frameX="-1" frameY="0" frameWidth="364" frameHeight="437"/>
	<SubTexture name="BF NOTE UP MISS0004" x="359" y="1271" width="356" height="433" frameX="-1" frameY="0" frameWidth="364" frameHeight="437"/>
	<SubTexture name="BF NOTE UP MISS0005" x="359" y="1271" width="356" height="433" frameX="-1" frameY="0" frameWidth="364" frameHeight="437"/>
	<SubTexture name="BF NOTE UP MISS0006" x="359" y="1271" width="356" height="433" frameX="-1" frameY="0" frameWidth="364" frameHeight="437"/>
	<SubTexture name="BF NOTE UP MISS0007" x="359" y="1271" width="356" height="433" frameX="-1" frameY="0" frameWidth="364" frameHeight="437"/>
	<SubTexture name="BF NOTE UP MISS0008" x="359" y="1271" width="356" height="433" frameX="-1" frameY="0" frameWidth="364" frameHeight="437"/>
	<SubTexture name="BF NOTE UP MISS0009" x="359" y="1271" width="356" height="433" frameX="-1" frameY="0" frameWidth="364" frameHeight="437"/>
	<SubTexture name="BF NOTE UP MISS0010" x="359" y="1271" width="356" height="433" frameX="-1" frameY="0" frameWidth="364" frameHeight="437"/>
	<SubTexture name="BF NOTE UP MISS0011" x="359" y="1271" width="356" height="433" frameX="-1" frameY="0" frameWidth="364" frameHeight="437"/>
	<SubTexture name="BF NOTE UP MISS0012" x="359" y="1271" width="356" height="433" frameX="-1" frameY="0" frameWidth="364" frameHeight="437"/>
	<SubTexture name="BF NOTE UP MISS0013" x="359" y="1271" width="356" height="433" frameX="-1" frameY="0" frameWidth="364" frameHeight="437"/>
	<SubTexture name="BF NOTE UP MISS0014" x="359" y="1271" width="356" height="433" frameX="-1" frameY="0" frameWidth="364" frameHeight="437"/>
	<SubTexture name="BF NOTE UP MISS0015" x="359" y="1271" width="356" height="433" frameX="-1" frameY="0" frameWidth="364" frameHeight="437"/>
	<SubTexture name="BF NOTE UP MISS0016" x="359" y="1271" width="356" height="433" frameX="-1" frameY="0" frameWidth="364" frameHeight="437"/>
	<SubTexture name="BF NOTE UP MISS0017" x="359" y="1271" width="356" height="433" frameX="-1" frameY="0" frameWidth="364" frameHeight="437"/>
	<SubTexture name="BF NOTE UP MISS0018" x="359" y="1271" width="356" height="433" frameX="-1" frameY="0" frameWidth="364" frameHeight="437"/>
	<SubTexture name="BF NOTE UP MISS0019" x="359" y="1271" width="356" height="433" frameX="-1" frameY="0" frameWidth="364" frameHeight="437"/>
	<SubTexture name="BF NOTE UP MISS0020" x="359" y="1271" width="356" height="433" frameX="-1" frameY="0" frameWidth="364" frameHeight="437"/>
	<SubTexture name="BF NOTE UP MISS0021" x="359" y="1271" width="356" height="433" frameX="-1" frameY="0" frameWidth="364" frameHeight="437"/>
	<SubTexture name="BF NOTE UP MISS0022" x="359" y="1271" width="356" height="433" frameX="-1" frameY="0" frameWidth="364" frameHeight="437"/>
	<SubTexture name="BF NOTE UP MISS0023" x="359" y="1271" width="356" height="433" frameX="-1" frameY="0" frameWidth="364" frameHeight="437"/>
	<SubTexture name="BF idle dance0000" x="715" y="1271" width="381" height="389" frameX="0" frameY="-21" frameWidth="387" frameHeight="411"/>
	<SubTexture name="BF idle dance0001" x="715" y="1271" width="381" height="389" frameX="0" frameY="-21" frameWidth="387" frameHeight="411"/>
	<SubTexture name="BF idle dance0002" x="1096" y="1271" width="381" height="392" frameX="-1" frameY="-19" frameWidth="387" frameHeight="411"/>
	<SubTexture name="BF idle dance0003" x="1096" y="1271" width="381" height="392" frameX="-1" frameY="-19" frameWidth="387" frameHeight="411"/>
	<SubTexture name="BF idle dance0004" x="1477" y="1271" width="377" height="397" frameX="-6" frameY="-14" frameWidth="387" frameHeight="411"/>
	<SubTexture name="BF idle dance0005" x="1477" y="1271" width="377" height="397" frameX="-6" frameY="-14" frameWidth="387" frameHeight="411"/>
	<SubTexture name="BF idle dance0006" x="0" y="1704" width="377" height="410" frameX="-10" frameY="-1" frameWidth="387" frameHeight="411"/>
	<SubTexture name="BF idle dance0007" x="0" y="1704" width="377" height="410" frameX="-10" frameY="-1" frameWidth="387" frameHeight="411"/>
	<SubTexture name="BF idle dance0008" x="377" y="1704" width="378" height="411" frameX="-9" frameY="0" frameWidth="387" frameHeight="411"/>
	<SubTexture name="BF idle dance0009" x="377" y="1704" width="378" height="411" frameX="-9" frameY="0" frameWidth="387" frameHeight="411"/>
	<SubTexture name="BF idle dance0010" x="377" y="1704" width="378" height="411" frameX="-9" frameY="0" frameWidth="387" frameHeight="411"/>
	<SubTexture name="BF idle dance0011" x="377" y="1704" width="378" height="411" frameX="-9" frameY="0" frameWidth="387" frameHeight="411"/>
	<SubTexture name="BF idle dance0012" x="377" y="1704" width="378" height="411" frameX="-9" frameY="0" frameWidth="387" frameHeight="411"/>
	<SubTexture name="BF idle dance0013" x="377" y="1704" width="378" height="411" frameX="-9" frameY="0" frameWidth="387" frameHeight="411"/>
</TextureAtlas>
