﻿<?xml version="1.0" encoding="utf-8"?>
<TextureAtlas imagePath="bottomBop.png">
	<!-- Created with Adobe Animate version 19.2.1.408 -->
	<!-- http://www.adobe.com/products/animate.html -->
	<SubTexture name="Bottom Level Boppers0000" x="0" y="0" width="2083" height="702"/>
	<SubTexture name="Bottom Level Boppers0001" x="0" y="0" width="2083" height="702"/>
	<SubTexture name="Bottom Level Boppers0002" x="0" y="702" width="2069" height="702" frameX="-9" frameY="0" frameWidth="2083" frameHeight="702"/>
	<SubTexture name="Bottom Level Boppers0003" x="0" y="702" width="2069" height="702" frameX="-9" frameY="0" frameWidth="2083" frameHeight="702"/>
	<SubTexture name="Bottom Level Boppers0004" x="0" y="1404" width="2061" height="702" frameX="-17" frameY="0" frameWidth="2083" frameHeight="702"/>
	<SubTexture name="Bottom Level Boppers0005" x="0" y="1404" width="2061" height="702" frameX="-17" frameY="0" frameWidth="2083" frameHeight="702"/>
	<SubTexture name="Bottom Level Boppers0006" x="0" y="2106" width="2061" height="702" frameX="-17" frameY="0" frameWidth="2083" frameHeight="702"/>
	<SubTexture name="Bottom Level Boppers0007" x="0" y="2106" width="2061" height="702" frameX="-17" frameY="0" frameWidth="2083" frameHeight="702"/>
	<SubTexture name="Bottom Level Boppers0008" x="0" y="2106" width="2061" height="702" frameX="-17" frameY="0" frameWidth="2083" frameHeight="702"/>
	<SubTexture name="Bottom Level Boppers0009" x="0" y="2106" width="2061" height="702" frameX="-17" frameY="0" frameWidth="2083" frameHeight="702"/>
	<SubTexture name="Bottom Level Boppers0010" x="0" y="2106" width="2061" height="702" frameX="-17" frameY="0" frameWidth="2083" frameHeight="702"/>
	<SubTexture name="Bottom Level Boppers0011" x="0" y="2106" width="2061" height="702" frameX="-17" frameY="0" frameWidth="2083" frameHeight="702"/>
	<SubTexture name="Bottom Level Boppers0012" x="0" y="2106" width="2061" height="702" frameX="-17" frameY="0" frameWidth="2083" frameHeight="702"/>
	<SubTexture name="Bottom Level Boppers0013" x="0" y="2106" width="2061" height="702" frameX="-17" frameY="0" frameWidth="2083" frameHeight="702"/>
</TextureAtlas>
