﻿<?xml version="1.0" encoding="utf-8"?>
<TextureAtlas imagePath="gfChristmas.png">
	<!-- Created with Adobe Animate version 19.2.1.408 -->
	<!-- http://www.adobe.com/products/animate.html -->
	<SubTexture name="GF Dancing Beat0000" x="0" y="0" width="783" height="701" frameX="0" frameY="-14" frameWidth="783" frameHeight="715"/>
	<SubTexture name="GF Dancing Beat0001" x="783" y="0" width="783" height="701" frameX="0" frameY="-14" frameWidth="783" frameHeight="715"/>
	<SubTexture name="GF Dancing Beat0002" x="1566" y="0" width="783" height="699" frameX="0" frameY="-16" frameWidth="783" frameHeight="715"/>
	<SubTexture name="GF Dancing Beat0003" x="2349" y="0" width="783" height="699" frameX="0" frameY="-16" frameWidth="783" frameHeight="715"/>
	<SubTexture name="GF Dancing Beat0004" x="3132" y="0" width="783" height="702" frameX="0" frameY="-13" frameWidth="783" frameHeight="715"/>
	<SubTexture name="GF Dancing Beat0005" x="0" y="702" width="783" height="702" frameX="0" frameY="-13" frameWidth="783" frameHeight="715"/>
	<SubTexture name="GF Dancing Beat0006" x="783" y="702" width="783" height="704" frameX="0" frameY="-11" frameWidth="783" frameHeight="715"/>
	<SubTexture name="GF Dancing Beat0007" x="1566" y="702" width="783" height="715"/>
	<SubTexture name="GF Dancing Beat0008" x="1566" y="702" width="783" height="715"/>
	<SubTexture name="GF Dancing Beat0009" x="1566" y="702" width="783" height="715"/>
	<SubTexture name="GF Dancing Beat0010" x="2349" y="702" width="783" height="715"/>
	<SubTexture name="GF Dancing Beat0011" x="2349" y="702" width="783" height="715"/>
	<SubTexture name="GF Dancing Beat0012" x="2349" y="702" width="783" height="715"/>
	<SubTexture name="GF Dancing Beat0013" x="3132" y="702" width="783" height="715"/>
	<SubTexture name="GF Dancing Beat0014" x="3132" y="702" width="783" height="715"/>
	<SubTexture name="GF Dancing Beat0015" x="0" y="1417" width="783" height="703" frameX="0" frameY="-12" frameWidth="783" frameHeight="715"/>
	<SubTexture name="GF Dancing Beat0016" x="783" y="1417" width="783" height="703" frameX="0" frameY="-12" frameWidth="783" frameHeight="715"/>
	<SubTexture name="GF Dancing Beat0017" x="1566" y="1417" width="783" height="703" frameX="0" frameY="-12" frameWidth="783" frameHeight="715"/>
	<SubTexture name="GF Dancing Beat0018" x="2349" y="1417" width="783" height="703" frameX="0" frameY="-12" frameWidth="783" frameHeight="715"/>
	<SubTexture name="GF Dancing Beat0019" x="3132" y="1417" width="783" height="704" frameX="0" frameY="-11" frameWidth="783" frameHeight="715"/>
	<SubTexture name="GF Dancing Beat0020" x="0" y="2121" width="783" height="704" frameX="0" frameY="-11" frameWidth="783" frameHeight="715"/>
	<SubTexture name="GF Dancing Beat0021" x="783" y="2121" width="783" height="705" frameX="0" frameY="-10" frameWidth="783" frameHeight="715"/>
	<SubTexture name="GF Dancing Beat0022" x="1566" y="2121" width="783" height="710" frameX="0" frameY="-5" frameWidth="783" frameHeight="715"/>
	<SubTexture name="GF Dancing Beat0023" x="1566" y="2121" width="783" height="710" frameX="0" frameY="-5" frameWidth="783" frameHeight="715"/>
	<SubTexture name="GF Dancing Beat0024" x="1566" y="2121" width="783" height="710" frameX="0" frameY="-5" frameWidth="783" frameHeight="715"/>
	<SubTexture name="GF Dancing Beat0025" x="2349" y="2121" width="783" height="709" frameX="0" frameY="-6" frameWidth="783" frameHeight="715"/>
	<SubTexture name="GF Dancing Beat0026" x="2349" y="2121" width="783" height="709" frameX="0" frameY="-6" frameWidth="783" frameHeight="715"/>
	<SubTexture name="GF Dancing Beat0027" x="2349" y="2121" width="783" height="709" frameX="0" frameY="-6" frameWidth="783" frameHeight="715"/>
	<SubTexture name="GF Dancing Beat0028" x="3132" y="2121" width="783" height="709" frameX="0" frameY="-6" frameWidth="783" frameHeight="715"/>
	<SubTexture name="GF Dancing Beat0029" x="3132" y="2121" width="783" height="709" frameX="0" frameY="-6" frameWidth="783" frameHeight="715"/>
	<SubTexture name="gf sad0000" x="0" y="2831" width="783" height="744"/>
	<SubTexture name="gf sad0001" x="0" y="2831" width="783" height="744"/>
	<SubTexture name="gf sad0002" x="783" y="2831" width="783" height="744"/>
	<SubTexture name="gf sad0003" x="783" y="2831" width="783" height="744"/>
	<SubTexture name="gf sad0004" x="1566" y="2831" width="783" height="744"/>
	<SubTexture name="gf sad0005" x="1566" y="2831" width="783" height="744"/>
	<SubTexture name="gf sad0006" x="2349" y="2831" width="783" height="744"/>
	<SubTexture name="gf sad0007" x="2349" y="2831" width="783" height="744"/>
	<SubTexture name="gf sad0008" x="3132" y="2831" width="783" height="744"/>
	<SubTexture name="gf sad0009" x="3132" y="2831" width="783" height="744"/>
	<SubTexture name="gf sad0010" x="783" y="2831" width="783" height="744"/>
	<SubTexture name="gf sad0011" x="783" y="2831" width="783" height="744"/>
	<SubTexture name="gf sad0012" x="1566" y="2831" width="783" height="744"/>
	<SubTexture name="gf sad0013" x="1566" y="2831" width="783" height="744"/>
	<SubTexture name="gf sad0014" x="2349" y="2831" width="783" height="744"/>
	<SubTexture name="gf sad0015" x="2349" y="2831" width="783" height="744"/>
	<SubTexture name="gf sad0016" x="3132" y="2831" width="783" height="744"/>
	<SubTexture name="gf sad0017" x="3132" y="2831" width="783" height="744"/>
	<SubTexture name="gf sad0018" x="783" y="2831" width="783" height="744"/>
	<SubTexture name="gf sad0019" x="783" y="2831" width="783" height="744"/>
	<SubTexture name="gf sad0020" x="1566" y="2831" width="783" height="744"/>
	<SubTexture name="gf sad0021" x="1566" y="2831" width="783" height="744"/>
	<SubTexture name="gf sad0022" x="2349" y="2831" width="783" height="744"/>
	<SubTexture name="gf sad0023" x="2349" y="2831" width="783" height="744"/>
	<SubTexture name="gf sad0024" x="3132" y="2831" width="783" height="744"/>
	<SubTexture name="gf sad0025" x="3132" y="2831" width="783" height="744"/>
	<SubTexture name="gf sad0026" x="783" y="2831" width="783" height="744"/>
	<SubTexture name="gf sad0027" x="783" y="2831" width="783" height="744"/>
	<SubTexture name="gf sad0028" x="1566" y="2831" width="783" height="744"/>
	<SubTexture name="gf sad0029" x="1566" y="2831" width="783" height="744"/>
	<SubTexture name="gf sad0030" x="2349" y="2831" width="783" height="744"/>
	<SubTexture name="gf sad0031" x="2349" y="2831" width="783" height="744"/>
	<SubTexture name="gf sad0032" x="3132" y="2831" width="783" height="744"/>
	<SubTexture name="gf sad0033" x="3132" y="2831" width="783" height="744"/>
	<SubTexture name="gf sad0034" x="783" y="2831" width="783" height="744"/>
	<SubTexture name="gf sad0035" x="783" y="2831" width="783" height="744"/>
	<SubTexture name="gf sad0036" x="1566" y="2831" width="783" height="744"/>
	<SubTexture name="gf sad0037" x="1566" y="2831" width="783" height="744"/>
	<SubTexture name="gf sad0038" x="2349" y="2831" width="783" height="744"/>
	<SubTexture name="gf sad0039" x="2349" y="2831" width="783" height="744"/>
	<SubTexture name="gf sad0040" x="3132" y="2831" width="783" height="744"/>
	<SubTexture name="gf sad0041" x="3132" y="2831" width="783" height="744"/>
	<SubTexture name="gf sad0042" x="783" y="2831" width="783" height="744"/>
	<SubTexture name="gf sad0043" x="783" y="2831" width="783" height="744"/>
	<SubTexture name="gf sad0044" x="1566" y="2831" width="783" height="744"/>
	<SubTexture name="gf sad0045" x="1566" y="2831" width="783" height="744"/>
	<SubTexture name="gf sad0046" x="2349" y="2831" width="783" height="744"/>
	<SubTexture name="gf sad0047" x="2349" y="2831" width="783" height="744"/>
	<SubTexture name="gf sad0048" x="3132" y="2831" width="783" height="744"/>
	<SubTexture name="gf sad0049" x="3132" y="2831" width="783" height="744"/>
	<SubTexture name="gf sad0050" x="783" y="2831" width="783" height="744"/>
	<SubTexture name="gf sad0051" x="783" y="2831" width="783" height="744"/>
	<SubTexture name="gf sad0052" x="1566" y="2831" width="783" height="744"/>
	<SubTexture name="gf sad0053" x="1566" y="2831" width="783" height="744"/>
	<SubTexture name="gf sad0054" x="2349" y="2831" width="783" height="744"/>
	<SubTexture name="gf sad0055" x="2349" y="2831" width="783" height="744"/>
	<SubTexture name="gf sad0056" x="3132" y="2831" width="783" height="744"/>
	<SubTexture name="gf sad0057" x="3132" y="2831" width="783" height="744"/>
	<SubTexture name="gf sad0058" x="783" y="2831" width="783" height="744"/>
	<SubTexture name="gf sad0059" x="783" y="2831" width="783" height="744"/>
	<SubTexture name="gf sad0060" x="1566" y="2831" width="783" height="744"/>
	<SubTexture name="gf sad0061" x="1566" y="2831" width="783" height="744"/>
	<SubTexture name="gf sad0062" x="2349" y="2831" width="783" height="744"/>
	<SubTexture name="gf sad0063" x="2349" y="2831" width="783" height="744"/>
	<SubTexture name="gf sad0064" x="3132" y="2831" width="783" height="744"/>
	<SubTexture name="gf sad0065" x="3132" y="2831" width="783" height="744"/>
	<SubTexture name="gf sad0066" x="783" y="2831" width="783" height="744"/>
	<SubTexture name="gf sad0067" x="783" y="2831" width="783" height="744"/>
	<SubTexture name="gf sad0068" x="1566" y="2831" width="783" height="744"/>
	<SubTexture name="gf sad0069" x="1566" y="2831" width="783" height="744"/>
	<SubTexture name="gf sad0070" x="2349" y="2831" width="783" height="744"/>
	<SubTexture name="gf sad0071" x="2349" y="2831" width="783" height="744"/>
	<SubTexture name="gf sad0072" x="3132" y="2831" width="783" height="744"/>
	<SubTexture name="gf sad0073" x="3132" y="2831" width="783" height="744"/>
	<SubTexture name="gf sad0074" x="783" y="2831" width="783" height="744"/>
	<SubTexture name="gf sad0075" x="783" y="2831" width="783" height="744"/>
	<SubTexture name="gf sad0076" x="1566" y="2831" width="783" height="744"/>
	<SubTexture name="gf sad0077" x="1566" y="2831" width="783" height="744"/>
	<SubTexture name="gf sad0078" x="2349" y="2831" width="783" height="744"/>
	<SubTexture name="gf sad0079" x="2349" y="2831" width="783" height="744"/>
</TextureAtlas>
