﻿<?xml version="1.0" encoding="utf-8"?>
<TextureAtlas imagePath="mom_dad_christmas_assets.png">
	<!-- Created with Adobe Animate version 19.2.1.408 -->
	<!-- http://www.adobe.com/products/animate.html -->
	<SubTexture name="Parent Christmas Idle0000" x="0" y="0" width="767" height="726" frameX="0" frameY="-6" frameWidth="767" frameHeight="732"/>
	<SubTexture name="Parent Christmas Idle0001" x="0" y="0" width="767" height="726" frameX="0" frameY="-6" frameWidth="767" frameHeight="732"/>
	<SubTexture name="Parent Christmas Idle0002" x="767" y="0" width="757" height="711" frameX="-4" frameY="-21" frameWidth="767" frameHeight="732"/>
	<SubTexture name="Parent Christmas Idle0003" x="767" y="0" width="757" height="711" frameX="-4" frameY="-21" frameWidth="767" frameHeight="732"/>
	<SubTexture name="Parent Christmas Idle0004" x="1524" y="0" width="752" height="717" frameX="-8" frameY="-15" frameWidth="767" frameHeight="732"/>
	<SubTexture name="Parent Christmas Idle0005" x="1524" y="0" width="752" height="717" frameX="-8" frameY="-15" frameWidth="767" frameHeight="732"/>
	<SubTexture name="Parent Christmas Idle0006" x="2276" y="0" width="754" height="728" frameX="-8" frameY="-4" frameWidth="767" frameHeight="732"/>
	<SubTexture name="Parent Christmas Idle0007" x="2276" y="0" width="754" height="728" frameX="-8" frameY="-4" frameWidth="767" frameHeight="732"/>
	<SubTexture name="Parent Christmas Idle0008" x="3030" y="0" width="755" height="731" frameX="-8" frameY="-1" frameWidth="767" frameHeight="732"/>
	<SubTexture name="Parent Christmas Idle0009" x="3030" y="0" width="755" height="731" frameX="-8" frameY="-1" frameWidth="767" frameHeight="732"/>
	<SubTexture name="Parent Christmas Idle0010" x="0" y="731" width="755" height="732" frameX="-8" frameY="0" frameWidth="767" frameHeight="732"/>
	<SubTexture name="Parent Christmas Idle0011" x="0" y="731" width="755" height="732" frameX="-8" frameY="0" frameWidth="767" frameHeight="732"/>
	<SubTexture name="Parent Christmas Idle0012" x="0" y="731" width="755" height="732" frameX="-8" frameY="0" frameWidth="767" frameHeight="732"/>
	<SubTexture name="Parent Christmas Idle0013" x="0" y="731" width="755" height="732" frameX="-8" frameY="0" frameWidth="767" frameHeight="732"/>
	<SubTexture name="Parent Down Note0000" x="755" y="731" width="748" height="695" frameX="0" frameY="-13" frameWidth="748" frameHeight="708"/>
	<SubTexture name="Parent Down Note0001" x="755" y="731" width="748" height="695" frameX="0" frameY="-13" frameWidth="748" frameHeight="708"/>
	<SubTexture name="Parent Down Note0002" x="1503" y="731" width="747" height="708" frameX="0" frameY="0" frameWidth="748" frameHeight="708"/>
	<SubTexture name="Parent Down Note0003" x="1503" y="731" width="747" height="708" frameX="0" frameY="0" frameWidth="748" frameHeight="708"/>
	<SubTexture name="Parent Down Note0004" x="1503" y="731" width="747" height="708" frameX="0" frameY="0" frameWidth="748" frameHeight="708"/>
	<SubTexture name="Parent Down Note0005" x="1503" y="731" width="747" height="708" frameX="0" frameY="0" frameWidth="748" frameHeight="708"/>
	<SubTexture name="Parent Down Note0006" x="1503" y="731" width="747" height="708" frameX="0" frameY="0" frameWidth="748" frameHeight="708"/>
	<SubTexture name="Parent Down Note0007" x="1503" y="731" width="747" height="708" frameX="0" frameY="0" frameWidth="748" frameHeight="708"/>
	<SubTexture name="Parent Down Note0008" x="1503" y="731" width="747" height="708" frameX="0" frameY="0" frameWidth="748" frameHeight="708"/>
	<SubTexture name="Parent Down Note0009" x="1503" y="731" width="747" height="708" frameX="0" frameY="0" frameWidth="748" frameHeight="708"/>
	<SubTexture name="Parent Down Note0010" x="1503" y="731" width="747" height="708" frameX="0" frameY="0" frameWidth="748" frameHeight="708"/>
	<SubTexture name="Parent Down Note0011" x="1503" y="731" width="747" height="708" frameX="0" frameY="0" frameWidth="748" frameHeight="708"/>
	<SubTexture name="Parent Down Note0012" x="1503" y="731" width="747" height="708" frameX="0" frameY="0" frameWidth="748" frameHeight="708"/>
	<SubTexture name="Parent Down Note0013" x="1503" y="731" width="747" height="708" frameX="0" frameY="0" frameWidth="748" frameHeight="708"/>
	<SubTexture name="Parent Down Note0014" x="1503" y="731" width="747" height="708" frameX="0" frameY="0" frameWidth="748" frameHeight="708"/>
	<SubTexture name="Parent Down Note Dad0000" x="2250" y="731" width="748" height="702" frameX="0" frameY="-6" frameWidth="748" frameHeight="708"/>
	<SubTexture name="Parent Down Note Dad0001" x="2250" y="731" width="748" height="702" frameX="0" frameY="-6" frameWidth="748" frameHeight="708"/>
	<SubTexture name="Parent Down Note Dad0002" x="2998" y="731" width="747" height="702" frameX="0" frameY="-6" frameWidth="748" frameHeight="708"/>
	<SubTexture name="Parent Down Note Dad0003" x="2998" y="731" width="747" height="702" frameX="0" frameY="-6" frameWidth="748" frameHeight="708"/>
	<SubTexture name="Parent Down Note Dad0004" x="0" y="1463" width="747" height="708" frameX="0" frameY="0" frameWidth="748" frameHeight="708"/>
	<SubTexture name="Parent Down Note Dad0005" x="0" y="1463" width="747" height="708" frameX="0" frameY="0" frameWidth="748" frameHeight="708"/>
	<SubTexture name="Parent Down Note Dad0006" x="0" y="1463" width="747" height="708" frameX="0" frameY="0" frameWidth="748" frameHeight="708"/>
	<SubTexture name="Parent Down Note Dad0007" x="0" y="1463" width="747" height="708" frameX="0" frameY="0" frameWidth="748" frameHeight="708"/>
	<SubTexture name="Parent Down Note Dad0008" x="0" y="1463" width="747" height="708" frameX="0" frameY="0" frameWidth="748" frameHeight="708"/>
	<SubTexture name="Parent Down Note Dad0009" x="0" y="1463" width="747" height="708" frameX="0" frameY="0" frameWidth="748" frameHeight="708"/>
	<SubTexture name="Parent Down Note Dad0010" x="0" y="1463" width="747" height="708" frameX="0" frameY="0" frameWidth="748" frameHeight="708"/>
	<SubTexture name="Parent Down Note Dad0011" x="0" y="1463" width="747" height="708" frameX="0" frameY="0" frameWidth="748" frameHeight="708"/>
	<SubTexture name="Parent Down Note Dad0012" x="0" y="1463" width="747" height="708" frameX="0" frameY="0" frameWidth="748" frameHeight="708"/>
	<SubTexture name="Parent Down Note Dad0013" x="0" y="1463" width="747" height="708" frameX="0" frameY="0" frameWidth="748" frameHeight="708"/>
	<SubTexture name="Parent Down Note Dad0014" x="0" y="1463" width="747" height="708" frameX="0" frameY="0" frameWidth="748" frameHeight="708"/>
	<SubTexture name="Parent Down Note Mom0000" x="747" y="1463" width="748" height="701" frameX="0" frameY="-7" frameWidth="748" frameHeight="708"/>
	<SubTexture name="Parent Down Note Mom0001" x="747" y="1463" width="748" height="701" frameX="0" frameY="-7" frameWidth="748" frameHeight="708"/>
	<SubTexture name="Parent Down Note Mom0002" x="1495" y="1463" width="747" height="704" frameX="0" frameY="-4" frameWidth="748" frameHeight="708"/>
	<SubTexture name="Parent Down Note Mom0003" x="1495" y="1463" width="747" height="704" frameX="0" frameY="-4" frameWidth="748" frameHeight="708"/>
	<SubTexture name="Parent Down Note Mom0004" x="2242" y="1463" width="747" height="708" frameX="0" frameY="0" frameWidth="748" frameHeight="708"/>
	<SubTexture name="Parent Down Note Mom0005" x="2242" y="1463" width="747" height="708" frameX="0" frameY="0" frameWidth="748" frameHeight="708"/>
	<SubTexture name="Parent Down Note Mom0006" x="2989" y="1463" width="747" height="708" frameX="0" frameY="0" frameWidth="748" frameHeight="708"/>
	<SubTexture name="Parent Down Note Mom0007" x="2989" y="1463" width="747" height="708" frameX="0" frameY="0" frameWidth="748" frameHeight="708"/>
	<SubTexture name="Parent Down Note Mom0008" x="2242" y="1463" width="747" height="708" frameX="0" frameY="0" frameWidth="748" frameHeight="708"/>
	<SubTexture name="Parent Down Note Mom0009" x="2242" y="1463" width="747" height="708" frameX="0" frameY="0" frameWidth="748" frameHeight="708"/>
	<SubTexture name="Parent Down Note Mom0010" x="2989" y="1463" width="747" height="708" frameX="0" frameY="0" frameWidth="748" frameHeight="708"/>
	<SubTexture name="Parent Down Note Mom0011" x="2989" y="1463" width="747" height="708" frameX="0" frameY="0" frameWidth="748" frameHeight="708"/>
	<SubTexture name="Parent Down Note Mom0012" x="2242" y="1463" width="747" height="708" frameX="0" frameY="0" frameWidth="748" frameHeight="708"/>
	<SubTexture name="Parent Down Note Mom0013" x="2242" y="1463" width="747" height="708" frameX="0" frameY="0" frameWidth="748" frameHeight="708"/>
	<SubTexture name="Parent Down Note Mom0014" x="2989" y="1463" width="747" height="708" frameX="0" frameY="0" frameWidth="748" frameHeight="708"/>
	<SubTexture name="Parent Left Note0000" x="0" y="2171" width="705" height="748" frameX="0" frameY="-2" frameWidth="708" frameHeight="750"/>
	<SubTexture name="Parent Left Note0001" x="0" y="2171" width="705" height="748" frameX="0" frameY="-2" frameWidth="708" frameHeight="750"/>
	<SubTexture name="Parent Left Note0002" x="705" y="2171" width="708" height="750"/>
	<SubTexture name="Parent Left Note0003" x="705" y="2171" width="708" height="750"/>
	<SubTexture name="Parent Left Note0004" x="705" y="2171" width="708" height="750"/>
	<SubTexture name="Parent Left Note0005" x="705" y="2171" width="708" height="750"/>
	<SubTexture name="Parent Left Note0006" x="705" y="2171" width="708" height="750"/>
	<SubTexture name="Parent Left Note0007" x="705" y="2171" width="708" height="750"/>
	<SubTexture name="Parent Left Note0008" x="705" y="2171" width="708" height="750"/>
	<SubTexture name="Parent Left Note0009" x="705" y="2171" width="708" height="750"/>
	<SubTexture name="Parent Left Note0010" x="705" y="2171" width="708" height="750"/>
	<SubTexture name="Parent Left Note0011" x="705" y="2171" width="708" height="750"/>
	<SubTexture name="Parent Left Note0012" x="705" y="2171" width="708" height="750"/>
	<SubTexture name="Parent Left Note0013" x="705" y="2171" width="708" height="750"/>
	<SubTexture name="Parent Left Note0014" x="705" y="2171" width="708" height="750"/>
	<SubTexture name="Parent Left Note0015" x="1413" y="2171" width="708" height="750"/>
	<SubTexture name="Parent Left Note Dad0000" x="2121" y="2171" width="705" height="751" frameX="0" frameY="0" frameWidth="708" frameHeight="751"/>
	<SubTexture name="Parent Left Note Dad0001" x="2121" y="2171" width="705" height="751" frameX="0" frameY="0" frameWidth="708" frameHeight="751"/>
	<SubTexture name="Parent Left Note Dad0002" x="2826" y="2171" width="708" height="743" frameX="0" frameY="-8" frameWidth="708" frameHeight="751"/>
	<SubTexture name="Parent Left Note Dad0003" x="2826" y="2171" width="708" height="743" frameX="0" frameY="-8" frameWidth="708" frameHeight="751"/>
	<SubTexture name="Parent Left Note Dad0004" x="0" y="2922" width="708" height="750" frameX="0" frameY="-1" frameWidth="708" frameHeight="751"/>
	<SubTexture name="Parent Left Note Dad0005" x="0" y="2922" width="708" height="750" frameX="0" frameY="-1" frameWidth="708" frameHeight="751"/>
	<SubTexture name="Parent Left Note Dad0006" x="0" y="2922" width="708" height="750" frameX="0" frameY="-1" frameWidth="708" frameHeight="751"/>
	<SubTexture name="Parent Left Note Dad0007" x="0" y="2922" width="708" height="750" frameX="0" frameY="-1" frameWidth="708" frameHeight="751"/>
	<SubTexture name="Parent Left Note Dad0008" x="0" y="2922" width="708" height="750" frameX="0" frameY="-1" frameWidth="708" frameHeight="751"/>
	<SubTexture name="Parent Left Note Dad0009" x="0" y="2922" width="708" height="750" frameX="0" frameY="-1" frameWidth="708" frameHeight="751"/>
	<SubTexture name="Parent Left Note Dad0010" x="0" y="2922" width="708" height="750" frameX="0" frameY="-1" frameWidth="708" frameHeight="751"/>
	<SubTexture name="Parent Left Note Dad0011" x="0" y="2922" width="708" height="750" frameX="0" frameY="-1" frameWidth="708" frameHeight="751"/>
	<SubTexture name="Parent Left Note Dad0012" x="0" y="2922" width="708" height="750" frameX="0" frameY="-1" frameWidth="708" frameHeight="751"/>
	<SubTexture name="Parent Left Note Dad0013" x="0" y="2922" width="708" height="750" frameX="0" frameY="-1" frameWidth="708" frameHeight="751"/>
	<SubTexture name="Parent Left Note Dad0014" x="0" y="2922" width="708" height="750" frameX="0" frameY="-1" frameWidth="708" frameHeight="751"/>
	<SubTexture name="Parent Left Note Dad0015" x="0" y="2922" width="708" height="750" frameX="0" frameY="-1" frameWidth="708" frameHeight="751"/>
	<SubTexture name="Parent Left Note Mom0000" x="708" y="2922" width="705" height="750" frameX="0" frameY="0" frameWidth="708" frameHeight="750"/>
	<SubTexture name="Parent Left Note Mom0001" x="708" y="2922" width="705" height="750" frameX="0" frameY="0" frameWidth="708" frameHeight="750"/>
	<SubTexture name="Parent Left Note Mom0002" x="1413" y="2922" width="708" height="744" frameX="0" frameY="-6" frameWidth="708" frameHeight="750"/>
	<SubTexture name="Parent Left Note Mom0003" x="1413" y="2922" width="708" height="744" frameX="0" frameY="-6" frameWidth="708" frameHeight="750"/>
	<SubTexture name="Parent Left Note Mom0004" x="2121" y="2922" width="708" height="750"/>
	<SubTexture name="Parent Left Note Mom0005" x="2121" y="2922" width="708" height="750"/>
	<SubTexture name="Parent Left Note Mom0006" x="2829" y="2922" width="708" height="750"/>
	<SubTexture name="Parent Left Note Mom0007" x="2829" y="2922" width="708" height="750"/>
	<SubTexture name="Parent Left Note Mom0008" x="2121" y="2922" width="708" height="750"/>
	<SubTexture name="Parent Left Note Mom0009" x="2121" y="2922" width="708" height="750"/>
	<SubTexture name="Parent Left Note Mom0010" x="2829" y="2922" width="708" height="750"/>
	<SubTexture name="Parent Left Note Mom0011" x="2829" y="2922" width="708" height="750"/>
	<SubTexture name="Parent Left Note Mom0012" x="2121" y="2922" width="708" height="750"/>
	<SubTexture name="Parent Left Note Mom0013" x="2121" y="2922" width="708" height="750"/>
	<SubTexture name="Parent Left Note Mom0014" x="2829" y="2922" width="708" height="750"/>
	<SubTexture name="Parent Right Note0000" x="0" y="3672" width="797" height="703" frameX="0" frameY="-6" frameWidth="797" frameHeight="709"/>
	<SubTexture name="Parent Right Note0001" x="0" y="3672" width="797" height="703" frameX="0" frameY="-6" frameWidth="797" frameHeight="709"/>
	<SubTexture name="Parent Right Note0002" x="797" y="3672" width="788" height="709" frameX="0" frameY="0" frameWidth="797" frameHeight="709"/>
	<SubTexture name="Parent Right Note0003" x="797" y="3672" width="788" height="709" frameX="0" frameY="0" frameWidth="797" frameHeight="709"/>
	<SubTexture name="Parent Right Note0004" x="797" y="3672" width="788" height="709" frameX="0" frameY="0" frameWidth="797" frameHeight="709"/>
	<SubTexture name="Parent Right Note0005" x="797" y="3672" width="788" height="709" frameX="0" frameY="0" frameWidth="797" frameHeight="709"/>
	<SubTexture name="Parent Right Note0006" x="797" y="3672" width="788" height="709" frameX="0" frameY="0" frameWidth="797" frameHeight="709"/>
	<SubTexture name="Parent Right Note0007" x="797" y="3672" width="788" height="709" frameX="0" frameY="0" frameWidth="797" frameHeight="709"/>
	<SubTexture name="Parent Right Note0008" x="797" y="3672" width="788" height="709" frameX="0" frameY="0" frameWidth="797" frameHeight="709"/>
	<SubTexture name="Parent Right Note0009" x="797" y="3672" width="788" height="709" frameX="0" frameY="0" frameWidth="797" frameHeight="709"/>
	<SubTexture name="Parent Right Note0010" x="797" y="3672" width="788" height="709" frameX="0" frameY="0" frameWidth="797" frameHeight="709"/>
	<SubTexture name="Parent Right Note0011" x="797" y="3672" width="788" height="709" frameX="0" frameY="0" frameWidth="797" frameHeight="709"/>
	<SubTexture name="Parent Right Note0012" x="797" y="3672" width="788" height="709" frameX="0" frameY="0" frameWidth="797" frameHeight="709"/>
	<SubTexture name="Parent Right Note0013" x="797" y="3672" width="788" height="709" frameX="0" frameY="0" frameWidth="797" frameHeight="709"/>
	<SubTexture name="Parent Right Note0014" x="797" y="3672" width="788" height="709" frameX="0" frameY="0" frameWidth="797" frameHeight="709"/>
	<SubTexture name="Parent Right Note0015" x="797" y="3672" width="788" height="709" frameX="0" frameY="0" frameWidth="797" frameHeight="709"/>
	<SubTexture name="Parent Right Note Dad0000" x="1585" y="3672" width="793" height="696" frameX="0" frameY="-15" frameWidth="793" frameHeight="711"/>
	<SubTexture name="Parent Right Note Dad0001" x="1585" y="3672" width="793" height="696" frameX="0" frameY="-15" frameWidth="793" frameHeight="711"/>
	<SubTexture name="Parent Right Note Dad0002" x="2378" y="3672" width="790" height="711" frameX="0" frameY="0" frameWidth="793" frameHeight="711"/>
	<SubTexture name="Parent Right Note Dad0003" x="2378" y="3672" width="790" height="711" frameX="0" frameY="0" frameWidth="793" frameHeight="711"/>
	<SubTexture name="Parent Right Note Dad0004" x="3168" y="3672" width="788" height="709" frameX="0" frameY="-2" frameWidth="793" frameHeight="711"/>
	<SubTexture name="Parent Right Note Dad0005" x="3168" y="3672" width="788" height="709" frameX="0" frameY="-2" frameWidth="793" frameHeight="711"/>
	<SubTexture name="Parent Right Note Dad0006" x="3168" y="3672" width="788" height="709" frameX="0" frameY="-2" frameWidth="793" frameHeight="711"/>
	<SubTexture name="Parent Right Note Dad0007" x="3168" y="3672" width="788" height="709" frameX="0" frameY="-2" frameWidth="793" frameHeight="711"/>
	<SubTexture name="Parent Right Note Dad0008" x="3168" y="3672" width="788" height="709" frameX="0" frameY="-2" frameWidth="793" frameHeight="711"/>
	<SubTexture name="Parent Right Note Dad0009" x="3168" y="3672" width="788" height="709" frameX="0" frameY="-2" frameWidth="793" frameHeight="711"/>
	<SubTexture name="Parent Right Note Dad0010" x="3168" y="3672" width="788" height="709" frameX="0" frameY="-2" frameWidth="793" frameHeight="711"/>
	<SubTexture name="Parent Right Note Dad0011" x="3168" y="3672" width="788" height="709" frameX="0" frameY="-2" frameWidth="793" frameHeight="711"/>
	<SubTexture name="Parent Right Note Dad0012" x="3168" y="3672" width="788" height="709" frameX="0" frameY="-2" frameWidth="793" frameHeight="711"/>
	<SubTexture name="Parent Right Note Dad0013" x="3168" y="3672" width="788" height="709" frameX="0" frameY="-2" frameWidth="793" frameHeight="711"/>
	<SubTexture name="Parent Right Note Dad0014" x="3168" y="3672" width="788" height="709" frameX="0" frameY="-2" frameWidth="793" frameHeight="711"/>
	<SubTexture name="Parent Right Note Dad0015" x="3168" y="3672" width="788" height="709" frameX="0" frameY="-2" frameWidth="793" frameHeight="711"/>
	<SubTexture name="Parent Right Note Mom0000" x="0" y="4383" width="795" height="699" frameX="0" frameY="-12" frameWidth="795" frameHeight="711"/>
	<SubTexture name="Parent Right Note Mom0001" x="0" y="4383" width="795" height="699" frameX="0" frameY="-12" frameWidth="795" frameHeight="711"/>
	<SubTexture name="Parent Right Note Mom0002" x="795" y="4383" width="792" height="711" frameX="0" frameY="0" frameWidth="795" frameHeight="711"/>
	<SubTexture name="Parent Right Note Mom0003" x="795" y="4383" width="792" height="711" frameX="0" frameY="0" frameWidth="795" frameHeight="711"/>
	<SubTexture name="Parent Right Note Mom0004" x="1587" y="4383" width="788" height="709" frameX="0" frameY="-2" frameWidth="795" frameHeight="711"/>
	<SubTexture name="Parent Right Note Mom0005" x="1587" y="4383" width="788" height="709" frameX="0" frameY="-2" frameWidth="795" frameHeight="711"/>
	<SubTexture name="Parent Right Note Mom0006" x="1587" y="4383" width="788" height="709" frameX="0" frameY="-2" frameWidth="795" frameHeight="711"/>
	<SubTexture name="Parent Right Note Mom0007" x="1587" y="4383" width="788" height="709" frameX="0" frameY="-2" frameWidth="795" frameHeight="711"/>
	<SubTexture name="Parent Right Note Mom0008" x="1587" y="4383" width="788" height="709" frameX="0" frameY="-2" frameWidth="795" frameHeight="711"/>
	<SubTexture name="Parent Right Note Mom0009" x="1587" y="4383" width="788" height="709" frameX="0" frameY="-2" frameWidth="795" frameHeight="711"/>
	<SubTexture name="Parent Right Note Mom0010" x="1587" y="4383" width="788" height="709" frameX="0" frameY="-2" frameWidth="795" frameHeight="711"/>
	<SubTexture name="Parent Right Note Mom0011" x="1587" y="4383" width="788" height="709" frameX="0" frameY="-2" frameWidth="795" frameHeight="711"/>
	<SubTexture name="Parent Right Note Mom0012" x="1587" y="4383" width="788" height="709" frameX="0" frameY="-2" frameWidth="795" frameHeight="711"/>
	<SubTexture name="Parent Right Note Mom0013" x="1587" y="4383" width="788" height="709" frameX="0" frameY="-2" frameWidth="795" frameHeight="711"/>
	<SubTexture name="Parent Right Note Mom0014" x="1587" y="4383" width="788" height="709" frameX="0" frameY="-2" frameWidth="795" frameHeight="711"/>
	<SubTexture name="Parent Up Note0000" x="2375" y="4383" width="687" height="762" frameX="0" frameY="0" frameWidth="690" frameHeight="762"/>
	<SubTexture name="Parent Up Note0001" x="2375" y="4383" width="687" height="762" frameX="0" frameY="0" frameWidth="690" frameHeight="762"/>
	<SubTexture name="Parent Up Note0002" x="3062" y="4383" width="690" height="756" frameX="0" frameY="-6" frameWidth="690" frameHeight="762"/>
	<SubTexture name="Parent Up Note0003" x="3062" y="4383" width="690" height="756" frameX="0" frameY="-6" frameWidth="690" frameHeight="762"/>
	<SubTexture name="Parent Up Note0004" x="3062" y="4383" width="690" height="756" frameX="0" frameY="-6" frameWidth="690" frameHeight="762"/>
	<SubTexture name="Parent Up Note0005" x="3062" y="4383" width="690" height="756" frameX="0" frameY="-6" frameWidth="690" frameHeight="762"/>
	<SubTexture name="Parent Up Note0006" x="3062" y="4383" width="690" height="756" frameX="0" frameY="-6" frameWidth="690" frameHeight="762"/>
	<SubTexture name="Parent Up Note0007" x="3062" y="4383" width="690" height="756" frameX="0" frameY="-6" frameWidth="690" frameHeight="762"/>
	<SubTexture name="Parent Up Note0008" x="3062" y="4383" width="690" height="756" frameX="0" frameY="-6" frameWidth="690" frameHeight="762"/>
	<SubTexture name="Parent Up Note0009" x="3062" y="4383" width="690" height="756" frameX="0" frameY="-6" frameWidth="690" frameHeight="762"/>
	<SubTexture name="Parent Up Note0010" x="3062" y="4383" width="690" height="756" frameX="0" frameY="-6" frameWidth="690" frameHeight="762"/>
	<SubTexture name="Parent Up Note0011" x="3062" y="4383" width="690" height="756" frameX="0" frameY="-6" frameWidth="690" frameHeight="762"/>
	<SubTexture name="Parent Up Note0012" x="3062" y="4383" width="690" height="756" frameX="0" frameY="-6" frameWidth="690" frameHeight="762"/>
	<SubTexture name="Parent Up Note0013" x="3062" y="4383" width="690" height="756" frameX="0" frameY="-6" frameWidth="690" frameHeight="762"/>
	<SubTexture name="Parent Up Note Dad0000" x="0" y="5145" width="694" height="760"/>
	<SubTexture name="Parent Up Note Dad0001" x="0" y="5145" width="694" height="760"/>
	<SubTexture name="Parent Up Note Dad0002" x="694" y="5145" width="690" height="753" frameX="0" frameY="-7" frameWidth="694" frameHeight="760"/>
	<SubTexture name="Parent Up Note Dad0003" x="694" y="5145" width="690" height="753" frameX="0" frameY="-7" frameWidth="694" frameHeight="760"/>
	<SubTexture name="Parent Up Note Dad0004" x="1384" y="5145" width="690" height="756" frameX="0" frameY="-4" frameWidth="694" frameHeight="760"/>
	<SubTexture name="Parent Up Note Dad0005" x="1384" y="5145" width="690" height="756" frameX="0" frameY="-4" frameWidth="694" frameHeight="760"/>
	<SubTexture name="Parent Up Note Dad0006" x="1384" y="5145" width="690" height="756" frameX="0" frameY="-4" frameWidth="694" frameHeight="760"/>
	<SubTexture name="Parent Up Note Dad0007" x="1384" y="5145" width="690" height="756" frameX="0" frameY="-4" frameWidth="694" frameHeight="760"/>
	<SubTexture name="Parent Up Note Dad0008" x="1384" y="5145" width="690" height="756" frameX="0" frameY="-4" frameWidth="694" frameHeight="760"/>
	<SubTexture name="Parent Up Note Dad0009" x="1384" y="5145" width="690" height="756" frameX="0" frameY="-4" frameWidth="694" frameHeight="760"/>
	<SubTexture name="Parent Up Note Dad0010" x="1384" y="5145" width="690" height="756" frameX="0" frameY="-4" frameWidth="694" frameHeight="760"/>
	<SubTexture name="Parent Up Note Dad0011" x="1384" y="5145" width="690" height="756" frameX="0" frameY="-4" frameWidth="694" frameHeight="760"/>
	<SubTexture name="Parent Up Note Dad0012" x="1384" y="5145" width="690" height="756" frameX="0" frameY="-4" frameWidth="694" frameHeight="760"/>
	<SubTexture name="Parent Up Note Dad0013" x="1384" y="5145" width="690" height="756" frameX="0" frameY="-4" frameWidth="694" frameHeight="760"/>
	<SubTexture name="Parent Up Note Mom0000" x="2074" y="5145" width="694" height="763"/>
	<SubTexture name="Parent Up Note Mom0001" x="2074" y="5145" width="694" height="763"/>
	<SubTexture name="Parent Up Note Mom0002" x="2768" y="5145" width="690" height="753" frameX="0" frameY="-10" frameWidth="694" frameHeight="763"/>
	<SubTexture name="Parent Up Note Mom0003" x="2768" y="5145" width="690" height="753" frameX="0" frameY="-10" frameWidth="694" frameHeight="763"/>
	<SubTexture name="Parent Up Note Mom0004" x="0" y="5908" width="690" height="756" frameX="0" frameY="-7" frameWidth="694" frameHeight="763"/>
	<SubTexture name="Parent Up Note Mom0005" x="0" y="5908" width="690" height="756" frameX="0" frameY="-7" frameWidth="694" frameHeight="763"/>
	<SubTexture name="Parent Up Note Mom0006" x="690" y="5908" width="690" height="756" frameX="0" frameY="-7" frameWidth="694" frameHeight="763"/>
	<SubTexture name="Parent Up Note Mom0007" x="690" y="5908" width="690" height="756" frameX="0" frameY="-7" frameWidth="694" frameHeight="763"/>
	<SubTexture name="Parent Up Note Mom0008" x="0" y="5908" width="690" height="756" frameX="0" frameY="-7" frameWidth="694" frameHeight="763"/>
	<SubTexture name="Parent Up Note Mom0009" x="0" y="5908" width="690" height="756" frameX="0" frameY="-7" frameWidth="694" frameHeight="763"/>
	<SubTexture name="Parent Up Note Mom0010" x="690" y="5908" width="690" height="756" frameX="0" frameY="-7" frameWidth="694" frameHeight="763"/>
	<SubTexture name="Parent Up Note Mom0011" x="690" y="5908" width="690" height="756" frameX="0" frameY="-7" frameWidth="694" frameHeight="763"/>
	<SubTexture name="Parent Up Note Mom0012" x="0" y="5908" width="690" height="756" frameX="0" frameY="-7" frameWidth="694" frameHeight="763"/>
	<SubTexture name="Parent Up Note Mom0013" x="0" y="5908" width="690" height="756" frameX="0" frameY="-7" frameWidth="694" frameHeight="763"/>
</TextureAtlas>
