﻿<?xml version="1.0" encoding="utf-8"?>
<TextureAtlas imagePath="MonsterChristmas.png">
	<!-- Created with Adobe Animate version 19.2.1.408 -->
	<!-- http://www.adobe.com/products/animate.html -->
	<SubTexture name="Monster Right note0000" x="0" y="0" width="710" height="619" frameX="-7" frameY="0" frameWidth="717" frameHeight="619"/>
	<SubTexture name="Monster Right note0001" x="0" y="0" width="710" height="619" frameX="-7" frameY="0" frameWidth="717" frameHeight="619"/>
	<SubTexture name="Monster Right note0002" x="710" y="0" width="717" height="619"/>
	<SubTexture name="Monster Right note0003" x="710" y="0" width="717" height="619"/>
	<SubTexture name="Monster Right note0004" x="710" y="0" width="717" height="619"/>
	<SubTexture name="Monster Right note0005" x="710" y="0" width="717" height="619"/>
	<SubTexture name="Monster Right note0006" x="710" y="0" width="717" height="619"/>
	<SubTexture name="Monster Right note0007" x="710" y="0" width="717" height="619"/>
	<SubTexture name="Monster Right note0008" x="710" y="0" width="717" height="619"/>
	<SubTexture name="Monster Right note0009" x="710" y="0" width="717" height="619"/>
	<SubTexture name="Monster Right note0010" x="710" y="0" width="717" height="619"/>
	<SubTexture name="Monster Right note0011" x="710" y="0" width="717" height="619"/>
	<SubTexture name="Monster Right note0012" x="710" y="0" width="717" height="619"/>
	<SubTexture name="Monster Right note0013" x="710" y="0" width="717" height="619"/>
	<SubTexture name="Monster Right note0014" x="710" y="0" width="717" height="619"/>
	<SubTexture name="Monster Right note0015" x="710" y="0" width="717" height="619"/>
	<SubTexture name="Monster Right note0016" x="710" y="0" width="717" height="619"/>
	<SubTexture name="Monster Right note0017" x="710" y="0" width="717" height="619"/>
	<SubTexture name="Monster Right note0018" x="710" y="0" width="717" height="619"/>
	<SubTexture name="Monster Right note0019" x="710" y="0" width="717" height="619"/>
	<SubTexture name="Monster left note0000" x="0" y="619" width="648" height="567" frameX="0" frameY="0" frameWidth="752" frameHeight="567"/>
	<SubTexture name="Monster left note0001" x="0" y="619" width="648" height="567" frameX="0" frameY="0" frameWidth="752" frameHeight="567"/>
	<SubTexture name="Monster left note0002" x="648" y="619" width="752" height="567"/>
	<SubTexture name="Monster left note0003" x="648" y="619" width="752" height="567"/>
	<SubTexture name="Monster left note0004" x="648" y="619" width="752" height="567"/>
	<SubTexture name="Monster left note0005" x="648" y="619" width="752" height="567"/>
	<SubTexture name="Monster left note0006" x="648" y="619" width="752" height="567"/>
	<SubTexture name="Monster left note0007" x="648" y="619" width="752" height="567"/>
	<SubTexture name="Monster left note0008" x="648" y="619" width="752" height="567"/>
	<SubTexture name="Monster left note0009" x="648" y="619" width="752" height="567"/>
	<SubTexture name="Monster left note0010" x="648" y="619" width="752" height="567"/>
	<SubTexture name="Monster left note0011" x="648" y="619" width="752" height="567"/>
	<SubTexture name="Monster left note0012" x="648" y="619" width="752" height="567"/>
	<SubTexture name="Monster left note0013" x="648" y="619" width="752" height="567"/>
	<SubTexture name="Monster left note0014" x="648" y="619" width="752" height="567"/>
	<SubTexture name="monster down0000" x="1400" y="619" width="549" height="603" frameX="0" frameY="0" frameWidth="549" frameHeight="611"/>
	<SubTexture name="monster down0001" x="1400" y="619" width="549" height="603" frameX="0" frameY="0" frameWidth="549" frameHeight="611"/>
	<SubTexture name="monster down0002" x="0" y="1222" width="549" height="610" frameX="0" frameY="-1" frameWidth="549" frameHeight="611"/>
	<SubTexture name="monster down0003" x="0" y="1222" width="549" height="610" frameX="0" frameY="-1" frameWidth="549" frameHeight="611"/>
	<SubTexture name="monster down0004" x="0" y="1222" width="549" height="610" frameX="0" frameY="-1" frameWidth="549" frameHeight="611"/>
	<SubTexture name="monster down0005" x="0" y="1222" width="549" height="610" frameX="0" frameY="-1" frameWidth="549" frameHeight="611"/>
	<SubTexture name="monster down0006" x="0" y="1222" width="549" height="610" frameX="0" frameY="-1" frameWidth="549" frameHeight="611"/>
	<SubTexture name="monster down0007" x="0" y="1222" width="549" height="610" frameX="0" frameY="-1" frameWidth="549" frameHeight="611"/>
	<SubTexture name="monster down0008" x="0" y="1222" width="549" height="610" frameX="0" frameY="-1" frameWidth="549" frameHeight="611"/>
	<SubTexture name="monster down0009" x="0" y="1222" width="549" height="610" frameX="0" frameY="-1" frameWidth="549" frameHeight="611"/>
	<SubTexture name="monster down0010" x="0" y="1222" width="549" height="610" frameX="0" frameY="-1" frameWidth="549" frameHeight="611"/>
	<SubTexture name="monster down0011" x="0" y="1222" width="549" height="610" frameX="0" frameY="-1" frameWidth="549" frameHeight="611"/>
	<SubTexture name="monster down0012" x="0" y="1222" width="549" height="610" frameX="0" frameY="-1" frameWidth="549" frameHeight="611"/>
	<SubTexture name="monster down0013" x="0" y="1222" width="549" height="610" frameX="0" frameY="-1" frameWidth="549" frameHeight="611"/>
	<SubTexture name="monster down0014" x="0" y="1222" width="549" height="610" frameX="0" frameY="-1" frameWidth="549" frameHeight="611"/>
	<SubTexture name="monster down0015" x="0" y="1222" width="549" height="610" frameX="0" frameY="-1" frameWidth="549" frameHeight="611"/>
	<SubTexture name="monster down0016" x="0" y="1222" width="549" height="610" frameX="0" frameY="-1" frameWidth="549" frameHeight="611"/>
	<SubTexture name="monster down0017" x="0" y="1222" width="549" height="610" frameX="0" frameY="-1" frameWidth="549" frameHeight="611"/>
	<SubTexture name="monster down0018" x="0" y="1222" width="549" height="610" frameX="0" frameY="-1" frameWidth="549" frameHeight="611"/>
	<SubTexture name="monster down0019" x="0" y="1222" width="549" height="610" frameX="0" frameY="-1" frameWidth="549" frameHeight="611"/>
	<SubTexture name="monster down0020" x="0" y="1222" width="549" height="610" frameX="0" frameY="-1" frameWidth="549" frameHeight="611"/>
	<SubTexture name="monster down0021" x="0" y="1222" width="549" height="610" frameX="0" frameY="-1" frameWidth="549" frameHeight="611"/>
	<SubTexture name="monster down0022" x="0" y="1222" width="549" height="610" frameX="0" frameY="-1" frameWidth="549" frameHeight="611"/>
	<SubTexture name="monster down0023" x="0" y="1222" width="549" height="610" frameX="0" frameY="-1" frameWidth="549" frameHeight="611"/>
	<SubTexture name="monster down0024" x="0" y="1222" width="549" height="610" frameX="0" frameY="-1" frameWidth="549" frameHeight="611"/>
	<SubTexture name="monster down0025" x="0" y="1222" width="549" height="610" frameX="0" frameY="-1" frameWidth="549" frameHeight="611"/>
	<SubTexture name="monster down0026" x="0" y="1222" width="549" height="610" frameX="0" frameY="-1" frameWidth="549" frameHeight="611"/>
	<SubTexture name="monster down0027" x="0" y="1222" width="549" height="610" frameX="0" frameY="-1" frameWidth="549" frameHeight="611"/>
	<SubTexture name="monster down0028" x="0" y="1222" width="549" height="610" frameX="0" frameY="-1" frameWidth="549" frameHeight="611"/>
	<SubTexture name="monster down0029" x="0" y="1222" width="549" height="610" frameX="0" frameY="-1" frameWidth="549" frameHeight="611"/>
	<SubTexture name="monster idle0000" x="549" y="1222" width="647" height="615" frameX="-6" frameY="-14" frameWidth="653" frameHeight="629"/>
	<SubTexture name="monster idle0001" x="549" y="1222" width="647" height="615" frameX="-6" frameY="-14" frameWidth="653" frameHeight="629"/>
	<SubTexture name="monster idle0002" x="1196" y="1222" width="653" height="606" frameX="0" frameY="-23" frameWidth="653" frameHeight="629"/>
	<SubTexture name="monster idle0003" x="1196" y="1222" width="653" height="606" frameX="0" frameY="-23" frameWidth="653" frameHeight="629"/>
	<SubTexture name="monster idle0004" x="0" y="1837" width="647" height="606" frameX="-6" frameY="-23" frameWidth="653" frameHeight="629"/>
	<SubTexture name="monster idle0005" x="647" y="1837" width="647" height="606" frameX="-6" frameY="-23" frameWidth="653" frameHeight="629"/>
	<SubTexture name="monster idle0006" x="1294" y="1837" width="647" height="605" frameX="-6" frameY="-23" frameWidth="653" frameHeight="629"/>
	<SubTexture name="monster idle0007" x="1294" y="1837" width="647" height="605" frameX="-6" frameY="-23" frameWidth="653" frameHeight="629"/>
	<SubTexture name="monster idle0008" x="0" y="2443" width="647" height="624" frameX="-6" frameY="-4" frameWidth="653" frameHeight="629"/>
	<SubTexture name="monster idle0009" x="0" y="2443" width="647" height="624" frameX="-6" frameY="-4" frameWidth="653" frameHeight="629"/>
	<SubTexture name="monster idle0010" x="647" y="2443" width="647" height="628" frameX="-6" frameY="0" frameWidth="653" frameHeight="629"/>
	<SubTexture name="monster idle0011" x="647" y="2443" width="647" height="628" frameX="-6" frameY="0" frameWidth="653" frameHeight="629"/>
	<SubTexture name="monster idle0012" x="647" y="2443" width="647" height="628" frameX="-6" frameY="0" frameWidth="653" frameHeight="629"/>
	<SubTexture name="monster idle0013" x="647" y="2443" width="647" height="628" frameX="-6" frameY="0" frameWidth="653" frameHeight="629"/>
	<SubTexture name="monster idle0014" x="1294" y="2443" width="647" height="628" frameX="-6" frameY="0" frameWidth="653" frameHeight="629"/>
	<SubTexture name="monster up note0000" x="0" y="3071" width="468" height="688" frameX="0" frameY="0" frameWidth="468" frameHeight="691"/>
	<SubTexture name="monster up note0001" x="0" y="3071" width="468" height="688" frameX="0" frameY="0" frameWidth="468" frameHeight="691"/>
	<SubTexture name="monster up note0002" x="468" y="3071" width="468" height="691"/>
	<SubTexture name="monster up note0003" x="468" y="3071" width="468" height="691"/>
	<SubTexture name="monster up note0004" x="468" y="3071" width="468" height="691"/>
	<SubTexture name="monster up note0005" x="468" y="3071" width="468" height="691"/>
	<SubTexture name="monster up note0006" x="468" y="3071" width="468" height="691"/>
	<SubTexture name="monster up note0007" x="468" y="3071" width="468" height="691"/>
	<SubTexture name="monster up note0008" x="468" y="3071" width="468" height="691"/>
	<SubTexture name="monster up note0009" x="468" y="3071" width="468" height="691"/>
	<SubTexture name="monster up note0010" x="468" y="3071" width="468" height="691"/>
	<SubTexture name="monster up note0011" x="468" y="3071" width="468" height="691"/>
	<SubTexture name="monster up note0012" x="468" y="3071" width="468" height="691"/>
	<SubTexture name="monster up note0013" x="468" y="3071" width="468" height="691"/>
	<SubTexture name="monster up note0014" x="468" y="3071" width="468" height="691"/>
	<SubTexture name="monster up note0015" x="468" y="3071" width="468" height="691"/>
	<SubTexture name="monster up note0016" x="468" y="3071" width="468" height="691"/>
	<SubTexture name="monster up note0017" x="468" y="3071" width="468" height="691"/>
	<SubTexture name="monster up note0018" x="468" y="3071" width="468" height="691"/>
	<SubTexture name="monster up note0019" x="468" y="3071" width="468" height="691"/>
	<SubTexture name="monster up note0020" x="468" y="3071" width="468" height="691"/>
	<SubTexture name="monster up note0021" x="468" y="3071" width="468" height="691"/>
	<SubTexture name="monster up note0022" x="468" y="3071" width="468" height="691"/>
	<SubTexture name="monster up note0023" x="468" y="3071" width="468" height="691"/>
</TextureAtlas>
