﻿<?xml version="1.0" encoding="utf-8"?>
<TextureAtlas imagePath="santa.png">
	<!-- Created with Adobe Animate version 19.2.1.408 -->
	<!-- http://www.adobe.com/products/animate.html -->
	<SubTexture name="santa idle in fear0000" x="0" y="0" width="663" height="722" frameX="0" frameY="-25" frameWidth="663" frameHeight="748"/>
	<SubTexture name="santa idle in fear0001" x="663" y="0" width="663" height="722" frameX="0" frameY="-25" frameWidth="663" frameHeight="748"/>
	<SubTexture name="santa idle in fear0002" x="1326" y="0" width="658" height="723" frameX="-3" frameY="-24" frameWidth="663" frameHeight="748"/>
	<SubTexture name="santa idle in fear0003" x="0" y="723" width="658" height="723" frameX="-3" frameY="-24" frameWidth="663" frameHeight="748"/>
	<SubTexture name="santa idle in fear0004" x="658" y="723" width="651" height="732" frameX="-7" frameY="-16" frameWidth="663" frameHeight="748"/>
	<SubTexture name="santa idle in fear0005" x="1309" y="723" width="651" height="732" frameX="-7" frameY="-16" frameWidth="663" frameHeight="748"/>
	<SubTexture name="santa idle in fear0006" x="0" y="1455" width="650" height="735" frameX="-7" frameY="-13" frameWidth="663" frameHeight="748"/>
	<SubTexture name="santa idle in fear0007" x="650" y="1455" width="650" height="735" frameX="-7" frameY="-13" frameWidth="663" frameHeight="748"/>
	<SubTexture name="santa idle in fear0008" x="1300" y="1455" width="650" height="747" frameX="-7" frameY="-1" frameWidth="663" frameHeight="748"/>
	<SubTexture name="santa idle in fear0009" x="0" y="2202" width="650" height="748" frameX="-7" frameY="0" frameWidth="663" frameHeight="748"/>
	<SubTexture name="santa idle in fear0010" x="650" y="2202" width="650" height="748" frameX="-7" frameY="0" frameWidth="663" frameHeight="748"/>
	<SubTexture name="santa idle in fear0011" x="0" y="2202" width="650" height="748" frameX="-7" frameY="0" frameWidth="663" frameHeight="748"/>
	<SubTexture name="santa idle in fear0012" x="0" y="2202" width="650" height="748" frameX="-7" frameY="0" frameWidth="663" frameHeight="748"/>
	<SubTexture name="santa idle in fear0013" x="650" y="2202" width="650" height="748" frameX="-7" frameY="0" frameWidth="663" frameHeight="748"/>
</TextureAtlas>
