﻿<?xml version="1.0" encoding="utf-8"?>
<TextureAtlas imagePath="bfCar.png">
	<!-- Created with Adobe Animate version 19.2.1.408 -->
	<!-- http://www.adobe.com/products/animate.html -->
	<SubTexture name="BF NOTE DOWN0000" x="0" y="0" width="429" height="375"/>
	<SubTexture name="BF NOTE DOWN0001" x="429" y="0" width="429" height="375"/>
	<SubTexture name="BF NOTE DOWN0002" x="858" y="0" width="429" height="375"/>
	<SubTexture name="BF NOTE DOWN0003" x="1287" y="0" width="429" height="375"/>
	<SubTexture name="BF NOTE DOWN0004" x="1716" y="0" width="429" height="375"/>
	<SubTexture name="BF NOTE DOWN0005" x="2145" y="0" width="429" height="375"/>
	<SubTexture name="BF NOTE DOWN0006" x="858" y="0" width="429" height="375"/>
	<SubTexture name="BF NOTE DOWN0007" x="1287" y="0" width="429" height="375"/>
	<SubTexture name="BF NOTE DOWN0008" x="1716" y="0" width="429" height="375"/>
	<SubTexture name="BF NOTE DOWN0009" x="2145" y="0" width="429" height="375"/>
	<SubTexture name="BF NOTE DOWN0010" x="858" y="0" width="429" height="375"/>
	<SubTexture name="BF NOTE DOWN0011" x="1287" y="0" width="429" height="375"/>
	<SubTexture name="BF NOTE DOWN0012" x="1716" y="0" width="429" height="375"/>
	<SubTexture name="BF NOTE DOWN0013" x="2145" y="0" width="429" height="375"/>
	<SubTexture name="BF NOTE DOWN0014" x="858" y="0" width="429" height="375"/>
	<SubTexture name="BF NOTE DOWN0015" x="1287" y="0" width="429" height="375"/>
	<SubTexture name="BF NOTE DOWN0016" x="1716" y="0" width="429" height="375"/>
	<SubTexture name="BF NOTE DOWN0017" x="2145" y="0" width="429" height="375"/>
	<SubTexture name="BF NOTE DOWN0018" x="858" y="0" width="429" height="375"/>
	<SubTexture name="BF NOTE DOWN0019" x="1287" y="0" width="429" height="375"/>
	<SubTexture name="BF NOTE DOWN0020" x="1716" y="0" width="429" height="375"/>
	<SubTexture name="BF NOTE DOWN0021" x="2145" y="0" width="429" height="375"/>
	<SubTexture name="BF NOTE DOWN0022" x="858" y="0" width="429" height="375"/>
	<SubTexture name="BF NOTE DOWN0023" x="1287" y="0" width="429" height="375"/>
	<SubTexture name="BF NOTE DOWN0024" x="1716" y="0" width="429" height="375"/>
	<SubTexture name="BF NOTE DOWN0025" x="2145" y="0" width="429" height="375"/>
	<SubTexture name="BF NOTE DOWN0026" x="858" y="0" width="429" height="375"/>
	<SubTexture name="BF NOTE DOWN0027" x="1287" y="0" width="429" height="375"/>
	<SubTexture name="BF NOTE DOWN0028" x="1716" y="0" width="429" height="375"/>
	<SubTexture name="BF NOTE DOWN0029" x="2145" y="0" width="429" height="375"/>
	<SubTexture name="BF NOTE DOWN MISS0000" x="2574" y="0" width="429" height="384" frameX="0" frameY="-8" frameWidth="429" frameHeight="392"/>
	<SubTexture name="BF NOTE DOWN MISS0001" x="3003" y="0" width="429" height="392"/>
	<SubTexture name="BF NOTE DOWN MISS0002" x="3003" y="0" width="429" height="392"/>
	<SubTexture name="BF NOTE DOWN MISS0003" x="3432" y="0" width="429" height="388" frameX="0" frameY="-4" frameWidth="429" frameHeight="392"/>
	<SubTexture name="BF NOTE DOWN MISS0004" x="3432" y="0" width="429" height="388" frameX="0" frameY="-4" frameWidth="429" frameHeight="392"/>
	<SubTexture name="BF NOTE DOWN MISS0005" x="3432" y="0" width="429" height="388" frameX="0" frameY="-4" frameWidth="429" frameHeight="392"/>
	<SubTexture name="BF NOTE DOWN MISS0006" x="3432" y="0" width="429" height="388" frameX="0" frameY="-4" frameWidth="429" frameHeight="392"/>
	<SubTexture name="BF NOTE DOWN MISS0007" x="3432" y="0" width="429" height="388" frameX="0" frameY="-4" frameWidth="429" frameHeight="392"/>
	<SubTexture name="BF NOTE DOWN MISS0008" x="3432" y="0" width="429" height="388" frameX="0" frameY="-4" frameWidth="429" frameHeight="392"/>
	<SubTexture name="BF NOTE DOWN MISS0009" x="3432" y="0" width="429" height="388" frameX="0" frameY="-4" frameWidth="429" frameHeight="392"/>
	<SubTexture name="BF NOTE DOWN MISS0010" x="3432" y="0" width="429" height="388" frameX="0" frameY="-4" frameWidth="429" frameHeight="392"/>
	<SubTexture name="BF NOTE DOWN MISS0011" x="3432" y="0" width="429" height="388" frameX="0" frameY="-4" frameWidth="429" frameHeight="392"/>
	<SubTexture name="BF NOTE DOWN MISS0012" x="3432" y="0" width="429" height="388" frameX="0" frameY="-4" frameWidth="429" frameHeight="392"/>
	<SubTexture name="BF NOTE DOWN MISS0013" x="3432" y="0" width="429" height="388" frameX="0" frameY="-4" frameWidth="429" frameHeight="392"/>
	<SubTexture name="BF NOTE DOWN MISS0014" x="3432" y="0" width="429" height="388" frameX="0" frameY="-4" frameWidth="429" frameHeight="392"/>
	<SubTexture name="BF NOTE DOWN MISS0015" x="3432" y="0" width="429" height="388" frameX="0" frameY="-4" frameWidth="429" frameHeight="392"/>
	<SubTexture name="BF NOTE DOWN MISS0016" x="3432" y="0" width="429" height="388" frameX="0" frameY="-4" frameWidth="429" frameHeight="392"/>
	<SubTexture name="BF NOTE DOWN MISS0017" x="3432" y="0" width="429" height="388" frameX="0" frameY="-4" frameWidth="429" frameHeight="392"/>
	<SubTexture name="BF NOTE DOWN MISS0018" x="3432" y="0" width="429" height="388" frameX="0" frameY="-4" frameWidth="429" frameHeight="392"/>
	<SubTexture name="BF NOTE DOWN MISS0019" x="3432" y="0" width="429" height="388" frameX="0" frameY="-4" frameWidth="429" frameHeight="392"/>
	<SubTexture name="BF NOTE DOWN MISS0020" x="3432" y="0" width="429" height="388" frameX="0" frameY="-4" frameWidth="429" frameHeight="392"/>
	<SubTexture name="BF NOTE DOWN MISS0021" x="3432" y="0" width="429" height="388" frameX="0" frameY="-4" frameWidth="429" frameHeight="392"/>
	<SubTexture name="BF NOTE DOWN MISS0022" x="3432" y="0" width="429" height="388" frameX="0" frameY="-4" frameWidth="429" frameHeight="392"/>
	<SubTexture name="BF NOTE DOWN MISS0023" x="3432" y="0" width="429" height="388" frameX="0" frameY="-4" frameWidth="429" frameHeight="392"/>
	<SubTexture name="BF NOTE DOWN MISS0024" x="3432" y="0" width="429" height="388" frameX="0" frameY="-4" frameWidth="429" frameHeight="392"/>
	<SubTexture name="BF NOTE DOWN MISS0025" x="3432" y="0" width="429" height="388" frameX="0" frameY="-4" frameWidth="429" frameHeight="392"/>
	<SubTexture name="BF NOTE DOWN MISS0026" x="3432" y="0" width="429" height="388" frameX="0" frameY="-4" frameWidth="429" frameHeight="392"/>
	<SubTexture name="BF NOTE DOWN MISS0027" x="3432" y="0" width="429" height="388" frameX="0" frameY="-4" frameWidth="429" frameHeight="392"/>
	<SubTexture name="BF NOTE DOWN MISS0028" x="3432" y="0" width="429" height="388" frameX="0" frameY="-4" frameWidth="429" frameHeight="392"/>
	<SubTexture name="BF NOTE LEFT0000" x="0" y="392" width="466" height="411"/>
	<SubTexture name="BF NOTE LEFT0001" x="466" y="392" width="466" height="411"/>
	<SubTexture name="BF NOTE LEFT0002" x="932" y="392" width="466" height="411"/>
	<SubTexture name="BF NOTE LEFT0003" x="1398" y="392" width="466" height="411"/>
	<SubTexture name="BF NOTE LEFT0004" x="1864" y="392" width="466" height="411"/>
	<SubTexture name="BF NOTE LEFT0005" x="2330" y="392" width="466" height="411"/>
	<SubTexture name="BF NOTE LEFT0006" x="932" y="392" width="466" height="411"/>
	<SubTexture name="BF NOTE LEFT0007" x="1398" y="392" width="466" height="411"/>
	<SubTexture name="BF NOTE LEFT0008" x="1864" y="392" width="466" height="411"/>
	<SubTexture name="BF NOTE LEFT0009" x="2330" y="392" width="466" height="411"/>
	<SubTexture name="BF NOTE LEFT0010" x="932" y="392" width="466" height="411"/>
	<SubTexture name="BF NOTE LEFT0011" x="1398" y="392" width="466" height="411"/>
	<SubTexture name="BF NOTE LEFT0012" x="1864" y="392" width="466" height="411"/>
	<SubTexture name="BF NOTE LEFT0013" x="2330" y="392" width="466" height="411"/>
	<SubTexture name="BF NOTE LEFT0014" x="932" y="392" width="466" height="411"/>
	<SubTexture name="BF NOTE LEFT MISS0000" x="2796" y="392" width="473" height="413" frameX="0" frameY="-11" frameWidth="473" frameHeight="430"/>
	<SubTexture name="BF NOTE LEFT MISS0001" x="3269" y="392" width="473" height="430"/>
	<SubTexture name="BF NOTE LEFT MISS0002" x="3269" y="392" width="473" height="430"/>
	<SubTexture name="BF NOTE LEFT MISS0003" x="0" y="822" width="473" height="430"/>
	<SubTexture name="BF NOTE LEFT MISS0004" x="0" y="822" width="473" height="430"/>
	<SubTexture name="BF NOTE LEFT MISS0005" x="0" y="822" width="473" height="430"/>
	<SubTexture name="BF NOTE LEFT MISS0006" x="0" y="822" width="473" height="430"/>
	<SubTexture name="BF NOTE LEFT MISS0007" x="0" y="822" width="473" height="430"/>
	<SubTexture name="BF NOTE LEFT MISS0008" x="0" y="822" width="473" height="430"/>
	<SubTexture name="BF NOTE LEFT MISS0009" x="0" y="822" width="473" height="430"/>
	<SubTexture name="BF NOTE LEFT MISS0010" x="0" y="822" width="473" height="430"/>
	<SubTexture name="BF NOTE LEFT MISS0011" x="0" y="822" width="473" height="430"/>
	<SubTexture name="BF NOTE LEFT MISS0012" x="0" y="822" width="473" height="430"/>
	<SubTexture name="BF NOTE LEFT MISS0013" x="0" y="822" width="473" height="430"/>
	<SubTexture name="BF NOTE LEFT MISS0014" x="0" y="822" width="473" height="430"/>
	<SubTexture name="BF NOTE LEFT MISS0015" x="0" y="822" width="473" height="430"/>
	<SubTexture name="BF NOTE LEFT MISS0016" x="0" y="822" width="473" height="430"/>
	<SubTexture name="BF NOTE LEFT MISS0017" x="0" y="822" width="473" height="430"/>
	<SubTexture name="BF NOTE LEFT MISS0018" x="0" y="822" width="473" height="430"/>
	<SubTexture name="BF NOTE LEFT MISS0019" x="0" y="822" width="473" height="430"/>
	<SubTexture name="BF NOTE LEFT MISS0020" x="0" y="822" width="473" height="430"/>
	<SubTexture name="BF NOTE LEFT MISS0021" x="0" y="822" width="473" height="430"/>
	<SubTexture name="BF NOTE LEFT MISS0022" x="0" y="822" width="473" height="430"/>
	<SubTexture name="BF NOTE LEFT MISS0023" x="0" y="822" width="473" height="430"/>
	<SubTexture name="BF NOTE LEFT MISS0024" x="0" y="822" width="473" height="430"/>
	<SubTexture name="BF NOTE LEFT MISS0025" x="0" y="822" width="473" height="430"/>
	<SubTexture name="BF NOTE LEFT MISS0026" x="0" y="822" width="473" height="430"/>
	<SubTexture name="BF NOTE LEFT MISS0027" x="0" y="822" width="473" height="430"/>
	<SubTexture name="BF NOTE LEFT MISS0028" x="0" y="822" width="473" height="430"/>
	<SubTexture name="BF NOTE LEFT MISS0029" x="0" y="822" width="473" height="430"/>
	<SubTexture name="BF NOTE LEFT MISS0030" x="0" y="822" width="473" height="430"/>
	<SubTexture name="BF NOTE LEFT MISS0031" x="0" y="822" width="473" height="430"/>
	<SubTexture name="BF NOTE LEFT MISS0032" x="0" y="822" width="473" height="430"/>
	<SubTexture name="BF NOTE LEFT MISS0033" x="0" y="822" width="473" height="430"/>
	<SubTexture name="BF NOTE RIGHT0000" x="473" y="822" width="431" height="419"/>
	<SubTexture name="BF NOTE RIGHT0001" x="904" y="822" width="431" height="419"/>
	<SubTexture name="BF NOTE RIGHT0002" x="1335" y="822" width="431" height="419"/>
	<SubTexture name="BF NOTE RIGHT0003" x="1766" y="822" width="431" height="419"/>
	<SubTexture name="BF NOTE RIGHT0004" x="2197" y="822" width="431" height="419"/>
	<SubTexture name="BF NOTE RIGHT0005" x="2628" y="822" width="431" height="419"/>
	<SubTexture name="BF NOTE RIGHT0006" x="1335" y="822" width="431" height="419"/>
	<SubTexture name="BF NOTE RIGHT0007" x="1766" y="822" width="431" height="419"/>
	<SubTexture name="BF NOTE RIGHT0008" x="2197" y="822" width="431" height="419"/>
	<SubTexture name="BF NOTE RIGHT0009" x="2628" y="822" width="431" height="419"/>
	<SubTexture name="BF NOTE RIGHT0010" x="1335" y="822" width="431" height="419"/>
	<SubTexture name="BF NOTE RIGHT0011" x="1766" y="822" width="431" height="419"/>
	<SubTexture name="BF NOTE RIGHT0012" x="2197" y="822" width="431" height="419"/>
	<SubTexture name="BF NOTE RIGHT0013" x="2628" y="822" width="431" height="419"/>
	<SubTexture name="BF NOTE RIGHT0014" x="1335" y="822" width="431" height="419"/>
	<SubTexture name="BF NOTE RIGHT0015" x="1766" y="822" width="431" height="419"/>
	<SubTexture name="BF NOTE RIGHT0016" x="2197" y="822" width="431" height="419"/>
	<SubTexture name="BF NOTE RIGHT0017" x="2628" y="822" width="431" height="419"/>
	<SubTexture name="BF NOTE RIGHT0018" x="1335" y="822" width="431" height="419"/>
	<SubTexture name="BF NOTE RIGHT0019" x="1766" y="822" width="431" height="419"/>
	<SubTexture name="BF NOTE RIGHT0020" x="2197" y="822" width="431" height="419"/>
	<SubTexture name="BF NOTE RIGHT0021" x="2628" y="822" width="431" height="419"/>
	<SubTexture name="BF NOTE RIGHT0022" x="1335" y="822" width="431" height="419"/>
	<SubTexture name="BF NOTE RIGHT0023" x="1766" y="822" width="431" height="419"/>
	<SubTexture name="BF NOTE RIGHT0024" x="2197" y="822" width="431" height="419"/>
	<SubTexture name="BF NOTE RIGHT0025" x="2628" y="822" width="431" height="419"/>
	<SubTexture name="BF NOTE RIGHT0026" x="1335" y="822" width="431" height="419"/>
	<SubTexture name="BF NOTE RIGHT0027" x="1766" y="822" width="431" height="419"/>
	<SubTexture name="BF NOTE RIGHT0028" x="2197" y="822" width="431" height="419"/>
	<SubTexture name="BF NOTE RIGHT0029" x="2628" y="822" width="431" height="419"/>
	<SubTexture name="BF NOTE RIGHT0030" x="1335" y="822" width="431" height="419"/>
	<SubTexture name="BF NOTE RIGHT0031" x="1766" y="822" width="431" height="419"/>
	<SubTexture name="BF NOTE RIGHT0032" x="2197" y="822" width="431" height="419"/>
	<SubTexture name="BF NOTE RIGHT0033" x="2628" y="822" width="431" height="419"/>
	<SubTexture name="BF NOTE RIGHT0034" x="1335" y="822" width="431" height="419"/>
	<SubTexture name="BF NOTE RIGHT0035" x="1766" y="822" width="431" height="419"/>
	<SubTexture name="BF NOTE RIGHT0036" x="2197" y="822" width="431" height="419"/>
	<SubTexture name="BF NOTE RIGHT0037" x="2628" y="822" width="431" height="419"/>
	<SubTexture name="BF NOTE RIGHT0038" x="1335" y="822" width="431" height="419"/>
	<SubTexture name="BF NOTE RIGHT0039" x="1766" y="822" width="431" height="419"/>
	<SubTexture name="BF NOTE RIGHT0040" x="2197" y="822" width="431" height="419"/>
	<SubTexture name="BF NOTE RIGHT0041" x="2628" y="822" width="431" height="419"/>
	<SubTexture name="BF NOTE RIGHT0042" x="1335" y="822" width="431" height="419"/>
	<SubTexture name="BF NOTE RIGHT0043" x="1766" y="822" width="431" height="419"/>
	<SubTexture name="BF NOTE RIGHT0044" x="2197" y="822" width="431" height="419"/>
	<SubTexture name="BF NOTE RIGHT0045" x="2628" y="822" width="431" height="419"/>
	<SubTexture name="BF NOTE RIGHT0046" x="1335" y="822" width="431" height="419"/>
	<SubTexture name="BF NOTE RIGHT0047" x="1766" y="822" width="431" height="419"/>
	<SubTexture name="BF NOTE RIGHT0048" x="2197" y="822" width="431" height="419"/>
	<SubTexture name="BF NOTE RIGHT0049" x="2628" y="822" width="431" height="419"/>
	<SubTexture name="BF NOTE RIGHT0050" x="1335" y="822" width="431" height="419"/>
	<SubTexture name="BF NOTE RIGHT0051" x="1766" y="822" width="431" height="419"/>
	<SubTexture name="BF NOTE RIGHT0052" x="2197" y="822" width="431" height="419"/>
	<SubTexture name="BF NOTE RIGHT0053" x="2628" y="822" width="431" height="419"/>
	<SubTexture name="BF NOTE RIGHT0054" x="1335" y="822" width="431" height="419"/>
	<SubTexture name="BF NOTE RIGHT0055" x="1766" y="822" width="431" height="419"/>
	<SubTexture name="BF NOTE RIGHT0056" x="2197" y="822" width="431" height="419"/>
	<SubTexture name="BF NOTE RIGHT0057" x="2628" y="822" width="431" height="419"/>
	<SubTexture name="BF NOTE RIGHT0058" x="1335" y="822" width="431" height="419"/>
	<SubTexture name="BF NOTE RIGHT0059" x="1766" y="822" width="431" height="419"/>
	<SubTexture name="BF NOTE RIGHT0060" x="2197" y="822" width="431" height="419"/>
	<SubTexture name="BF NOTE RIGHT0061" x="2628" y="822" width="431" height="419"/>
	<SubTexture name="BF NOTE RIGHT MISS0000" x="473" y="822" width="431" height="419" frameX="0" frameY="-16" frameWidth="431" frameHeight="419"/>
	<SubTexture name="BF NOTE RIGHT MISS0001" x="3059" y="822" width="430" height="432" frameX="-1" frameY="0" frameWidth="431" frameHeight="435"/>
	<SubTexture name="BF NOTE RIGHT MISS0002" x="3059" y="822" width="430" height="432" frameX="-1" frameY="0" frameWidth="431" frameHeight="435"/>
	<SubTexture name="BF NOTE RIGHT MISS0003" x="3489" y="822" width="430" height="432" frameX="-1" frameY="0" frameWidth="431" frameHeight="435"/>
	<SubTexture name="BF NOTE RIGHT MISS0004" x="3489" y="822" width="430" height="432" frameX="-1" frameY="0" frameWidth="431" frameHeight="435"/>
	<SubTexture name="BF NOTE RIGHT MISS0005" x="3489" y="822" width="430" height="432" frameX="-1" frameY="0" frameWidth="431" frameHeight="435"/>
	<SubTexture name="BF NOTE RIGHT MISS0006" x="3489" y="822" width="430" height="432" frameX="-1" frameY="0" frameWidth="431" frameHeight="435"/>
	<SubTexture name="BF NOTE RIGHT MISS0007" x="3489" y="822" width="430" height="432" frameX="-1" frameY="0" frameWidth="431" frameHeight="435"/>
	<SubTexture name="BF NOTE RIGHT MISS0008" x="3489" y="822" width="430" height="432" frameX="-1" frameY="0" frameWidth="431" frameHeight="435"/>
	<SubTexture name="BF NOTE RIGHT MISS0009" x="3489" y="822" width="430" height="432" frameX="-1" frameY="0" frameWidth="431" frameHeight="435"/>
	<SubTexture name="BF NOTE RIGHT MISS0010" x="3489" y="822" width="430" height="432" frameX="-1" frameY="0" frameWidth="431" frameHeight="435"/>
	<SubTexture name="BF NOTE RIGHT MISS0011" x="3489" y="822" width="430" height="432" frameX="-1" frameY="0" frameWidth="431" frameHeight="435"/>
	<SubTexture name="BF NOTE RIGHT MISS0012" x="3489" y="822" width="430" height="432" frameX="-1" frameY="0" frameWidth="431" frameHeight="435"/>
	<SubTexture name="BF NOTE RIGHT MISS0013" x="3489" y="822" width="430" height="432" frameX="-1" frameY="0" frameWidth="431" frameHeight="435"/>
	<SubTexture name="BF NOTE RIGHT MISS0014" x="3489" y="822" width="430" height="432" frameX="-1" frameY="0" frameWidth="431" frameHeight="435"/>
	<SubTexture name="BF NOTE RIGHT MISS0015" x="3489" y="822" width="430" height="432" frameX="-1" frameY="0" frameWidth="431" frameHeight="435"/>
	<SubTexture name="BF NOTE RIGHT MISS0016" x="3489" y="822" width="430" height="432" frameX="-1" frameY="0" frameWidth="431" frameHeight="435"/>
	<SubTexture name="BF NOTE RIGHT MISS0017" x="3489" y="822" width="430" height="432" frameX="-1" frameY="0" frameWidth="431" frameHeight="435"/>
	<SubTexture name="BF NOTE RIGHT MISS0018" x="3489" y="822" width="430" height="432" frameX="-1" frameY="0" frameWidth="431" frameHeight="435"/>
	<SubTexture name="BF NOTE RIGHT MISS0019" x="3489" y="822" width="430" height="432" frameX="-1" frameY="0" frameWidth="431" frameHeight="435"/>
	<SubTexture name="BF NOTE RIGHT MISS0020" x="3489" y="822" width="430" height="432" frameX="-1" frameY="0" frameWidth="431" frameHeight="435"/>
	<SubTexture name="BF NOTE RIGHT MISS0021" x="3489" y="822" width="430" height="432" frameX="-1" frameY="0" frameWidth="431" frameHeight="435"/>
	<SubTexture name="BF NOTE RIGHT MISS0022" x="3489" y="822" width="430" height="432" frameX="-1" frameY="0" frameWidth="431" frameHeight="435"/>
	<SubTexture name="BF NOTE RIGHT MISS0023" x="3489" y="822" width="430" height="432" frameX="-1" frameY="0" frameWidth="431" frameHeight="435"/>
	<SubTexture name="BF NOTE RIGHT MISS0024" x="3489" y="822" width="430" height="432" frameX="-1" frameY="0" frameWidth="431" frameHeight="435"/>
	<SubTexture name="BF NOTE RIGHT MISS0025" x="3489" y="822" width="430" height="432" frameX="-1" frameY="0" frameWidth="431" frameHeight="435"/>
	<SubTexture name="BF NOTE RIGHT MISS0026" x="3489" y="822" width="430" height="432" frameX="-1" frameY="0" frameWidth="431" frameHeight="435"/>
	<SubTexture name="BF NOTE RIGHT MISS0027" x="3489" y="822" width="430" height="432" frameX="-1" frameY="0" frameWidth="431" frameHeight="435"/>
	<SubTexture name="BF NOTE RIGHT MISS0028" x="3489" y="822" width="430" height="432" frameX="-1" frameY="0" frameWidth="431" frameHeight="435"/>
	<SubTexture name="BF NOTE RIGHT MISS0029" x="3489" y="822" width="430" height="432" frameX="-1" frameY="0" frameWidth="431" frameHeight="435"/>
	<SubTexture name="BF NOTE RIGHT MISS0030" x="3489" y="822" width="430" height="432" frameX="-1" frameY="0" frameWidth="431" frameHeight="435"/>
	<SubTexture name="BF NOTE RIGHT MISS0031" x="3489" y="822" width="430" height="432" frameX="-1" frameY="0" frameWidth="431" frameHeight="435"/>
	<SubTexture name="BF NOTE RIGHT MISS0032" x="3489" y="822" width="430" height="432" frameX="-1" frameY="0" frameWidth="431" frameHeight="435"/>
	<SubTexture name="BF NOTE RIGHT MISS0033" x="3489" y="822" width="430" height="432" frameX="-1" frameY="0" frameWidth="431" frameHeight="435"/>
	<SubTexture name="BF NOTE RIGHT MISS0034" x="3489" y="822" width="430" height="432" frameX="-1" frameY="0" frameWidth="431" frameHeight="435"/>
	<SubTexture name="BF NOTE RIGHT MISS0035" x="3489" y="822" width="430" height="432" frameX="-1" frameY="0" frameWidth="431" frameHeight="435"/>
	<SubTexture name="BF NOTE RIGHT MISS0036" x="3489" y="822" width="430" height="432" frameX="-1" frameY="0" frameWidth="431" frameHeight="435"/>
	<SubTexture name="BF NOTE RIGHT MISS0037" x="3489" y="822" width="430" height="432" frameX="-1" frameY="0" frameWidth="431" frameHeight="435"/>
	<SubTexture name="BF NOTE RIGHT MISS0038" x="3489" y="822" width="430" height="432" frameX="-1" frameY="0" frameWidth="431" frameHeight="435"/>
	<SubTexture name="BF NOTE RIGHT MISS0039" x="3489" y="822" width="430" height="432" frameX="-1" frameY="0" frameWidth="431" frameHeight="435"/>
	<SubTexture name="BF NOTE RIGHT MISS0040" x="3489" y="822" width="430" height="432" frameX="-1" frameY="0" frameWidth="431" frameHeight="435"/>
	<SubTexture name="BF NOTE RIGHT MISS0041" x="3489" y="822" width="430" height="432" frameX="-1" frameY="0" frameWidth="431" frameHeight="435"/>
	<SubTexture name="BF NOTE RIGHT MISS0042" x="3489" y="822" width="430" height="432" frameX="-1" frameY="0" frameWidth="431" frameHeight="435"/>
	<SubTexture name="BF NOTE RIGHT MISS0043" x="3489" y="822" width="430" height="432" frameX="-1" frameY="0" frameWidth="431" frameHeight="435"/>
	<SubTexture name="BF NOTE RIGHT MISS0044" x="3489" y="822" width="430" height="432" frameX="-1" frameY="0" frameWidth="431" frameHeight="435"/>
	<SubTexture name="BF NOTE RIGHT MISS0045" x="3489" y="822" width="430" height="432" frameX="-1" frameY="0" frameWidth="431" frameHeight="435"/>
	<SubTexture name="BF NOTE UP0000" x="0" y="1254" width="430" height="464"/>
	<SubTexture name="BF NOTE UP0001" x="430" y="1254" width="430" height="464"/>
	<SubTexture name="BF NOTE UP0002" x="860" y="1254" width="430" height="464"/>
	<SubTexture name="BF NOTE UP0003" x="1290" y="1254" width="430" height="464"/>
	<SubTexture name="BF NOTE UP0004" x="1720" y="1254" width="430" height="464"/>
	<SubTexture name="BF NOTE UP0005" x="2150" y="1254" width="430" height="464"/>
	<SubTexture name="BF NOTE UP0006" x="860" y="1254" width="430" height="464"/>
	<SubTexture name="BF NOTE UP0007" x="1290" y="1254" width="430" height="464"/>
	<SubTexture name="BF NOTE UP0008" x="1720" y="1254" width="430" height="464"/>
	<SubTexture name="BF NOTE UP0009" x="2150" y="1254" width="430" height="464"/>
	<SubTexture name="BF NOTE UP0010" x="860" y="1254" width="430" height="464"/>
	<SubTexture name="BF NOTE UP0011" x="1290" y="1254" width="430" height="464"/>
	<SubTexture name="BF NOTE UP0012" x="1720" y="1254" width="430" height="464"/>
	<SubTexture name="BF NOTE UP0013" x="2150" y="1254" width="430" height="464"/>
	<SubTexture name="BF NOTE UP0014" x="860" y="1254" width="430" height="464"/>
	<SubTexture name="BF NOTE UP MISS0000" x="2580" y="1254" width="430" height="458"/>
	<SubTexture name="BF NOTE UP MISS0001" x="3010" y="1254" width="430" height="452" frameX="0" frameY="0" frameWidth="430" frameHeight="458"/>
	<SubTexture name="BF NOTE UP MISS0002" x="3010" y="1254" width="430" height="452" frameX="0" frameY="0" frameWidth="430" frameHeight="458"/>
	<SubTexture name="BF NOTE UP MISS0003" x="3440" y="1254" width="430" height="452" frameX="0" frameY="0" frameWidth="430" frameHeight="458"/>
	<SubTexture name="BF NOTE UP MISS0004" x="3440" y="1254" width="430" height="452" frameX="0" frameY="0" frameWidth="430" frameHeight="458"/>
	<SubTexture name="BF NOTE UP MISS0005" x="3440" y="1254" width="430" height="452" frameX="0" frameY="0" frameWidth="430" frameHeight="458"/>
	<SubTexture name="BF NOTE UP MISS0006" x="3440" y="1254" width="430" height="452" frameX="0" frameY="0" frameWidth="430" frameHeight="458"/>
	<SubTexture name="BF NOTE UP MISS0007" x="3440" y="1254" width="430" height="452" frameX="0" frameY="0" frameWidth="430" frameHeight="458"/>
	<SubTexture name="BF NOTE UP MISS0008" x="3440" y="1254" width="430" height="452" frameX="0" frameY="0" frameWidth="430" frameHeight="458"/>
	<SubTexture name="BF NOTE UP MISS0009" x="3440" y="1254" width="430" height="452" frameX="0" frameY="0" frameWidth="430" frameHeight="458"/>
	<SubTexture name="BF NOTE UP MISS0010" x="3440" y="1254" width="430" height="452" frameX="0" frameY="0" frameWidth="430" frameHeight="458"/>
	<SubTexture name="BF NOTE UP MISS0011" x="3440" y="1254" width="430" height="452" frameX="0" frameY="0" frameWidth="430" frameHeight="458"/>
	<SubTexture name="BF NOTE UP MISS0012" x="3440" y="1254" width="430" height="452" frameX="0" frameY="0" frameWidth="430" frameHeight="458"/>
	<SubTexture name="BF NOTE UP MISS0013" x="3440" y="1254" width="430" height="452" frameX="0" frameY="0" frameWidth="430" frameHeight="458"/>
	<SubTexture name="BF NOTE UP MISS0014" x="3440" y="1254" width="430" height="452" frameX="0" frameY="0" frameWidth="430" frameHeight="458"/>
	<SubTexture name="BF NOTE UP MISS0015" x="3440" y="1254" width="430" height="452" frameX="0" frameY="0" frameWidth="430" frameHeight="458"/>
	<SubTexture name="BF NOTE UP MISS0016" x="3440" y="1254" width="430" height="452" frameX="0" frameY="0" frameWidth="430" frameHeight="458"/>
	<SubTexture name="BF NOTE UP MISS0017" x="3440" y="1254" width="430" height="452" frameX="0" frameY="0" frameWidth="430" frameHeight="458"/>
	<SubTexture name="BF NOTE UP MISS0018" x="3440" y="1254" width="430" height="452" frameX="0" frameY="0" frameWidth="430" frameHeight="458"/>
	<SubTexture name="BF NOTE UP MISS0019" x="3440" y="1254" width="430" height="452" frameX="0" frameY="0" frameWidth="430" frameHeight="458"/>
	<SubTexture name="BF NOTE UP MISS0020" x="3440" y="1254" width="430" height="452" frameX="0" frameY="0" frameWidth="430" frameHeight="458"/>
	<SubTexture name="BF NOTE UP MISS0021" x="3440" y="1254" width="430" height="452" frameX="0" frameY="0" frameWidth="430" frameHeight="458"/>
	<SubTexture name="BF NOTE UP MISS0022" x="3440" y="1254" width="430" height="452" frameX="0" frameY="0" frameWidth="430" frameHeight="458"/>
	<SubTexture name="BF NOTE UP MISS0023" x="3440" y="1254" width="430" height="452" frameX="0" frameY="0" frameWidth="430" frameHeight="458"/>
	<SubTexture name="BF idle dance0000" x="0" y="1718" width="456" height="420"/>
	<SubTexture name="BF idle dance0001" x="456" y="1718" width="456" height="420"/>
	<SubTexture name="BF idle dance0002" x="912" y="1718" width="455" height="420" frameX="-1" frameY="0" frameWidth="456" frameHeight="420"/>
	<SubTexture name="BF idle dance0003" x="1367" y="1718" width="455" height="420" frameX="-1" frameY="0" frameWidth="456" frameHeight="420"/>
	<SubTexture name="BF idle dance0004" x="1822" y="1718" width="450" height="420" frameX="-6" frameY="0" frameWidth="456" frameHeight="420"/>
	<SubTexture name="BF idle dance0005" x="2272" y="1718" width="450" height="420" frameX="-6" frameY="0" frameWidth="456" frameHeight="420"/>
	<SubTexture name="BF idle dance0006" x="2722" y="1718" width="446" height="420" frameX="-10" frameY="0" frameWidth="456" frameHeight="420"/>
	<SubTexture name="BF idle dance0007" x="3168" y="1718" width="446" height="420" frameX="-10" frameY="0" frameWidth="456" frameHeight="420"/>
	<SubTexture name="BF idle dance0008" x="3614" y="1718" width="447" height="420" frameX="-9" frameY="0" frameWidth="456" frameHeight="420"/>
	<SubTexture name="BF idle dance0009" x="0" y="2138" width="447" height="420" frameX="-9" frameY="0" frameWidth="456" frameHeight="420"/>
	<SubTexture name="BF idle dance0010" x="447" y="2138" width="447" height="420" frameX="-9" frameY="0" frameWidth="456" frameHeight="420"/>
	<SubTexture name="BF idle dance0011" x="894" y="2138" width="447" height="420" frameX="-9" frameY="0" frameWidth="456" frameHeight="420"/>
	<SubTexture name="BF idle dance0012" x="3614" y="1718" width="447" height="420" frameX="-9" frameY="0" frameWidth="456" frameHeight="420"/>
	<SubTexture name="BF idle dance0013" x="0" y="2138" width="447" height="420" frameX="-9" frameY="0" frameWidth="456" frameHeight="420"/>
</TextureAtlas>
