﻿<?xml version="1.0" encoding="utf-8"?>
<TextureAtlas imagePath="gfCar.png">
	<!-- Created with Adobe Animate version 19.2.1.408 -->
	<!-- http://www.adobe.com/products/animate.html -->
	<SubTexture name="GF Dancing Beat Hair blowing CAR0000" x="0" y="0" width="569" height="682" frameX="0" frameY="-15" frameWidth="569" frameHeight="697"/>
	<SubTexture name="GF Dancing Beat Hair blowing CAR0001" x="569" y="0" width="562" height="682" frameX="-4" frameY="-15" frameWidth="569" frameHeight="697"/>
	<SubTexture name="GF Dancing Beat Hair blowing CAR0002" x="1131" y="0" width="562" height="682" frameX="-4" frameY="-15" frameWidth="569" frameHeight="697"/>
	<SubTexture name="GF Dancing Beat Hair blowing CAR0003" x="1693" y="0" width="569" height="682" frameX="0" frameY="-15" frameWidth="569" frameHeight="697"/>
	<SubTexture name="GF Dancing Beat Hair blowing CAR0004" x="2262" y="0" width="569" height="686" frameX="0" frameY="-11" frameWidth="569" frameHeight="697"/>
	<SubTexture name="GF Dancing Beat Hair blowing CAR0005" x="2831" y="0" width="569" height="686" frameX="0" frameY="-11" frameWidth="569" frameHeight="697"/>
	<SubTexture name="GF Dancing Beat Hair blowing CAR0006" x="3400" y="0" width="569" height="692" frameX="0" frameY="-5" frameWidth="569" frameHeight="697"/>
	<SubTexture name="GF Dancing Beat Hair blowing CAR0007" x="0" y="692" width="569" height="695" frameX="0" frameY="-2" frameWidth="569" frameHeight="697"/>
	<SubTexture name="GF Dancing Beat Hair blowing CAR0008" x="569" y="692" width="569" height="695" frameX="0" frameY="-2" frameWidth="569" frameHeight="697"/>
	<SubTexture name="GF Dancing Beat Hair blowing CAR0009" x="0" y="692" width="569" height="695" frameX="0" frameY="-2" frameWidth="569" frameHeight="697"/>
	<SubTexture name="GF Dancing Beat Hair blowing CAR0010" x="1138" y="692" width="569" height="697"/>
	<SubTexture name="GF Dancing Beat Hair blowing CAR0011" x="1138" y="692" width="569" height="697"/>
	<SubTexture name="GF Dancing Beat Hair blowing CAR0012" x="1707" y="692" width="569" height="697"/>
	<SubTexture name="GF Dancing Beat Hair blowing CAR0013" x="2276" y="692" width="569" height="696" frameX="0" frameY="-1" frameWidth="569" frameHeight="697"/>
	<SubTexture name="GF Dancing Beat Hair blowing CAR0014" x="2845" y="692" width="569" height="696" frameX="0" frameY="-1" frameWidth="569" frameHeight="697"/>
	<SubTexture name="GF Dancing Beat Hair blowing CAR0015" x="3414" y="692" width="569" height="682" frameX="0" frameY="-15" frameWidth="569" frameHeight="697"/>
	<SubTexture name="GF Dancing Beat Hair blowing CAR0016" x="0" y="1389" width="562" height="682" frameX="-4" frameY="-15" frameWidth="569" frameHeight="697"/>
	<SubTexture name="GF Dancing Beat Hair blowing CAR0017" x="562" y="1389" width="562" height="679" frameX="-4" frameY="-18" frameWidth="569" frameHeight="697"/>
	<SubTexture name="GF Dancing Beat Hair blowing CAR0018" x="1124" y="1389" width="569" height="679" frameX="0" frameY="-18" frameWidth="569" frameHeight="697"/>
	<SubTexture name="GF Dancing Beat Hair blowing CAR0019" x="1693" y="1389" width="569" height="682" frameX="0" frameY="-15" frameWidth="569" frameHeight="697"/>
	<SubTexture name="GF Dancing Beat Hair blowing CAR0020" x="2262" y="1389" width="569" height="682" frameX="0" frameY="-15" frameWidth="569" frameHeight="697"/>
	<SubTexture name="GF Dancing Beat Hair blowing CAR0021" x="2831" y="1389" width="569" height="687" frameX="0" frameY="-10" frameWidth="569" frameHeight="697"/>
	<SubTexture name="GF Dancing Beat Hair blowing CAR0022" x="3400" y="1389" width="569" height="694" frameX="0" frameY="-3" frameWidth="569" frameHeight="697"/>
	<SubTexture name="GF Dancing Beat Hair blowing CAR0023" x="3400" y="1389" width="569" height="694" frameX="0" frameY="-3" frameWidth="569" frameHeight="697"/>
	<SubTexture name="GF Dancing Beat Hair blowing CAR0024" x="0" y="2083" width="569" height="694" frameX="0" frameY="-3" frameWidth="569" frameHeight="697"/>
	<SubTexture name="GF Dancing Beat Hair blowing CAR0025" x="569" y="2083" width="569" height="695" frameX="0" frameY="-2" frameWidth="569" frameHeight="697"/>
	<SubTexture name="GF Dancing Beat Hair blowing CAR0026" x="1138" y="2083" width="569" height="695" frameX="0" frameY="-2" frameWidth="569" frameHeight="697"/>
	<SubTexture name="GF Dancing Beat Hair blowing CAR0027" x="569" y="2083" width="569" height="695" frameX="0" frameY="-2" frameWidth="569" frameHeight="697"/>
	<SubTexture name="GF Dancing Beat Hair blowing CAR0028" x="1707" y="2083" width="569" height="694" frameX="0" frameY="-3" frameWidth="569" frameHeight="697"/>
	<SubTexture name="GF Dancing Beat Hair blowing CAR0029" x="1707" y="2083" width="569" height="694" frameX="0" frameY="-3" frameWidth="569" frameHeight="697"/>
</TextureAtlas>
