﻿<?xml version="1.0" encoding="utf-8"?>
<TextureAtlas imagePath="Mom_Assets.png">
	<!-- Created with Adobe Animate version 19.2.1.408 -->
	<!-- http://www.adobe.com/products/animate.html -->
	<SubTexture name="MOM DOWN POSE0000" x="0" y="0" width="386" height="554" frameX="0" frameY="-19" frameWidth="386" frameHeight="573"/>
	<SubTexture name="MOM DOWN POSE0001" x="0" y="0" width="386" height="554" frameX="0" frameY="-19" frameWidth="386" frameHeight="573"/>
	<SubTexture name="MOM DOWN POSE0002" x="386" y="0" width="360" height="573" frameX="-15" frameY="0" frameWidth="386" frameHeight="573"/>
	<SubTexture name="MOM DOWN POSE0003" x="386" y="0" width="360" height="573" frameX="-15" frameY="0" frameWidth="386" frameHeight="573"/>
	<SubTexture name="MOM DOWN POSE0004" x="746" y="0" width="360" height="573" frameX="-15" frameY="0" frameWidth="386" frameHeight="573"/>
	<SubTexture name="MOM DOWN POSE0005" x="746" y="0" width="360" height="573" frameX="-15" frameY="0" frameWidth="386" frameHeight="573"/>
	<SubTexture name="MOM DOWN POSE0006" x="386" y="0" width="360" height="573" frameX="-15" frameY="0" frameWidth="386" frameHeight="573"/>
	<SubTexture name="MOM DOWN POSE0007" x="386" y="0" width="360" height="573" frameX="-15" frameY="0" frameWidth="386" frameHeight="573"/>
	<SubTexture name="MOM DOWN POSE0008" x="746" y="0" width="360" height="573" frameX="-15" frameY="0" frameWidth="386" frameHeight="573"/>
	<SubTexture name="MOM DOWN POSE0009" x="746" y="0" width="360" height="573" frameX="-15" frameY="0" frameWidth="386" frameHeight="573"/>
	<SubTexture name="MOM DOWN POSE0010" x="386" y="0" width="360" height="573" frameX="-15" frameY="0" frameWidth="386" frameHeight="573"/>
	<SubTexture name="MOM DOWN POSE0011" x="386" y="0" width="360" height="573" frameX="-15" frameY="0" frameWidth="386" frameHeight="573"/>
	<SubTexture name="MOM DOWN POSE0012" x="746" y="0" width="360" height="573" frameX="-15" frameY="0" frameWidth="386" frameHeight="573"/>
	<SubTexture name="MOM DOWN POSE0013" x="746" y="0" width="360" height="573" frameX="-15" frameY="0" frameWidth="386" frameHeight="573"/>
	<SubTexture name="MOM DOWN POSE0014" x="386" y="0" width="360" height="573" frameX="-15" frameY="0" frameWidth="386" frameHeight="573"/>
	<SubTexture name="Mom Idle0000" x="1106" y="0" width="340" height="781" frameX="0" frameY="-5" frameWidth="340" frameHeight="787"/>
	<SubTexture name="Mom Idle0001" x="1106" y="0" width="340" height="781" frameX="0" frameY="-5" frameWidth="340" frameHeight="787"/>
	<SubTexture name="Mom Idle0002" x="1446" y="0" width="338" height="781" frameX="0" frameY="-6" frameWidth="340" frameHeight="787"/>
	<SubTexture name="Mom Idle0003" x="1446" y="0" width="338" height="781" frameX="0" frameY="-6" frameWidth="340" frameHeight="787"/>
	<SubTexture name="Mom Idle0004" x="0" y="781" width="331" height="784" frameX="-4" frameY="-3" frameWidth="340" frameHeight="787"/>
	<SubTexture name="Mom Idle0005" x="0" y="781" width="331" height="784" frameX="-4" frameY="-3" frameWidth="340" frameHeight="787"/>
	<SubTexture name="Mom Idle0006" x="331" y="781" width="330" height="785" frameX="-4" frameY="-2" frameWidth="340" frameHeight="787"/>
	<SubTexture name="Mom Idle0007" x="331" y="781" width="330" height="785" frameX="-4" frameY="-2" frameWidth="340" frameHeight="787"/>
	<SubTexture name="Mom Idle0008" x="661" y="781" width="330" height="787" frameX="-4" frameY="0" frameWidth="340" frameHeight="787"/>
	<SubTexture name="Mom Idle0009" x="661" y="781" width="330" height="787" frameX="-4" frameY="0" frameWidth="340" frameHeight="787"/>
	<SubTexture name="Mom Idle0010" x="991" y="781" width="330" height="787" frameX="-4" frameY="0" frameWidth="340" frameHeight="787"/>
	<SubTexture name="Mom Idle0011" x="991" y="781" width="330" height="787" frameX="-4" frameY="0" frameWidth="340" frameHeight="787"/>
	<SubTexture name="Mom Idle0012" x="1321" y="781" width="330" height="787" frameX="-4" frameY="0" frameWidth="340" frameHeight="787"/>
	<SubTexture name="Mom Idle0013" x="1321" y="781" width="330" height="787" frameX="-4" frameY="0" frameWidth="340" frameHeight="787"/>
	<SubTexture name="Mom Left Pose0000" x="0" y="1568" width="528" height="755" frameX="0" frameY="-8" frameWidth="533" frameHeight="763"/>
	<SubTexture name="Mom Left Pose0001" x="0" y="1568" width="528" height="755" frameX="0" frameY="-8" frameWidth="533" frameHeight="763"/>
	<SubTexture name="Mom Left Pose0002" x="528" y="1568" width="518" height="763" frameX="-15" frameY="0" frameWidth="533" frameHeight="763"/>
	<SubTexture name="Mom Left Pose0003" x="528" y="1568" width="518" height="763" frameX="-15" frameY="0" frameWidth="533" frameHeight="763"/>
	<SubTexture name="Mom Left Pose0004" x="1046" y="1568" width="518" height="763" frameX="-15" frameY="0" frameWidth="533" frameHeight="763"/>
	<SubTexture name="Mom Left Pose0005" x="1046" y="1568" width="518" height="763" frameX="-15" frameY="0" frameWidth="533" frameHeight="763"/>
	<SubTexture name="Mom Left Pose0006" x="528" y="1568" width="518" height="763" frameX="-15" frameY="0" frameWidth="533" frameHeight="763"/>
	<SubTexture name="Mom Left Pose0007" x="528" y="1568" width="518" height="763" frameX="-15" frameY="0" frameWidth="533" frameHeight="763"/>
	<SubTexture name="Mom Left Pose0008" x="1046" y="1568" width="518" height="763" frameX="-15" frameY="0" frameWidth="533" frameHeight="763"/>
	<SubTexture name="Mom Left Pose0009" x="1046" y="1568" width="518" height="763" frameX="-15" frameY="0" frameWidth="533" frameHeight="763"/>
	<SubTexture name="Mom Pose Left0000" x="0" y="2331" width="485" height="722"/>
	<SubTexture name="Mom Pose Left0001" x="0" y="2331" width="485" height="722"/>
	<SubTexture name="Mom Pose Left0002" x="485" y="2331" width="481" height="721" frameX="0" frameY="-1" frameWidth="485" frameHeight="722"/>
	<SubTexture name="Mom Pose Left0003" x="485" y="2331" width="481" height="721" frameX="0" frameY="-1" frameWidth="485" frameHeight="722"/>
	<SubTexture name="Mom Pose Left0004" x="966" y="2331" width="481" height="722" frameX="0" frameY="0" frameWidth="485" frameHeight="722"/>
	<SubTexture name="Mom Pose Left0005" x="966" y="2331" width="481" height="722" frameX="0" frameY="0" frameWidth="485" frameHeight="722"/>
	<SubTexture name="Mom Pose Left0006" x="1447" y="2331" width="481" height="722" frameX="0" frameY="0" frameWidth="485" frameHeight="722"/>
	<SubTexture name="Mom Pose Left0007" x="1447" y="2331" width="481" height="722" frameX="0" frameY="0" frameWidth="485" frameHeight="722"/>
	<SubTexture name="Mom Pose Left0008" x="966" y="2331" width="481" height="722" frameX="0" frameY="0" frameWidth="485" frameHeight="722"/>
	<SubTexture name="Mom Pose Left0009" x="966" y="2331" width="481" height="722" frameX="0" frameY="0" frameWidth="485" frameHeight="722"/>
	<SubTexture name="Mom Up Pose0000" x="0" y="3053" width="411" height="763" frameX="0" frameY="0" frameWidth="416" frameHeight="770"/>
	<SubTexture name="Mom Up Pose0001" x="0" y="3053" width="411" height="763" frameX="0" frameY="0" frameWidth="416" frameHeight="770"/>
	<SubTexture name="Mom Up Pose0002" x="411" y="3053" width="400" height="768" frameX="-16" frameY="-2" frameWidth="416" frameHeight="770"/>
	<SubTexture name="Mom Up Pose0003" x="411" y="3053" width="400" height="768" frameX="-16" frameY="-2" frameWidth="416" frameHeight="770"/>
	<SubTexture name="Mom Up Pose0004" x="811" y="3053" width="411" height="768" frameX="-5" frameY="-2" frameWidth="416" frameHeight="770"/>
	<SubTexture name="Mom Up Pose0005" x="811" y="3053" width="411" height="768" frameX="-5" frameY="-2" frameWidth="416" frameHeight="770"/>
	<SubTexture name="Mom Up Pose0006" x="1222" y="3053" width="411" height="768" frameX="-5" frameY="-2" frameWidth="416" frameHeight="770"/>
	<SubTexture name="Mom Up Pose0007" x="1222" y="3053" width="411" height="768" frameX="-5" frameY="-2" frameWidth="416" frameHeight="770"/>
	<SubTexture name="Mom Up Pose0008" x="811" y="3053" width="411" height="768" frameX="-5" frameY="-2" frameWidth="416" frameHeight="770"/>
	<SubTexture name="Mom Up Pose0009" x="811" y="3053" width="411" height="768" frameX="-5" frameY="-2" frameWidth="416" frameHeight="770"/>
	<SubTexture name="Mom Up Pose0010" x="1222" y="3053" width="411" height="768" frameX="-5" frameY="-2" frameWidth="416" frameHeight="770"/>
	<SubTexture name="Mom Up Pose0011" x="1222" y="3053" width="411" height="768" frameX="-5" frameY="-2" frameWidth="416" frameHeight="770"/>
	<SubTexture name="Mom Up Pose0012" x="811" y="3053" width="411" height="768" frameX="-5" frameY="-2" frameWidth="416" frameHeight="770"/>
	<SubTexture name="Mom Up Pose0013" x="811" y="3053" width="411" height="768" frameX="-5" frameY="-2" frameWidth="416" frameHeight="770"/>
	<SubTexture name="Mom Up Pose0014" x="1222" y="3053" width="411" height="768" frameX="-5" frameY="-2" frameWidth="416" frameHeight="770"/>
</TextureAtlas>
