{"song":{"sectionLengths":[],"player1":"bf","notes":[{"lengthInSteps":16,"altAnim":false,"typeOfSection":0,"sectionNotes":[],"bpm":100,"changeBPM":false,"mustHitSection":false},{"lengthInSteps":16,"altAnim":false,"typeOfSection":0,"sectionNotes":[],"bpm":200,"changeBPM":false,"mustHitSection":true},{"lengthInSteps":16,"altAnim":false,"typeOfSection":0,"sectionNotes":[],"bpm":200,"changeBPM":false,"mustHitSection":true},{"lengthInSteps":16,"altAnim":false,"typeOfSection":0,"sectionNotes":[],"bpm":200,"changeBPM":false,"mustHitSection":false},{"lengthInSteps":16,"altAnim":false,"typeOfSection":0,"sectionNotes":[[4800,3,0],[4875,2,0],[4950,3,0],[5025,2,0],[5100,3,0],[5250,3,0],[5325,3,0],[5400,3,0],[5550,3,0],[5700,3,0]],"bpm":200,"changeBPM":false,"mustHitSection":false},{"lengthInSteps":16,"altAnim":false,"typeOfSection":0,"sectionNotes":[[6000,1,0],[6075,1,0],[6225,1,0],[6150,1,0],[6375,1,0],[6450,1,0],[6525,1,0],[6675,1,0],[6750,1,0],[6825,1,0],[6975,1,0],[7050,1,0],[7125,1,0],[6900,3,0]],"bpm":200,"changeBPM":false,"mustHitSection":false},{"lengthInSteps":16,"altAnim":false,"typeOfSection":0,"sectionNotes":[[7275,2,0],[7425,2,0],[7200,0,0],[7350,0,0],[7500,0,0],[7650,0,0],[7725,0,0],[7800,0,0],[7950,0,0],[8100,0,0]],"bpm":200,"changeBPM":false,"mustHitSection":true},{"lengthInSteps":16,"altAnim":false,"typeOfSection":0,"sectionNotes":[[8400,1,0],[8475,1,0],[8550,1,0],[8625,1,0],[8775,1,0],[8850,1,0],[8925,1,0],[9075,1,0],[9150,1,0],[9225,1,0],[9300,3,0],[9375,1,0],[9450,1,0],[9525,1,0]],"bpm":200,"changeBPM":false,"mustHitSection":true},{"lengthInSteps":16,"altAnim":false,"typeOfSection":0,"sectionNotes":[[9600,3,0],[9675,2,0],[9750,3,0],[9825,2,0],[9900,3,0],[9975,2,0],[10050,3,0],[10125,2,0],[10200,3,0],[10350,3,0],[10500,3,0],[10650,1,0]],"bpm":200,"changeBPM":false,"mustHitSection":false},{"lengthInSteps":16,"altAnim":false,"typeOfSection":0,"sectionNotes":[[10800,1,0],[10875,1,0],[11025,1,0],[11250,1,0],[11400,1,0],[11550,1,0],[11625,1,0],[11775,1,0],[11100,1,0],[11925,1,0]],"bpm":200,"changeBPM":false,"mustHitSection":false},{"lengthInSteps":16,"altAnim":false,"typeOfSection":0,"sectionNotes":[[12075,2,0],[12225,2,0],[12375,2,0],[12525,2,0],[13050,1,0],[12000,0,0],[12150,0,0],[12300,0,0],[12450,0,0],[12600,0,0],[12750,0,0],[12900,0,0]],"bpm":200,"changeBPM":false,"mustHitSection":true},{"lengthInSteps":16,"altAnim":false,"typeOfSection":0,"sectionNotes":[[13200,1,0],[13275,1,0],[13425,1,0],[13500,1,0],[13650,1,0],[13800,1,0],[13950,1,0],[14025,1,0],[14175,1,0],[14325,1,0]],"bpm":200,"changeBPM":false,"mustHitSection":true},{"lengthInSteps":16,"altAnim":false,"typeOfSection":0,"sectionNotes":[[14400,3,225],[14700,3,0],[14775,3,0],[14850,3,0],[15000,3,0],[15075,3,0],[15225,3,0]],"bpm":200,"changeBPM":false,"mustHitSection":false},{"lengthInSteps":16,"altAnim":false,"typeOfSection":0,"sectionNotes":[[15600,1,0],[15675,1,0],[15825,1,0],[15975,1,0],[16125,1,0],[16275,1,0],[16350,1,0],[16500,1,0],[16575,1,0],[16650,1,0],[16725,1,0]],"bpm":200,"changeBPM":false,"mustHitSection":false},{"lengthInSteps":16,"altAnim":false,"typeOfSection":0,"sectionNotes":[[16800,0,225],[17100,0,0],[17250,0,0],[17175,0,0],[17400,0,0],[17475,0,0],[17625,0,0]],"bpm":200,"changeBPM":false,"mustHitSection":true},{"lengthInSteps":16,"altAnim":false,"typeOfSection":0,"sectionNotes":[[18000,1,0],[18075,1,0],[18225,1,0],[18375,1,0],[18525,1,0],[18675,1,0],[18750,1,0],[18900,1,0],[19125,1,0],[19050,1,0],[18975,1,0]],"bpm":200,"changeBPM":false,"mustHitSection":true},{"lengthInSteps":16,"altAnim":false,"typeOfSection":0,"sectionNotes":[[19200,3,0],[19350,3,0],[19500,3,0]],"bpm":200,"changeBPM":false,"mustHitSection":false},{"lengthInSteps":16,"altAnim":false,"typeOfSection":0,"sectionNotes":[[20400,1,0],[20550,1,0],[20700,1,0],[21000,1,0],[21075,0,0],[21225,1,0],[21375,1,0],[21150,3,0],[21450,3,0],[21525,1,0]],"bpm":200,"changeBPM":false,"mustHitSection":false},{"lengthInSteps":16,"altAnim":false,"typeOfSection":0,"sectionNotes":[[21600,0,0],[21750,0,0],[21900,0,0]],"bpm":200,"changeBPM":false,"mustHitSection":true},{"lengthInSteps":16,"altAnim":false,"typeOfSection":0,"sectionNotes":[[22800,1,0],[22950,1,0],[23100,1,0],[23400,1,0],[23625,1,0],[23475,3,0],[23550,0,0],[23775,1,0],[23925,1,0],[23850,0,0]],"bpm":200,"changeBPM":false,"mustHitSection":true},{"lengthInSteps":16,"altAnim":false,"typeOfSection":0,"sectionNotes":[[24000,3,0],[24075,3,0],[24150,3,0],[24225,1,0],[24300,1,0],[24375,1,0],[24450,3,0],[24525,3,0],[24600,3,0]],"bpm":200,"changeBPM":false,"mustHitSection":false},{"lengthInSteps":16,"altAnim":false,"typeOfSection":0,"sectionNotes":[[25200,3,0],[25275,3,0],[25350,3,0],[25650,2,0],[25725,2,0],[25800,3,0],[25950,1,0],[26025,1,0],[26100,1,0]],"bpm":200,"changeBPM":false,"mustHitSection":false},{"lengthInSteps":16,"altAnim":false,"typeOfSection":0,"sectionNotes":[[26475,0,0],[26400,0,0],[26550,0,0],[26625,1,0],[26700,1,0],[26775,1,0],[26850,0,0],[27000,0,0],[26925,0,0]],"bpm":200,"changeBPM":false,"mustHitSection":true},{"lengthInSteps":16,"altAnim":false,"typeOfSection":0,"sectionNotes":[[27600,0,0],[27675,0,0],[27750,0,0],[28050,2,0],[28125,2,0],[28200,0,0],[28350,1,0],[28425,1,0],[28500,1,0]],"bpm":200,"changeBPM":false,"mustHitSection":true},{"lengthInSteps":16,"altAnim":false,"typeOfSection":0,"sectionNotes":[[28800,3,0],[28875,3,0],[28950,3,0],[29100,2,0],[29175,2,0],[29250,2,0],[29400,3,0],[29550,3,0],[29475,3,0],[29700,2,0],[29775,2,0],[29850,2,0]],"bpm":200,"changeBPM":false,"mustHitSection":false},{"lengthInSteps":16,"altAnim":false,"typeOfSection":0,"sectionNotes":[[30000,2,0],[30075,1,0],[30150,3,0],[30225,3,0],[30300,3,0],[30450,2,0],[30525,1,0],[30675,3,0],[30750,3,0],[30900,2,0],[30975,1,0],[31050,3,0],[31125,3,0],[30600,3,0]],"bpm":200,"changeBPM":false,"mustHitSection":false},{"lengthInSteps":16,"altAnim":false,"typeOfSection":0,"sectionNotes":[[31200,0,0],[31275,0,0],[31350,0,0],[31500,2,0],[31575,2,0],[31650,2,0],[31800,0,0],[31875,0,0],[31950,0,0],[32175,2,0],[32250,2,0],[32100,2,0]],"bpm":200,"changeBPM":false,"mustHitSection":true},{"lengthInSteps":16,"altAnim":false,"typeOfSection":0,"sectionNotes":[[32400,2,0],[32475,1,0],[32550,0,0],[32625,0,0],[32700,0,0],[32850,2,0],[32925,1,0],[33000,0,0],[33075,0,0],[33150,0,0],[33300,2,0],[33375,1,0],[33450,0,0],[33525,0,0]],"bpm":200,"changeBPM":false,"mustHitSection":true},{"lengthInSteps":16,"altAnim":false,"typeOfSection":0,"sectionNotes":[[33900,2,0],[34050,1,0],[34200,3,0],[34350,2,0],[34500,1,0],[34650,3,0]],"bpm":200,"changeBPM":false,"mustHitSection":false},{"lengthInSteps":16,"altAnim":false,"typeOfSection":0,"sectionNotes":[[34800,2,0],[34875,1,0],[34950,3,0],[35325,3,0],[35400,3,0],[35475,3,0],[35550,3,0],[35625,3,0],[35700,3,0],[35850,3,0],[35925,3,0]],"bpm":200,"changeBPM":false,"mustHitSection":false},{"lengthInSteps":16,"altAnim":false,"typeOfSection":0,"sectionNotes":[[36300,2,0],[36450,1,0],[36750,2,0],[36900,1,0],[36600,0,0],[37050,0,0]],"bpm":200,"changeBPM":false,"mustHitSection":true},{"lengthInSteps":16,"altAnim":false,"typeOfSection":0,"sectionNotes":[[37200,2,0],[37275,1,0],[37350,0,0],[37725,0,0],[37800,0,0],[37875,0,0],[37950,0,0],[38025,0,0],[38100,0,0],[38250,0,0],[38325,0,0]],"bpm":200,"changeBPM":false,"mustHitSection":true},{"lengthInSteps":16,"altAnim":false,"typeOfSection":0,"sectionNotes":[[38400,3,0],[38475,3,0],[38550,3,0],[38700,2,0],[38775,2,0],[38850,2,0],[39000,3,0],[39075,3,0],[39150,3,0],[39300,2,0],[39375,2,0],[39450,2,0]],"bpm":200,"changeBPM":false,"mustHitSection":false},{"lengthInSteps":16,"altAnim":false,"typeOfSection":0,"sectionNotes":[[39600,2,0],[39675,1,0],[39750,3,0],[39825,3,0],[39900,3,0],[40050,2,0],[40125,1,0],[40275,3,0],[40200,3,0],[40350,3,0],[40500,2,0],[40575,1,0],[40650,3,0],[40725,3,0]],"bpm":200,"changeBPM":false,"mustHitSection":false},{"lengthInSteps":16,"altAnim":false,"typeOfSection":0,"sectionNotes":[[41100,2,0],[41175,2,0],[41250,2,0],[40800,0,0],[40875,0,0],[40950,0,0],[41400,0,0],[41475,0,0],[41550,0,0],[41700,2,0],[41775,2,0],[41850,2,0]],"bpm":200,"changeBPM":false,"mustHitSection":true},{"lengthInSteps":16,"altAnim":false,"typeOfSection":0,"sectionNotes":[[42000,2,0],[42075,1,0],[42150,0,0],[42225,0,0],[42300,0,0],[42450,2,0],[42525,1,0],[42600,0,0],[42675,0,0],[42750,0,0],[42900,2,0],[42975,1,0],[43050,0,0],[43050,0,0],[43125,0,0]],"bpm":200,"changeBPM":false,"mustHitSection":true},{"lengthInSteps":16,"altAnim":false,"typeOfSection":0,"sectionNotes":[[43200,3,0],[43275,2,0],[43350,3,0],[43425,2,0],[43500,3,0],[43650,3,0],[43725,3,0],[43800,3,0],[43950,3,0],[44100,3,0]],"bpm":200,"changeBPM":false,"mustHitSection":false},{"lengthInSteps":16,"altAnim":false,"typeOfSection":0,"sectionNotes":[[44400,1,0],[44475,1,0],[44550,1,0],[44625,1,0],[44775,1,0],[44850,1,0],[44925,1,0],[45075,1,0],[45150,1,0],[45225,1,0],[45300,3,0],[45375,1,0],[45450,1,0],[45525,1,0]],"bpm":200,"changeBPM":false,"mustHitSection":false},{"lengthInSteps":16,"altAnim":false,"typeOfSection":0,"sectionNotes":[[45600,0,0],[45675,2,0],[45750,0,0],[45825,2,0],[45900,0,0],[46050,0,0],[46125,0,0],[46200,0,0],[46350,0,0],[46500,0,0]],"bpm":200,"changeBPM":false,"mustHitSection":true},{"lengthInSteps":16,"altAnim":false,"typeOfSection":0,"sectionNotes":[[46875,1,0],[46800,1,0],[46950,1,0],[47025,1,0],[47175,1,0],[47250,1,0],[47325,1,0],[47475,1,0],[47550,1,0],[47625,1,0],[47700,0,0],[47775,1,0],[47850,1,0],[47925,1,0]],"bpm":200,"changeBPM":false,"mustHitSection":true},{"lengthInSteps":16,"altAnim":false,"typeOfSection":0,"sectionNotes":[[48000,3,0],[48075,2,0],[48225,2,0],[48150,3,0],[48300,3,0],[48375,2,0],[48525,2,0],[48450,3,0],[48600,3,0],[48750,3,0],[48900,3,0],[49050,1,0]],"bpm":200,"changeBPM":false,"mustHitSection":false},{"lengthInSteps":16,"altAnim":false,"typeOfSection":0,"sectionNotes":[[49200,1,0],[49275,1,0],[49425,1,0],[49500,1,0],[49650,1,0],[49800,1,0],[49950,1,0],[50025,1,0],[50175,1,0],[50325,1,0]],"bpm":200,"changeBPM":false,"mustHitSection":false},{"lengthInSteps":16,"altAnim":false,"typeOfSection":0,"sectionNotes":[[50400,0,0],[50475,2,0],[50625,2,0],[50775,2,0],[50925,2,0],[50550,0,0],[50700,0,0],[50850,0,0],[51000,0,0],[51150,0,0],[51300,0,0],[51450,1,0]],"bpm":200,"changeBPM":false,"mustHitSection":true},{"lengthInSteps":16,"altAnim":false,"typeOfSection":0,"sectionNotes":[[51600,1,0],[51675,1,0],[51825,1,0],[51900,1,0],[52050,1,0],[52200,1,0],[52350,1,0],[52425,1,0],[52575,1,0],[52725,1,0]],"bpm":200,"changeBPM":false,"mustHitSection":true},{"lengthInSteps":16,"altAnim":false,"typeOfSection":0,"sectionNotes":[[52800,3,0],[52950,2,0],[53100,3,0],[53250,3,0],[53400,3,0],[53550,3,0],[53700,3,0],[53850,1,0]],"bpm":200,"changeBPM":false,"mustHitSection":false},{"lengthInSteps":16,"altAnim":false,"typeOfSection":0,"sectionNotes":[[54150,2,0],[54300,1,0],[54000,0,0],[54450,0,0],[54600,0,0],[54750,0,0],[54900,0,0],[55050,1,0]],"bpm":200,"changeBPM":false,"mustHitSection":true},{"lengthInSteps":16,"altAnim":false,"typeOfSection":0,"sectionNotes":[[55200,3,0],[55350,2,0],[55500,1,75],[55800,3,0],[55950,3,0],[56100,3,0],[56250,1,0]],"bpm":200,"changeBPM":false,"mustHitSection":false},{"lengthInSteps":16,"altAnim":false,"typeOfSection":0,"sectionNotes":[[56400,0,0],[56550,2,0],[56700,1,75],[57000,0,0],[57150,0,0],[57300,0,0],[57450,1,0]],"bpm":200,"changeBPM":false,"mustHitSection":true},{"lengthInSteps":16,"altAnim":false,"typeOfSection":0,"sectionNotes":[[57600,3,0],[57750,2,0],[57900,3,0],[58050,3,0],[58200,3,0],[58350,3,0],[58500,3,0],[58650,1,0]],"bpm":200,"changeBPM":false,"mustHitSection":false},{"lengthInSteps":16,"altAnim":false,"typeOfSection":0,"sectionNotes":[[58800,0,0],[58950,2,0],[59100,1,0],[59250,0,0],[59400,0,0],[59550,0,0],[59700,0,0],[59850,1,0]],"bpm":200,"changeBPM":false,"mustHitSection":true},{"lengthInSteps":16,"altAnim":false,"typeOfSection":0,"sectionNotes":[[60000,3,0],[60150,2,0],[60300,1,0],[60450,2,0],[60600,3,0],[60750,1,0],[60900,3,0],[61050,2,0]],"bpm":200,"changeBPM":false,"mustHitSection":false},{"lengthInSteps":16,"altAnim":false,"typeOfSection":0,"sectionNotes":[[61500,1,0],[61950,1,0],[61200,2,0],[61350,0,0],[61650,2,0],[61800,0,0],[62100,0,0],[62250,2,0]],"bpm":200,"changeBPM":false,"mustHitSection":true},{"lengthInSteps":16,"altAnim":false,"typeOfSection":0,"sectionNotes":[[62400,3,0],[62475,3,0],[62550,3,0],[62625,3,0],[62700,1,0],[62775,1,0],[62850,1,0],[62925,1,0],[63000,3,0],[63075,3,0],[63150,3,0],[63225,3,0],[63300,2,0],[63375,2,0],[63450,2,0],[63525,2,0]],"bpm":200,"changeBPM":false,"mustHitSection":false},{"lengthInSteps":16,"altAnim":false,"typeOfSection":0,"sectionNotes":[[63600,3,0],[63825,3,0],[63675,3,0],[63750,3,0],[63900,1,0],[63975,1,0],[64050,1,0],[64125,1,0],[64200,2,0],[64275,2,0],[64350,2,0],[64425,2,0],[64500,3,0],[64575,3,0],[64725,3,0],[64650,3,0]],"bpm":200,"changeBPM":false,"mustHitSection":false},{"lengthInSteps":16,"altAnim":false,"typeOfSection":0,"sectionNotes":[[64800,3,0],[64950,3,0],[65025,3,0],[64875,3,0],[65250,1,0],[65550,2,0],[65475,2,0],[65400,2,0],[65100,1,0],[65175,1,0],[65325,1,0],[65625,2,0],[65700,3,0],[65775,3,0],[65850,3,0],[65925,3,0]],"bpm":200,"changeBPM":false,"mustHitSection":false},{"lengthInSteps":16,"altAnim":false,"typeOfSection":0,"sectionNotes":[[66000,2,0],[66150,0,0],[66300,1,0],[66450,2,0],[66600,0,0],[66750,1,0],[66900,0,0],[67050,2,0],[66000,7,0],[66150,7,0],[66075,7,0],[66225,7,0],[66300,5,0],[66375,5,0],[66450,5,0],[66525,5,0],[66600,7,0],[66675,7,0],[66750,7,0],[66825,7,0],[66900,6,0],[66975,6,0],[67050,6,0],[67125,6,0]],"bpm":200,"changeBPM":false,"mustHitSection":true},{"lengthInSteps":16,"altAnim":false,"typeOfSection":0,"sectionNotes":[[67200,3,0],[67275,3,0],[67350,3,0],[67425,3,0],[67500,1,0],[67575,1,0],[67650,1,0],[67725,1,0],[67875,3,0],[67800,3,0],[67950,3,0],[68025,3,0],[68100,2,0],[68250,2,0],[68175,2,0],[68325,2,0]],"bpm":200,"changeBPM":false,"mustHitSection":false},{"lengthInSteps":16,"altAnim":false,"typeOfSection":0,"sectionNotes":[[68400,3,0],[68475,3,0],[68550,3,0],[68625,3,0],[68700,1,0],[68775,1,0],[68850,1,0],[68925,1,0],[69075,3,0],[69000,3,0],[69150,3,0],[69225,3,0],[69300,2,0],[69375,2,0],[69450,2,0],[69525,2,0]],"bpm":200,"changeBPM":false,"mustHitSection":false},{"lengthInSteps":16,"altAnim":false,"typeOfSection":0,"sectionNotes":[[69600,3,0],[69675,3,0],[69750,3,0],[69825,3,0],[69900,1,0],[69975,1,0],[70050,1,0],[70125,1,0],[70200,3,0],[70350,3,0],[70275,3,0],[70425,3,0],[70500,2,0],[70575,2,0],[70650,2,0],[70725,2,0]],"bpm":200,"changeBPM":false,"mustHitSection":false},{"lengthInSteps":16,"altAnim":false,"typeOfSection":0,"sectionNotes":[[70800,2,0],[70950,0,0],[71100,1,0],[71250,2,0],[71400,0,0],[71550,1,0],[71700,0,0],[70800,7,0],[70875,7,0],[70950,7,0],[71025,7,0],[71100,5,0],[71175,5,0],[71250,5,0],[71325,5,0],[71400,7,0],[71475,7,0],[71550,7,0],[71625,7,0],[71700,6,0],[71775,6,0],[71850,6,0],[71925,6,0],[71850,2,0]],"bpm":200,"changeBPM":false,"mustHitSection":true},{"lengthInSteps":16,"altAnim":false,"typeOfSection":0,"sectionNotes":[[72000,3,0],[72150,3,0],[72075,3,0],[72225,3,0],[72300,1,0],[72375,1,0],[72450,1,0],[72525,1,0],[72600,3,0],[72750,3,0],[72825,3,0],[72675,3,0],[72900,2,0],[72975,2,0],[73050,2,0],[73125,2,0]],"bpm":200,"changeBPM":false,"mustHitSection":true},{"lengthInSteps":16,"altAnim":false,"typeOfSection":0,"sectionNotes":[[73275,3,0],[73500,1,0],[73575,1,0],[73650,1,0],[73725,1,0],[73800,3,0],[73875,3,0],[73950,3,0],[74025,3,0],[74100,2,0],[74175,2,0],[74250,2,0],[74325,2,0],[73350,3,0],[73200,3,0],[73425,3,0]],"bpm":200,"changeBPM":false,"mustHitSection":true},{"lengthInSteps":16,"altAnim":false,"typeOfSection":0,"sectionNotes":[[74400,3,0],[74475,3,0],[74550,3,0],[74625,3,0],[74700,1,0],[74775,1,0],[74850,1,0],[74925,1,0],[75000,3,0],[75075,3,0],[75150,3,0],[75225,3,0],[75300,2,0],[75375,2,0],[75450,2,0],[75525,2,0]],"bpm":200,"changeBPM":false,"mustHitSection":true},{"lengthInSteps":16,"altAnim":false,"typeOfSection":0,"sectionNotes":[[75600,3,0],[75675,3,0],[75750,3,0],[75825,3,0],[75900,1,0],[76050,1,0],[75975,1,0],[76125,1,0],[76200,3,0],[76275,3,0],[76350,3,0],[76425,3,0],[76500,2,0],[76575,2,0],[76650,2,0],[76725,2,0]],"bpm":200,"changeBPM":false,"mustHitSection":true},{"lengthInSteps":16,"altAnim":false,"typeOfSection":0,"sectionNotes":[[76800,3,0],[76875,3,0],[76950,3,0],[77025,3,0],[77100,1,0],[77250,1,0],[77175,1,0],[77325,1,0],[77400,3,0],[77475,3,0],[77550,3,0],[77625,3,0],[77700,2,0],[77775,2,0],[77850,2,0],[77925,2,0]],"bpm":200,"changeBPM":false,"mustHitSection":true},{"lengthInSteps":16,"altAnim":false,"typeOfSection":0,"sectionNotes":[[78000,3,0],[78075,3,0],[78150,3,0],[78225,3,0],[78300,1,0],[78450,1,0],[78375,1,0],[78525,1,0],[78600,3,0],[78825,3,0],[78675,3,0],[78750,3,0],[78900,2,0],[78975,2,0],[79050,2,0],[79125,2,0]],"bpm":200,"changeBPM":false,"mustHitSection":true},{"lengthInSteps":16,"altAnim":false,"typeOfSection":0,"sectionNotes":[[79200,3,0],[79275,3,0],[79350,3,0],[79425,3,0],[79500,1,0],[79575,1,0],[79650,1,0],[79725,1,0],[79800,3,0],[79875,3,0],[80025,3,0],[79950,3,0],[80100,2,0],[80175,2,0],[80250,2,0],[80325,2,0]],"bpm":200,"changeBPM":false,"mustHitSection":true},{"lengthInSteps":16,"altAnim":false,"typeOfSection":0,"sectionNotes":[[80400,3,0],[80475,3,0],[80550,3,0],[80625,3,0],[80700,1,0],[80850,1,0],[80775,1,0],[80925,1,0],[81000,3,0],[81075,3,0],[81150,3,0],[81225,3,0],[81300,2,0],[81375,2,0],[81525,2,0],[81450,2,0]],"bpm":200,"changeBPM":false,"mustHitSection":true},{"lengthInSteps":16,"altAnim":false,"typeOfSection":0,"sectionNotes":[[81675,3,0],[81750,3,0],[81825,3,0],[81975,1,0],[82050,1,0],[82125,1,0],[82275,3,0],[82350,3,0],[82425,3,0],[82575,1,0],[82650,1,0],[82725,1,0],[81600,3,0],[81900,1,0],[82200,3,0],[82500,1,0]],"bpm":200,"changeBPM":false,"mustHitSection":false},{"lengthInSteps":16,"altAnim":false,"typeOfSection":0,"sectionNotes":[[82800,7,0],[82875,7,0],[82950,7,0],[83025,7,0],[83175,5,0],[83250,5,0],[83325,5,0],[83475,7,0],[83550,7,0],[83625,7,0],[83775,5,0],[83700,5,0],[83850,5,0],[83925,5,0],[83700,1,0],[82800,0,0],[83100,5,0],[83100,1,0],[83400,0,0],[83400,7,0]],"bpm":200,"changeBPM":false,"mustHitSection":true},{"lengthInSteps":16,"altAnim":false,"typeOfSection":0,"sectionNotes":[[84000,3,0],[84075,3,0],[84150,3,0],[84225,3,0],[84375,1,0],[84300,1,0],[84450,1,0],[84525,1,0],[84600,3,0],[84675,3,0],[84750,3,0],[84825,3,0],[84900,1,0],[84975,1,0],[85050,1,0],[85125,1,0]],"bpm":200,"changeBPM":false,"mustHitSection":false},{"lengthInSteps":16,"altAnim":false,"typeOfSection":0,"sectionNotes":[[85275,7,0],[85350,7,0],[85425,7,0],[85500,5,0],[85575,5,0],[85650,5,0],[85725,5,0],[85800,7,0],[85875,7,0],[85950,7,0],[86025,7,0],[86100,5,0],[86175,5,0],[86250,5,0],[86325,5,0],[85275,2,0],[85200,0,0],[85200,7,0],[85350,0,0],[85425,2,0],[85500,1,0],[85650,1,0],[85575,0,0],[85725,0,0],[85875,0,0],[86025,0,0],[86100,1,0],[86250,1,0],[86325,1,0]],"bpm":200,"changeBPM":false,"mustHitSection":true},{"lengthInSteps":16,"altAnim":false,"typeOfSection":0,"sectionNotes":[[86400,3,0],[86475,3,0],[86550,3,0],[86625,3,0],[86700,1,0],[86775,1,0],[86850,1,0],[86925,1,0],[87000,3,0],[87075,3,0],[87150,3,0],[87225,3,0],[87300,1,0],[87375,1,0],[87450,1,0],[87525,1,0]],"bpm":200,"changeBPM":false,"mustHitSection":false},{"lengthInSteps":16,"altAnim":false,"typeOfSection":0,"sectionNotes":[[87600,0,0],[87600,7,0],[87675,7,0],[87750,7,0],[87825,7,0],[87900,5,0],[87975,5,0],[88050,5,0],[88125,5,0],[88200,7,0],[88275,7,0],[88425,7,0],[88350,7,0],[88500,5,0],[88575,5,0],[88650,5,0],[88725,5,0],[87900,1,0],[88200,0,0],[88500,1,0]],"bpm":200,"changeBPM":false,"mustHitSection":true},{"lengthInSteps":16,"altAnim":false,"typeOfSection":0,"sectionNotes":[[88800,3,0],[88875,3,0],[89025,3,0],[88950,3,0],[89100,1,0],[89250,1,0],[89175,1,0],[89325,1,0],[89400,3,0],[89475,3,0],[89550,3,0],[89625,3,0],[89700,1,0],[89775,1,0],[89850,1,0],[89925,1,0]],"bpm":200,"changeBPM":false,"mustHitSection":false},{"lengthInSteps":16,"altAnim":false,"typeOfSection":0,"sectionNotes":[[90000,7,0],[90075,7,0],[90150,7,0],[90225,7,0],[90300,5,0],[90375,5,0],[90450,5,0],[90525,5,0],[90600,7,0],[90675,7,0],[90750,7,0],[90825,7,0],[90900,5,0],[90975,5,0],[91050,5,0],[91050,5,0],[91125,5,0],[90000,0,0],[90075,2,0],[90150,0,0],[90225,2,0],[90300,1,0],[90375,0,0],[90450,1,0],[90525,0,0],[90675,0,0],[90825,0,0],[90900,1,0],[91050,1,0],[91125,1,0]],"bpm":200,"changeBPM":false,"mustHitSection":true},{"lengthInSteps":16,"altAnim":false,"typeOfSection":0,"sectionNotes":[[91200,3,0],[91275,2,0],[91350,3,0],[91425,2,0],[91500,3,0],[91650,3,0],[91725,3,0],[91800,3,0],[91950,3,0],[92100,3,0]],"bpm":200,"changeBPM":false,"mustHitSection":false},{"lengthInSteps":16,"altAnim":false,"typeOfSection":0,"sectionNotes":[[92400,1,0],[92550,1,0],[92475,1,0],[92625,1,0],[92775,1,0],[92850,1,0],[92925,1,0],[93075,1,0],[93150,1,0],[93225,1,0],[93300,3,0],[93375,1,0],[93450,1,0],[93525,1,0]],"bpm":200,"changeBPM":false,"mustHitSection":false},{"lengthInSteps":16,"altAnim":false,"typeOfSection":0,"sectionNotes":[[93675,2,0],[93600,0,0],[93750,0,0],[93900,0,0],[93825,2,0],[94050,0,0],[94125,0,0],[94200,0,0],[94350,0,0],[94500,0,0]],"bpm":200,"changeBPM":false,"mustHitSection":true},{"lengthInSteps":16,"altAnim":false,"typeOfSection":0,"sectionNotes":[[94800,1,0],[94950,1,0],[94875,1,0],[95025,1,0],[95175,1,0],[95250,1,0],[95325,1,0],[95475,1,0],[95550,1,0],[95625,1,0],[95700,0,0],[95775,1,0],[95925,1,0],[95850,1,0]],"bpm":200,"changeBPM":false,"mustHitSection":true},{"lengthInSteps":16,"altAnim":false,"typeOfSection":0,"sectionNotes":[[96000,3,0],[96075,2,0],[96150,3,0],[96225,2,0],[96300,3,0],[96450,3,0],[96525,3,0],[96600,3,0],[96750,3,0],[96900,3,0]],"bpm":200,"changeBPM":false,"mustHitSection":false},{"lengthInSteps":16,"altAnim":false,"typeOfSection":0,"sectionNotes":[[97200,1,0],[97275,1,0],[97350,1,0],[97425,1,0],[97575,1,0],[97650,1,0],[97725,1,0],[97950,1,0],[97875,1,0],[98025,1,0],[98100,3,0],[98175,1,0],[98250,1,0],[98325,1,0]],"bpm":200,"changeBPM":false,"mustHitSection":false},{"lengthInSteps":16,"altAnim":false,"typeOfSection":0,"sectionNotes":[[98400,0,0],[98550,0,0],[98700,0,0],[98475,2,0],[98625,2,0],[98850,0,0],[98925,0,0],[99000,0,0],[99150,0,0],[99300,0,0]],"bpm":200,"changeBPM":false,"mustHitSection":true},{"lengthInSteps":16,"altAnim":false,"typeOfSection":0,"sectionNotes":[[99675,1,0],[99600,1,0],[99750,1,0],[99825,1,0],[99975,1,0],[100050,1,0],[100125,1,0],[100275,1,0],[100350,1,0],[100425,1,0],[100500,0,0],[100575,1,0],[100650,1,0],[100725,1,0]],"bpm":200,"changeBPM":false,"mustHitSection":true},{"lengthInSteps":16,"altAnim":false,"typeOfSection":0,"sectionNotes":[[100800,3,0],[100875,2,0],[100950,3,0],[101025,2,0],[101100,3,0],[101325,3,0],[101250,3,0],[101400,3,0],[101550,3,0],[101700,3,0]],"bpm":200,"changeBPM":false,"mustHitSection":false},{"lengthInSteps":16,"altAnim":false,"typeOfSection":0,"sectionNotes":[[102000,1,0],[102375,1,0],[102450,1,0],[102150,1,0],[102300,1,0],[102600,1,0],[102675,1,0],[102750,1,0],[102825,1,0],[102900,3,0],[102975,1,0],[103125,1,0],[103050,1,0]],"bpm":200,"changeBPM":false,"mustHitSection":false},{"lengthInSteps":16,"altAnim":false,"typeOfSection":0,"sectionNotes":[[103200,0,0],[103350,0,0],[103500,0,0],[103275,2,0],[103425,2,0],[103650,0,0],[103725,0,0],[103800,0,0],[103950,0,0],[104100,0,0]],"bpm":200,"changeBPM":false,"mustHitSection":true},{"lengthInSteps":16,"altAnim":false,"typeOfSection":0,"sectionNotes":[[104400,1,0],[104550,1,0],[104700,1,0],[104775,1,0],[104850,1,0],[105000,1,0],[105075,1,0],[105150,1,0],[105225,1,0],[105375,1,0],[105450,1,0],[105300,0,0],[105525,1,0]],"bpm":200,"changeBPM":false,"mustHitSection":true},{"lengthInSteps":16,"altAnim":false,"typeOfSection":0,"sectionNotes":[[105600,3,0],[105675,2,0],[105750,3,0],[105825,2,0],[105900,3,0],[106050,3,0],[106125,3,0],[106200,3,0],[106350,3,0],[106500,3,0]],"bpm":200,"changeBPM":false,"mustHitSection":false},{"lengthInSteps":16,"altAnim":false,"typeOfSection":0,"sectionNotes":[[106800,1,0],[106950,1,0],[107100,1,0],[107175,1,0],[107250,1,0],[107400,1,0],[107475,1,0],[107550,1,0],[107625,1,0],[107700,3,0],[107850,1,0],[107775,1,0],[107925,1,0]],"bpm":200,"changeBPM":false,"mustHitSection":false},{"lengthInSteps":16,"altAnim":false,"typeOfSection":0,"sectionNotes":[[108000,0,0],[108150,0,0],[108300,0,0],[108075,2,0],[108225,2,0],[108450,0,0],[108525,0,0],[108600,0,0],[108750,0,0],[108900,0,0],[109050,0,0]],"bpm":200,"changeBPM":false,"mustHitSection":true},{"lengthInSteps":16,"altAnim":false,"typeOfSection":0,"sectionNotes":[[109200,1,0],[109275,1,0],[109350,0,0],[109425,1,0],[109575,1,0],[109650,0,0],[109725,1,0],[109800,2,0],[109875,1,0],[110100,0,0],[110250,1,0],[110325,1,0],[109200,5,0],[109275,5,0],[109650,7,0],[109800,6,0],[110100,7,0],[110250,7,0]],"bpm":200,"changeBPM":false,"mustHitSection":true},{"lengthInSteps":16,"altAnim":false,"typeOfSection":0,"sectionNotes":[],"bpm":200,"changeBPM":false,"mustHitSection":false},{"lengthInSteps":16,"altAnim":false,"typeOfSection":0,"sectionNotes":[],"bpm":200,"changeBPM":false,"mustHitSection":true},{"lengthInSteps":16,"altAnim":false,"typeOfSection":0,"sectionNotes":[],"bpm":200,"changeBPM":false,"mustHitSection":false},{"lengthInSteps":16,"altAnim":false,"typeOfSection":0,"sectionNotes":[],"bpm":200,"changeBPM":false,"mustHitSection":true},{"lengthInSteps":16,"altAnim":false,"typeOfSection":0,"sectionNotes":[],"bpm":200,"changeBPM":false,"mustHitSection":false},{"lengthInSteps":16,"altAnim":false,"typeOfSection":0,"sectionNotes":[],"bpm":200,"changeBPM":false,"mustHitSection":true},{"lengthInSteps":16,"altAnim":false,"typeOfSection":0,"sectionNotes":[],"bpm":200,"changeBPM":false,"mustHitSection":true}],"player2":"dad","song":"Hacked","validScore":true,"sections":0,"needsVoices":true,"speed":3,"bpm":200}}