﻿<?xml version="1.0" encoding="utf-8"?>
<TextureAtlas imagePath="limoDancer.png">
	<!-- Created with Adobe Animate version 19.2.1.408 -->
	<!-- http://www.adobe.com/products/animate.html -->
	<SubTexture name="bg dancer sketch PINK0000" x="0" y="0" width="394" height="404" frameX="0" frameY="-1" frameWidth="517" frameHeight="406"/>
	<SubTexture name="bg dancer sketch PINK0001" x="0" y="0" width="394" height="404" frameX="0" frameY="-1" frameWidth="517" frameHeight="406"/>
	<SubTexture name="bg dancer sketch PINK0002" x="394" y="0" width="394" height="402" frameX="0" frameY="-3" frameWidth="517" frameHeight="406"/>
	<SubTexture name="bg dancer sketch PINK0003" x="394" y="0" width="394" height="402" frameX="0" frameY="-3" frameWidth="517" frameHeight="406"/>
	<SubTexture name="bg dancer sketch PINK0004" x="394" y="0" width="394" height="402" frameX="0" frameY="-3" frameWidth="517" frameHeight="406"/>
	<SubTexture name="bg dancer sketch PINK0005" x="0" y="404" width="395" height="399" frameX="0" frameY="-6" frameWidth="517" frameHeight="406"/>
	<SubTexture name="bg dancer sketch PINK0006" x="0" y="404" width="395" height="399" frameX="0" frameY="-6" frameWidth="517" frameHeight="406"/>
	<SubTexture name="bg dancer sketch PINK0007" x="395" y="404" width="389" height="397" frameX="-6" frameY="-8" frameWidth="517" frameHeight="406"/>
	<SubTexture name="bg dancer sketch PINK0008" x="395" y="404" width="389" height="397" frameX="-6" frameY="-8" frameWidth="517" frameHeight="406"/>
	<SubTexture name="bg dancer sketch PINK0009" x="0" y="803" width="285" height="361" frameX="-123" frameY="-45" frameWidth="517" frameHeight="406"/>
	<SubTexture name="bg dancer sketch PINK0010" x="0" y="803" width="285" height="361" frameX="-123" frameY="-45" frameWidth="517" frameHeight="406"/>
	<SubTexture name="bg dancer sketch PINK0011" x="285" y="803" width="288" height="364" frameX="-121" frameY="-42" frameWidth="517" frameHeight="406"/>
	<SubTexture name="bg dancer sketch PINK0012" x="285" y="803" width="288" height="364" frameX="-121" frameY="-42" frameWidth="517" frameHeight="406"/>
	<SubTexture name="bg dancer sketch PINK0013" x="285" y="803" width="288" height="364" frameX="-121" frameY="-42" frameWidth="517" frameHeight="406"/>
	<SubTexture name="bg dancer sketch PINK0014" x="285" y="803" width="288" height="364" frameX="-121" frameY="-42" frameWidth="517" frameHeight="406"/>
	<SubTexture name="bg dancer sketch PINK0015" x="573" y="803" width="404" height="406" frameX="-113" frameY="0" frameWidth="517" frameHeight="406"/>
	<SubTexture name="bg dancer sketch PINK0016" x="573" y="803" width="404" height="406" frameX="-113" frameY="0" frameWidth="517" frameHeight="406"/>
	<SubTexture name="bg dancer sketch PINK0017" x="0" y="1209" width="394" height="403" frameX="-120" frameY="-2" frameWidth="517" frameHeight="406"/>
	<SubTexture name="bg dancer sketch PINK0018" x="0" y="1209" width="394" height="403" frameX="-120" frameY="-2" frameWidth="517" frameHeight="406"/>
	<SubTexture name="bg dancer sketch PINK0019" x="0" y="1209" width="394" height="403" frameX="-120" frameY="-2" frameWidth="517" frameHeight="406"/>
	<SubTexture name="bg dancer sketch PINK0020" x="394" y="1209" width="395" height="401" frameX="-119" frameY="-4" frameWidth="517" frameHeight="406"/>
	<SubTexture name="bg dancer sketch PINK0021" x="394" y="1209" width="395" height="401" frameX="-119" frameY="-4" frameWidth="517" frameHeight="406"/>
	<SubTexture name="bg dancer sketch PINK0022" x="0" y="1612" width="395" height="399" frameX="-119" frameY="-6" frameWidth="517" frameHeight="406"/>
	<SubTexture name="bg dancer sketch PINK0023" x="0" y="1612" width="395" height="399" frameX="-119" frameY="-6" frameWidth="517" frameHeight="406"/>
	<SubTexture name="bg dancer sketch PINK0024" x="395" y="1612" width="310" height="359" frameX="-141" frameY="-47" frameWidth="517" frameHeight="406"/>
	<SubTexture name="bg dancer sketch PINK0025" x="395" y="1612" width="310" height="359" frameX="-141" frameY="-47" frameWidth="517" frameHeight="406"/>
	<SubTexture name="bg dancer sketch PINK0026" x="705" y="1612" width="311" height="360" frameX="-139" frameY="-46" frameWidth="517" frameHeight="406"/>
	<SubTexture name="bg dancer sketch PINK0027" x="705" y="1612" width="311" height="360" frameX="-139" frameY="-46" frameWidth="517" frameHeight="406"/>
	<SubTexture name="bg dancer sketch PINK0028" x="705" y="1612" width="311" height="360" frameX="-139" frameY="-46" frameWidth="517" frameHeight="406"/>
	<SubTexture name="bg dancer sketch PINK0029" x="705" y="1612" width="311" height="360" frameX="-139" frameY="-46" frameWidth="517" frameHeight="406"/>
	<SubTexture name="bg dancer sketch PINK0030" x="705" y="1612" width="311" height="360" frameX="-139" frameY="-46" frameWidth="517" frameHeight="406"/>
</TextureAtlas>
