﻿<?xml version="1.0" encoding="utf-8"?>
<TextureAtlas imagePath="FNF_main_menu_assets.png">
	<!-- Created with Adobe Animate version 20.5.0.29329 -->
	<!-- http://www.adobe.com/products/animate.html -->
	<SubTexture name="donate basic0000" x="0" y="0" width="444" height="117"/>
	<SubTexture name="donate basic0001" x="0" y="0" width="444" height="117"/>
	<SubTexture name="donate basic0002" x="0" y="0" width="444" height="117"/>
	<SubTexture name="donate basic0003" x="444" y="0" width="444" height="117"/>
	<SubTexture name="donate basic0004" x="444" y="0" width="444" height="117"/>
	<SubTexture name="donate basic0005" x="444" y="0" width="444" height="117"/>
	<SubTexture name="donate basic0006" x="888" y="0" width="444" height="117"/>
	<SubTexture name="donate basic0007" x="888" y="0" width="444" height="117"/>
	<SubTexture name="donate basic0008" x="888" y="0" width="444" height="117"/>
	<SubTexture name="donate white0000" x="1332" y="0" width="590" height="157" frameX="0" frameY="-2" frameWidth="590" frameHeight="159"/>
	<SubTexture name="donate white0001" x="0" y="157" width="587" height="154" frameX="-1" frameY="-5" frameWidth="590" frameHeight="159"/>
	<SubTexture name="donate white0002" x="587" y="157" width="585" height="155" frameX="-3" frameY="0" frameWidth="590" frameHeight="159"/>
	<SubTexture name="freeplay basic0000" x="1172" y="157" width="225" height="119"/>
	<SubTexture name="freeplay basic0001" x="1172" y="157" width="225" height="119"/>
	<SubTexture name="freeplay basic0002" x="1172" y="157" width="225" height="119"/>
	<SubTexture name="freeplay basic0003" x="1397" y="157" width="225" height="119"/>
	<SubTexture name="freeplay basic0004" x="1397" y="157" width="225" height="119"/>
	<SubTexture name="freeplay basic0005" x="1397" y="157" width="225" height="119"/>
	<SubTexture name="freeplay basic0006" x="1622" y="157" width="225" height="119"/>
	<SubTexture name="freeplay basic0007" x="1622" y="157" width="225" height="119"/>
	<SubTexture name="freeplay basic0008" x="1622" y="157" width="225" height="119"/>
	<SubTexture name="freeplay white0000" x="0" y="312" width="318" height="163" frameX="-3" frameY="0" frameWidth="329" frameHeight="166"/>
	<SubTexture name="freeplay white0001" x="318" y="312" width="325" height="163" frameX="-4" frameY="-1" frameWidth="329" frameHeight="166"/>
	<SubTexture name="freeplay white0002" x="643" y="312" width="327" height="165" frameX="0" frameY="-1" frameWidth="329" frameHeight="166"/>
	<SubTexture name="options basic0000" x="970" y="312" width="487" height="111"/>
	<SubTexture name="options basic0001" x="970" y="312" width="487" height="111"/>
	<SubTexture name="options basic0002" x="970" y="312" width="487" height="111"/>
	<SubTexture name="options basic0003" x="1457" y="312" width="487" height="111"/>
	<SubTexture name="options basic0004" x="1457" y="312" width="487" height="111"/>
	<SubTexture name="options basic0005" x="1457" y="312" width="487" height="111"/>
	<SubTexture name="options basic0006" x="0" y="477" width="487" height="111"/>
	<SubTexture name="options basic0007" x="0" y="477" width="487" height="111"/>
	<SubTexture name="options basic0008" x="0" y="477" width="487" height="111"/>
	<SubTexture name="options white0000" x="487" y="477" width="606" height="155" frameX="-2" frameY="-1" frameWidth="610" frameHeight="163"/>
	<SubTexture name="options white0001" x="1093" y="477" width="607" height="158" frameX="-3" frameY="-1" frameWidth="610" frameHeight="163"/>
	<SubTexture name="options white0002" x="0" y="635" width="610" height="163"/>
	<SubTexture name="story mode basic0000" x="610" y="635" width="615" height="122"/>
	<SubTexture name="story mode basic0001" x="610" y="635" width="615" height="122"/>
	<SubTexture name="story mode basic0002" x="610" y="635" width="615" height="122"/>
	<SubTexture name="story mode basic0003" x="1225" y="635" width="615" height="122"/>
	<SubTexture name="story mode basic0004" x="1225" y="635" width="615" height="122"/>
	<SubTexture name="story mode basic0005" x="1225" y="635" width="615" height="122"/>
	<SubTexture name="story mode basic0006" x="0" y="798" width="615" height="122"/>
	<SubTexture name="story mode basic0007" x="0" y="798" width="615" height="122"/>
	<SubTexture name="story mode basic0008" x="0" y="798" width="615" height="122"/>
	<SubTexture name="story mode white0000" x="615" y="798" width="796" height="173" frameX="0" frameY="-3" frameWidth="796" frameHeight="181"/>
	<SubTexture name="story mode white0001" x="0" y="971" width="794" height="174" frameX="-2" frameY="-2" frameWidth="796" frameHeight="181"/>
	<SubTexture name="story mode white0002" x="794" y="971" width="794" height="181" frameX="0" frameY="0" frameWidth="796" frameHeight="181"/>
</TextureAtlas>
