﻿<?xml version="1.0" encoding="utf-8"?>
<TextureAtlas imagePath="smokeRight.png">
	<!-- Created with Adobe Animate version 21.0.0.35450 -->
	<!-- http://www.adobe.com/products/animate.html -->
	<SubTexture name="SmokeRight instance 10000" x="0" y="897" width="533" height="885" frameX="-35" frameY="-47" frameWidth="568" frameHeight="938"/>
	<SubTexture name="SmokeRight instance 10001" x="1619" y="0" width="510" height="871" frameX="-38" frameY="-40" frameWidth="568" frameHeight="938"/>
	<SubTexture name="SmokeRight instance 10002" x="1619" y="0" width="510" height="871" frameX="-38" frameY="-40" frameWidth="568" frameHeight="938"/>
	<SubTexture name="SmokeRight instance 10003" x="1619" y="0" width="510" height="871" frameX="-38" frameY="-40" frameWidth="568" frameHeight="938"/>
	<SubTexture name="SmokeRight instance 10004" x="0" y="1792" width="501" height="871" frameX="-35" frameY="-32" frameWidth="568" frameHeight="938"/>
	<SubTexture name="SmokeRight instance 10005" x="0" y="1792" width="501" height="871" frameX="-35" frameY="-32" frameWidth="568" frameHeight="938"/>
	<SubTexture name="SmokeRight instance 10006" x="0" y="1792" width="501" height="871" frameX="-35" frameY="-32" frameWidth="568" frameHeight="938"/>
	<SubTexture name="SmokeRight instance 10007" x="1087" y="899" width="524" height="876" frameX="-24" frameY="-22" frameWidth="568" frameHeight="938"/>
	<SubTexture name="SmokeRight instance 10008" x="1087" y="899" width="524" height="876" frameX="-24" frameY="-22" frameWidth="568" frameHeight="938"/>
	<SubTexture name="SmokeRight instance 10009" x="1087" y="899" width="524" height="876" frameX="-24" frameY="-22" frameWidth="568" frameHeight="938"/>
	<SubTexture name="SmokeRight instance 10010" x="543" y="899" width="534" height="882" frameX="-16" frameY="-12" frameWidth="568" frameHeight="938"/>
	<SubTexture name="SmokeRight instance 10011" x="543" y="899" width="534" height="882" frameX="-16" frameY="-12" frameWidth="568" frameHeight="938"/>
	<SubTexture name="SmokeRight instance 10012" x="543" y="899" width="534" height="882" frameX="-16" frameY="-12" frameWidth="568" frameHeight="938"/>
	<SubTexture name="SmokeRight instance 10013" x="0" y="0" width="542" height="887" frameX="-2" frameY="-6" frameWidth="568" frameHeight="938"/>
	<SubTexture name="SmokeRight instance 10014" x="0" y="0" width="542" height="887" frameX="-2" frameY="-6" frameWidth="568" frameHeight="938"/>
	<SubTexture name="SmokeRight instance 10015" x="0" y="0" width="542" height="887" frameX="-2" frameY="-6" frameWidth="568" frameHeight="938"/>
	<SubTexture name="SmokeRight instance 10016" x="552" y="0" width="538" height="889" frameX="0" frameY="0" frameWidth="568" frameHeight="938"/>
	<SubTexture name="SmokeRight instance 10017" x="552" y="0" width="538" height="889" frameX="0" frameY="0" frameWidth="568" frameHeight="938"/>
	<SubTexture name="SmokeRight instance 10018" x="552" y="0" width="538" height="889" frameX="0" frameY="0" frameWidth="568" frameHeight="938"/>
	<SubTexture name="SmokeRight instance 10019" x="1621" y="881" width="535" height="830" frameX="0" frameY="-57" frameWidth="568" frameHeight="938"/>
	<SubTexture name="SmokeRight instance 10020" x="1621" y="881" width="535" height="830" frameX="0" frameY="-57" frameWidth="568" frameHeight="938"/>
	<SubTexture name="SmokeRight instance 10021" x="1621" y="881" width="535" height="830" frameX="0" frameY="-57" frameWidth="568" frameHeight="938"/>
	<SubTexture name="SmokeRight instance 10022" x="1621" y="1721" width="526" height="834" frameX="-5" frameY="-52" frameWidth="568" frameHeight="938"/>
	<SubTexture name="SmokeRight instance 10023" x="1621" y="1721" width="526" height="834" frameX="-5" frameY="-52" frameWidth="568" frameHeight="938"/>
	<SubTexture name="SmokeRight instance 10024" x="1621" y="1721" width="526" height="834" frameX="-5" frameY="-52" frameWidth="568" frameHeight="938"/>
	<SubTexture name="SmokeRight instance 10025" x="511" y="1792" width="525" height="815" frameX="-14" frameY="-68" frameWidth="568" frameHeight="938"/>
	<SubTexture name="SmokeRight instance 10026" x="511" y="1792" width="525" height="815" frameX="-14" frameY="-68" frameWidth="568" frameHeight="938"/>
	<SubTexture name="SmokeRight instance 10027" x="511" y="1792" width="525" height="815" frameX="-14" frameY="-68" frameWidth="568" frameHeight="938"/>
	<SubTexture name="SmokeRight instance 10028" x="2157" y="1721" width="515" height="738" frameX="-17" frameY="-146" frameWidth="568" frameHeight="938"/>
	<SubTexture name="SmokeRight instance 10029" x="2157" y="1721" width="515" height="738" frameX="-17" frameY="-146" frameWidth="568" frameHeight="938"/>
	<SubTexture name="SmokeRight instance 10030" x="2157" y="1721" width="515" height="738" frameX="-17" frameY="-146" frameWidth="568" frameHeight="938"/>
	<SubTexture name="SmokeRight instance 10031" x="2668" y="765" width="443" height="676" frameX="-32" frameY="-196" frameWidth="568" frameHeight="938"/>
	<SubTexture name="SmokeRight instance 10032" x="2668" y="765" width="443" height="676" frameX="-32" frameY="-196" frameWidth="568" frameHeight="938"/>
	<SubTexture name="SmokeRight instance 10033" x="2668" y="765" width="443" height="676" frameX="-32" frameY="-196" frameWidth="568" frameHeight="938"/>
	<SubTexture name="SmokeRight instance 10034" x="2668" y="0" width="481" height="755" frameX="-47" frameY="-149" frameWidth="568" frameHeight="938"/>
	<SubTexture name="SmokeRight instance 10035" x="2668" y="0" width="481" height="755" frameX="-47" frameY="-149" frameWidth="568" frameHeight="938"/>
	<SubTexture name="SmokeRight instance 10036" x="2668" y="0" width="481" height="755" frameX="-47" frameY="-149" frameWidth="568" frameHeight="938"/>
	<SubTexture name="SmokeRight instance 10037" x="1046" y="1791" width="508" height="802" frameX="-50" frameY="-121" frameWidth="568" frameHeight="938"/>
	<SubTexture name="SmokeRight instance 10038" x="1046" y="1791" width="508" height="802" frameX="-50" frameY="-121" frameWidth="568" frameHeight="938"/>
	<SubTexture name="SmokeRight instance 10039" x="1046" y="1791" width="508" height="802" frameX="-50" frameY="-121" frameWidth="568" frameHeight="938"/>
	<SubTexture name="SmokeRight instance 10040" x="2139" y="0" width="519" height="851" frameX="-37" frameY="-80" frameWidth="568" frameHeight="938"/>
	<SubTexture name="SmokeRight instance 10041" x="2139" y="0" width="519" height="851" frameX="-37" frameY="-80" frameWidth="568" frameHeight="938"/>
	<SubTexture name="SmokeRight instance 10042" x="2139" y="0" width="519" height="851" frameX="-37" frameY="-80" frameWidth="568" frameHeight="938"/>
	<SubTexture name="SmokeRight instance 10043" x="1100" y="0" width="509" height="878" frameX="-36" frameY="-60" frameWidth="568" frameHeight="938"/>
	<SubTexture name="SmokeRight instance 10044" x="1100" y="0" width="509" height="878" frameX="-36" frameY="-60" frameWidth="568" frameHeight="938"/>
	<SubTexture name="SmokeRight instance 10045" x="1100" y="0" width="509" height="878" frameX="-36" frameY="-60" frameWidth="568" frameHeight="938"/>
	<SubTexture name="SmokeRight instance 10046" x="0" y="897" width="533" height="885" frameX="-35" frameY="-47" frameWidth="568" frameHeight="938"/>
	<SubTexture name="SmokeRight instance 10047" x="0" y="897" width="533" height="885" frameX="-35" frameY="-47" frameWidth="568" frameHeight="938"/>
</TextureAtlas>
