﻿<?xml version="1.0" encoding="utf-8"?>
<TextureAtlas imagePath="tank1.png">
	<!-- Created with Adobe Animate version 21.0.0.35450 -->
	<!-- http://www.adobe.com/products/animate.html -->
	<SubTexture name="fg tankhead 5 instance 10000" x="0" y="388" width="472" height="113" frameX="0" frameY="-9" frameWidth="472" frameHeight="122"/>
	<SubTexture name="fg tankhead 5 instance 10001" x="0" y="388" width="472" height="113" frameX="0" frameY="-9" frameWidth="472" frameHeight="122"/>
	<SubTexture name="fg tankhead 5 instance 10002" x="0" y="262" width="468" height="116" frameX="-2" frameY="-6" frameWidth="472" frameHeight="122"/>
	<SubTexture name="fg tankhead 5 instance 10003" x="0" y="262" width="468" height="116" frameX="-2" frameY="-6" frameWidth="472" frameHeight="122"/>
	<SubTexture name="fg tankhead 5 instance 10004" x="0" y="132" width="460" height="120" frameX="-6" frameY="-2" frameWidth="472" frameHeight="122"/>
	<SubTexture name="fg tankhead 5 instance 10005" x="0" y="132" width="460" height="120" frameX="-6" frameY="-2" frameWidth="472" frameHeight="122"/>
	<SubTexture name="fg tankhead 5 instance 10006" x="0" y="0" width="459" height="122" frameX="-6" frameY="0" frameWidth="472" frameHeight="122"/>
	<SubTexture name="fg tankhead 5 instance 10007" x="0" y="0" width="459" height="122" frameX="-6" frameY="0" frameWidth="472" frameHeight="122"/>
	<SubTexture name="fg tankhead 5 instance 10008" x="0" y="0" width="459" height="122" frameX="-6" frameY="0" frameWidth="472" frameHeight="122"/>
	<SubTexture name="fg tankhead 5 instance 10009" x="0" y="0" width="459" height="122" frameX="-6" frameY="0" frameWidth="472" frameHeight="122"/>
	<SubTexture name="fg tankhead 5 instance 10010" x="0" y="0" width="459" height="122" frameX="-6" frameY="0" frameWidth="472" frameHeight="122"/>
	<SubTexture name="fg tankhead 5 instance 10011" x="0" y="0" width="459" height="122" frameX="-6" frameY="0" frameWidth="472" frameHeight="122"/>
	<SubTexture name="fg tankhead 5 instance 10012" x="0" y="0" width="459" height="122" frameX="-6" frameY="0" frameWidth="472" frameHeight="122"/>
	<SubTexture name="fg tankhead 5 instance 10013" x="0" y="0" width="459" height="122" frameX="-6" frameY="0" frameWidth="472" frameHeight="122"/>
	<SubTexture name="fg tankhead 5 instance 10014" x="0" y="0" width="459" height="122" frameX="-6" frameY="0" frameWidth="472" frameHeight="122"/>
</TextureAtlas>
