﻿<?xml version="1.0" encoding="utf-8"?>
<TextureAtlas imagePath="tank5.png">
	<!-- Created with Adobe Animate version 21.0.0.35450 -->
	<!-- http://www.adobe.com/products/animate.html -->
	<SubTexture name="fg tankhead far right instance 10000" x="633" y="457" width="312" height="437" frameX="0" frameY="-13" frameWidth="315" frameHeight="450"/>
	<SubTexture name="fg tankhead far right instance 10001" x="633" y="457" width="312" height="437" frameX="0" frameY="-13" frameWidth="315" frameHeight="450"/>
	<SubTexture name="fg tankhead far right instance 10002" x="0" y="460" width="307" height="440" frameX="-5" frameY="-10" frameWidth="315" frameHeight="450"/>
	<SubTexture name="fg tankhead far right instance 10003" x="0" y="460" width="307" height="440" frameX="-5" frameY="-10" frameWidth="315" frameHeight="450"/>
	<SubTexture name="fg tankhead far right instance 10004" x="633" y="0" width="306" height="447" frameX="-7" frameY="-3" frameWidth="315" frameHeight="450"/>
	<SubTexture name="fg tankhead far right instance 10005" x="633" y="0" width="306" height="447" frameX="-7" frameY="-3" frameWidth="315" frameHeight="450"/>
	<SubTexture name="fg tankhead far right instance 10006" x="0" y="0" width="307" height="450" frameX="-7" frameY="0" frameWidth="315" frameHeight="450"/>
	<SubTexture name="fg tankhead far right instance 10007" x="0" y="0" width="307" height="450" frameX="-7" frameY="0" frameWidth="315" frameHeight="450"/>
	<SubTexture name="fg tankhead far right instance 10008" x="317" y="0" width="306" height="450" frameX="-9" frameY="0" frameWidth="315" frameHeight="450"/>
	<SubTexture name="fg tankhead far right instance 10009" x="317" y="0" width="306" height="450" frameX="-9" frameY="0" frameWidth="315" frameHeight="450"/>
	<SubTexture name="fg tankhead far right instance 10010" x="317" y="0" width="306" height="450" frameX="-9" frameY="0" frameWidth="315" frameHeight="450"/>
	<SubTexture name="fg tankhead far right instance 10011" x="317" y="0" width="306" height="450" frameX="-9" frameY="0" frameWidth="315" frameHeight="450"/>
	<SubTexture name="fg tankhead far right instance 10012" x="317" y="0" width="306" height="450" frameX="-9" frameY="0" frameWidth="315" frameHeight="450"/>
	<SubTexture name="fg tankhead far right instance 10013" x="317" y="0" width="306" height="450" frameX="-9" frameY="0" frameWidth="315" frameHeight="450"/>
</TextureAtlas>
