﻿<?xml version="1.0" encoding="utf-8"?>
<TextureAtlas imagePath="tank3.png">
	<!-- Created with Adobe Animate version 21.0.0.35450 -->
	<!-- http://www.adobe.com/products/animate.html -->
	<SubTexture name="fg tankhead 4 instance 10000" x="0" y="422" width="590" height="124" frameX="0" frameY="-11" frameWidth="590" frameHeight="135"/>
	<SubTexture name="fg tankhead 4 instance 10001" x="0" y="422" width="590" height="124" frameX="0" frameY="-11" frameWidth="590" frameHeight="135"/>
	<SubTexture name="fg tankhead 4 instance 10002" x="0" y="286" width="585" height="126" frameX="-2" frameY="-9" frameWidth="590" frameHeight="135"/>
	<SubTexture name="fg tankhead 4 instance 10003" x="0" y="286" width="585" height="126" frameX="-2" frameY="-9" frameWidth="590" frameHeight="135"/>
	<SubTexture name="fg tankhead 4 instance 10004" x="0" y="145" width="580" height="131" frameX="-5" frameY="-4" frameWidth="590" frameHeight="135"/>
	<SubTexture name="fg tankhead 4 instance 10005" x="0" y="145" width="580" height="131" frameX="-5" frameY="-4" frameWidth="590" frameHeight="135"/>
	<SubTexture name="fg tankhead 4 instance 10006" x="0" y="0" width="574" height="135" frameX="-9" frameY="0" frameWidth="590" frameHeight="135"/>
	<SubTexture name="fg tankhead 4 instance 10007" x="0" y="0" width="574" height="135" frameX="-9" frameY="0" frameWidth="590" frameHeight="135"/>
	<SubTexture name="fg tankhead 4 instance 10008" x="0" y="0" width="574" height="135" frameX="-9" frameY="0" frameWidth="590" frameHeight="135"/>
	<SubTexture name="fg tankhead 4 instance 10009" x="0" y="0" width="574" height="135" frameX="-9" frameY="0" frameWidth="590" frameHeight="135"/>
	<SubTexture name="fg tankhead 4 instance 10010" x="0" y="0" width="574" height="135" frameX="-9" frameY="0" frameWidth="590" frameHeight="135"/>
	<SubTexture name="fg tankhead 4 instance 10011" x="0" y="0" width="574" height="135" frameX="-9" frameY="0" frameWidth="590" frameHeight="135"/>
	<SubTexture name="fg tankhead 4 instance 10012" x="0" y="0" width="574" height="135" frameX="-9" frameY="0" frameWidth="590" frameHeight="135"/>
	<SubTexture name="fg tankhead 4 instance 10013" x="0" y="0" width="574" height="135" frameX="-9" frameY="0" frameWidth="590" frameHeight="135"/>
	<SubTexture name="fg tankhead 4 instance 10014" x="0" y="0" width="574" height="135" frameX="-9" frameY="0" frameWidth="590" frameHeight="135"/>
</TextureAtlas>
