﻿<?xml version="1.0" encoding="utf-8"?>
<TextureAtlas imagePath="tankmanKilled1.png">
	<!-- Created with Adobe Animate version 21.0.0.35450 -->
	<!-- http://www.adobe.com/products/animate.html -->
	<SubTexture name="John Shot 10000" x="0" y="2148" width="750" height="512" frameX="0" frameY="-67" frameWidth="1044" frameHeight="622"/>
	<SubTexture name="John Shot 10001" x="2708" y="2101" width="807" height="615" frameX="-105" frameY="0" frameWidth="1044" frameHeight="622"/>
	<SubTexture name="John Shot 10002" x="1808" y="2139" width="814" height="601" frameX="-98" frameY="-14" frameWidth="1044" frameHeight="622"/>
	<SubTexture name="John Shot 10003" x="3227" y="624" width="840" height="605" frameX="-152" frameY="-13" frameWidth="1044" frameHeight="622"/>
	<SubTexture name="John Shot 10004" x="1808" y="1556" width="896" height="579" frameX="-96" frameY="-39" frameWidth="1044" frameHeight="622"/>
	<SubTexture name="John Shot 10005" x="3141" y="0" width="914" height="620" frameX="-130" frameY="0" frameWidth="1044" frameHeight="622"/>
	<SubTexture name="John Shot 10006" x="2708" y="1556" width="935" height="541" frameX="-109" frameY="-79" frameWidth="1044" frameHeight="622"/>
	<SubTexture name="John Shot 10007" x="3647" y="1233" width="426" height="608" frameX="-220" frameY="-14" frameWidth="1044" frameHeight="622"/>
	<SubTexture name="John Shot 10008" x="3519" y="2101" width="534" height="466" frameX="-112" frameY="-156" frameWidth="1044" frameHeight="622"/>
	<SubTexture name="John Shot 10009" x="3519" y="2571" width="521" height="466" frameX="-125" frameY="-156" frameWidth="1044" frameHeight="622"/>
	<SubTexture name="John Shot 10010" x="3519" y="2571" width="521" height="466" frameX="-125" frameY="-156" frameWidth="1044" frameHeight="622"/>
	<SubTexture name="John Shot 10011" x="2626" y="2720" width="459" height="490" frameX="-187" frameY="-132" frameWidth="1044" frameHeight="622"/>
	<SubTexture name="John Shot 10012" x="0" y="0" width="0" height="0" frameX="-49" frameY="-265" frameWidth="1044" frameHeight="622"/>
	<SubTexture name="John Shot 10013" x="2626" y="2720" width="459" height="490" frameX="-187" frameY="-132" frameWidth="1044" frameHeight="622"/>
	<SubTexture name="John Shot 10014" x="0" y="0" width="0" height="0" frameX="-49" frameY="-265" frameWidth="1044" frameHeight="622"/>
	<SubTexture name="John Shot 10015" x="2626" y="2720" width="459" height="490" frameX="-187" frameY="-132" frameWidth="1044" frameHeight="622"/>
	<SubTexture name="John Shot 10016" x="0" y="0" width="0" height="0" frameX="-49" frameY="-265" frameWidth="1044" frameHeight="622"/>
	<SubTexture name="John Shot 10017" x="2626" y="2720" width="459" height="490" frameX="-187" frameY="-132" frameWidth="1044" frameHeight="622"/>
	<SubTexture name="John Shot 10018" x="0" y="0" width="0" height="0" frameX="-49" frameY="-265" frameWidth="1044" frameHeight="622"/>
	<SubTexture name="John Shot 10019" x="0" y="0" width="0" height="0" frameX="-49" frameY="-265" frameWidth="1044" frameHeight="622"/>
	<SubTexture name="John Shot 20000" x="0" y="2664" width="597" height="429" frameX="-243" frameY="-212" frameWidth="1221" frameHeight="828"/>
	<SubTexture name="John Shot 20001" x="0" y="1518" width="885" height="626" frameX="-215" frameY="-48" frameWidth="1221" frameHeight="828"/>
	<SubTexture name="John Shot 20002" x="889" y="1556" width="915" height="592" frameX="-185" frameY="-82" frameWidth="1221" frameHeight="828"/>
	<SubTexture name="John Shot 20003" x="1109" y="832" width="1055" height="720" frameX="-148" frameY="-66" frameWidth="1221" frameHeight="828"/>
	<SubTexture name="John Shot 20004" x="2168" y="832" width="1055" height="720" frameX="-148" frameY="-66" frameWidth="1221" frameHeight="828"/>
	<SubTexture name="John Shot 20005" x="2130" y="0" width="1007" height="828" frameX="-201" frameY="0" frameWidth="1221" frameHeight="828"/>
	<SubTexture name="John Shot 20006" x="1117" y="0" width="1009" height="828" frameX="-199" frameY="0" frameWidth="1221" frameHeight="828"/>
	<SubTexture name="John Shot 20007" x="0" y="768" width="1105" height="746" frameX="-108" frameY="-44" frameWidth="1221" frameHeight="828"/>
	<SubTexture name="John Shot 20008" x="0" y="0" width="1113" height="764" frameX="-108" frameY="-44" frameWidth="1221" frameHeight="828"/>
	<SubTexture name="John Shot 20009" x="754" y="2152" width="768" height="491" frameX="-13" frameY="-179" frameWidth="1221" frameHeight="828"/>
	<SubTexture name="John Shot 20010" x="754" y="2152" width="768" height="491" frameX="-13" frameY="-179" frameWidth="1221" frameHeight="828"/>
	<SubTexture name="John Shot 20011" x="754" y="2647" width="781" height="461" frameX="0" frameY="-209" frameWidth="1221" frameHeight="828"/>
	<SubTexture name="John Shot 20012" x="0" y="0" width="0" height="0" frameX="-123" frameY="-327" frameWidth="1221" frameHeight="828"/>
	<SubTexture name="John Shot 20013" x="754" y="2647" width="781" height="461" frameX="0" frameY="-209" frameWidth="1221" frameHeight="828"/>
	<SubTexture name="John Shot 20014" x="0" y="0" width="0" height="0" frameX="-123" frameY="-327" frameWidth="1221" frameHeight="828"/>
	<SubTexture name="John Shot 20015" x="754" y="2647" width="781" height="461" frameX="0" frameY="-209" frameWidth="1221" frameHeight="828"/>
	<SubTexture name="John Shot 20016" x="0" y="0" width="0" height="0" frameX="-123" frameY="-327" frameWidth="1221" frameHeight="828"/>
	<SubTexture name="John Shot 20017" x="754" y="2647" width="781" height="461" frameX="0" frameY="-209" frameWidth="1221" frameHeight="828"/>
	<SubTexture name="John Shot 20018" x="0" y="0" width="0" height="0" frameX="-123" frameY="-327" frameWidth="1221" frameHeight="828"/>
	<SubTexture name="tankman running0000" x="2045" y="2744" width="503" height="412" frameX="0" frameY="-10" frameWidth="505" frameHeight="478"/>
	<SubTexture name="tankman running0001" x="2045" y="2744" width="503" height="412" frameX="0" frameY="-10" frameWidth="505" frameHeight="478"/>
	<SubTexture name="tankman running0002" x="2045" y="2744" width="503" height="412" frameX="0" frameY="-10" frameWidth="505" frameHeight="478"/>
	<SubTexture name="tankman running0003" x="1539" y="2744" width="502" height="417" frameX="-3" frameY="-11" frameWidth="505" frameHeight="478"/>
	<SubTexture name="tankman running0004" x="1539" y="2744" width="502" height="417" frameX="-3" frameY="-11" frameWidth="505" frameHeight="478"/>
	<SubTexture name="tankman running0005" x="3089" y="3041" width="434" height="426" frameX="-8" frameY="-50" frameWidth="505" frameHeight="478"/>
	<SubTexture name="tankman running0006" x="3089" y="3041" width="434" height="426" frameX="-8" frameY="-50" frameWidth="505" frameHeight="478"/>
	<SubTexture name="tankman running0007" x="0" y="3097" width="358" height="428" frameX="-116" frameY="0" frameWidth="505" frameHeight="478"/>
	<SubTexture name="tankman running0008" x="0" y="3097" width="358" height="428" frameX="-116" frameY="0" frameWidth="505" frameHeight="478"/>
	<SubTexture name="tankman running0009" x="0" y="3097" width="358" height="428" frameX="-116" frameY="0" frameWidth="505" frameHeight="478"/>
	<SubTexture name="tankman running0010" x="3527" y="3041" width="366" height="426" frameX="-105" frameY="-7" frameWidth="505" frameHeight="478"/>
	<SubTexture name="tankman running0011" x="3527" y="3041" width="366" height="426" frameX="-105" frameY="-7" frameWidth="505" frameHeight="478"/>
	<SubTexture name="tankman running0012" x="1526" y="2152" width="262" height="415" frameX="-144" frameY="-63" frameWidth="505" frameHeight="478"/>
	<SubTexture name="tankman running0013" x="1526" y="2152" width="262" height="415" frameX="-144" frameY="-63" frameWidth="505" frameHeight="478"/>
</TextureAtlas>
