﻿<?xml version="1.0" encoding="utf-8"?>
<TextureAtlas imagePath="spooky_kids_assets.png">
	<!-- Created with Adobe Animate version 19.2.1.408 -->
	<!-- http://www.adobe.com/products/animate.html -->
	<SubTexture name="note sing left0000" x="0" y="0" width="533" height="598"/>
	<SubTexture name="note sing left0001" x="0" y="0" width="533" height="598"/>
	<SubTexture name="note sing left0002" x="533" y="0" width="528" height="591" frameX="-5" frameY="-1" frameWidth="533" frameHeight="598"/>
	<SubTexture name="note sing left0003" x="533" y="0" width="528" height="591" frameX="-5" frameY="-1" frameWidth="533" frameHeight="598"/>
	<SubTexture name="note sing left0004" x="533" y="0" width="528" height="591" frameX="-5" frameY="-1" frameWidth="533" frameHeight="598"/>
	<SubTexture name="note sing left0005" x="533" y="0" width="528" height="591" frameX="-5" frameY="-1" frameWidth="533" frameHeight="598"/>
	<SubTexture name="note sing left0006" x="533" y="0" width="528" height="591" frameX="-5" frameY="-1" frameWidth="533" frameHeight="598"/>
	<SubTexture name="note sing left0007" x="533" y="0" width="528" height="591" frameX="-5" frameY="-1" frameWidth="533" frameHeight="598"/>
	<SubTexture name="note sing left0008" x="533" y="0" width="528" height="591" frameX="-5" frameY="-1" frameWidth="533" frameHeight="598"/>
	<SubTexture name="note sing left0009" x="533" y="0" width="528" height="591" frameX="-5" frameY="-1" frameWidth="533" frameHeight="598"/>
	<SubTexture name="note sing left0010" x="533" y="0" width="528" height="591" frameX="-5" frameY="-1" frameWidth="533" frameHeight="598"/>
	<SubTexture name="note sing left0011" x="533" y="0" width="528" height="591" frameX="-5" frameY="-1" frameWidth="533" frameHeight="598"/>
	<SubTexture name="note sing left0012" x="533" y="0" width="528" height="591" frameX="-5" frameY="-1" frameWidth="533" frameHeight="598"/>
	<SubTexture name="note sing left0013" x="533" y="0" width="528" height="591" frameX="-5" frameY="-1" frameWidth="533" frameHeight="598"/>
	<SubTexture name="note sing left0014" x="533" y="0" width="528" height="591" frameX="-5" frameY="-1" frameWidth="533" frameHeight="598"/>
	<SubTexture name="spooky DOWN note0000" x="1061" y="0" width="507" height="420" frameX="-2" frameY="0" frameWidth="509" frameHeight="420"/>
	<SubTexture name="spooky DOWN note0001" x="1061" y="0" width="507" height="420" frameX="-2" frameY="0" frameWidth="509" frameHeight="420"/>
	<SubTexture name="spooky DOWN note0002" x="0" y="598" width="507" height="420" frameX="0" frameY="0" frameWidth="509" frameHeight="420"/>
	<SubTexture name="spooky DOWN note0003" x="0" y="598" width="507" height="420" frameX="0" frameY="0" frameWidth="509" frameHeight="420"/>
	<SubTexture name="spooky DOWN note0004" x="0" y="598" width="507" height="420" frameX="0" frameY="0" frameWidth="509" frameHeight="420"/>
	<SubTexture name="spooky DOWN note0005" x="0" y="598" width="507" height="420" frameX="0" frameY="0" frameWidth="509" frameHeight="420"/>
	<SubTexture name="spooky DOWN note0006" x="0" y="598" width="507" height="420" frameX="0" frameY="0" frameWidth="509" frameHeight="420"/>
	<SubTexture name="spooky DOWN note0007" x="0" y="598" width="507" height="420" frameX="0" frameY="0" frameWidth="509" frameHeight="420"/>
	<SubTexture name="spooky DOWN note0008" x="0" y="598" width="507" height="420" frameX="0" frameY="0" frameWidth="509" frameHeight="420"/>
	<SubTexture name="spooky DOWN note0009" x="0" y="598" width="507" height="420" frameX="0" frameY="0" frameWidth="509" frameHeight="420"/>
	<SubTexture name="spooky DOWN note0010" x="0" y="598" width="507" height="420" frameX="0" frameY="0" frameWidth="509" frameHeight="420"/>
	<SubTexture name="spooky DOWN note0011" x="0" y="598" width="507" height="420" frameX="0" frameY="0" frameWidth="509" frameHeight="420"/>
	<SubTexture name="spooky DOWN note0012" x="0" y="598" width="507" height="420" frameX="0" frameY="0" frameWidth="509" frameHeight="420"/>
	<SubTexture name="spooky DOWN note0013" x="0" y="598" width="507" height="420" frameX="0" frameY="0" frameWidth="509" frameHeight="420"/>
	<SubTexture name="spooky DOWN note0014" x="0" y="598" width="507" height="420" frameX="0" frameY="0" frameWidth="509" frameHeight="420"/>
	<SubTexture name="spooky DOWN note0015" x="0" y="598" width="507" height="420" frameX="0" frameY="0" frameWidth="509" frameHeight="420"/>
	<SubTexture name="spooky DOWN note0016" x="0" y="598" width="507" height="420" frameX="0" frameY="0" frameWidth="509" frameHeight="420"/>
	<SubTexture name="spooky DOWN note0017" x="0" y="598" width="507" height="420" frameX="0" frameY="0" frameWidth="509" frameHeight="420"/>
	<SubTexture name="spooky DOWN note0018" x="0" y="598" width="507" height="420" frameX="0" frameY="0" frameWidth="509" frameHeight="420"/>
	<SubTexture name="spooky DOWN note0019" x="0" y="598" width="507" height="420" frameX="0" frameY="0" frameWidth="509" frameHeight="420"/>
	<SubTexture name="spooky DOWN note0020" x="0" y="598" width="507" height="420" frameX="0" frameY="0" frameWidth="509" frameHeight="420"/>
	<SubTexture name="spooky DOWN note0021" x="0" y="598" width="507" height="420" frameX="0" frameY="0" frameWidth="509" frameHeight="420"/>
	<SubTexture name="spooky DOWN note0022" x="0" y="598" width="507" height="420" frameX="0" frameY="0" frameWidth="509" frameHeight="420"/>
	<SubTexture name="spooky DOWN note0023" x="0" y="598" width="507" height="420" frameX="0" frameY="0" frameWidth="509" frameHeight="420"/>
	<SubTexture name="spooky DOWN note0024" x="0" y="598" width="507" height="420" frameX="0" frameY="0" frameWidth="509" frameHeight="420"/>
	<SubTexture name="spooky UP NOTE0000" x="507" y="598" width="439" height="608" frameX="-3" frameY="0" frameWidth="442" frameHeight="608"/>
	<SubTexture name="spooky UP NOTE0001" x="507" y="598" width="439" height="608" frameX="-3" frameY="0" frameWidth="442" frameHeight="608"/>
	<SubTexture name="spooky UP NOTE0002" x="946" y="598" width="440" height="606" frameX="0" frameY="-1" frameWidth="442" frameHeight="608"/>
	<SubTexture name="spooky UP NOTE0003" x="946" y="598" width="440" height="606" frameX="0" frameY="-1" frameWidth="442" frameHeight="608"/>
	<SubTexture name="spooky UP NOTE0004" x="946" y="598" width="440" height="606" frameX="0" frameY="-1" frameWidth="442" frameHeight="608"/>
	<SubTexture name="spooky dance idle0000" x="1386" y="598" width="412" height="544" frameX="-3" frameY="-56" frameWidth="417" frameHeight="641"/>
	<SubTexture name="spooky dance idle0001" x="1386" y="598" width="412" height="544" frameX="-3" frameY="-56" frameWidth="417" frameHeight="641"/>
	<SubTexture name="spooky dance idle0002" x="0" y="1206" width="416" height="541" frameX="0" frameY="-59" frameWidth="417" frameHeight="641"/>
	<SubTexture name="spooky dance idle0003" x="0" y="1206" width="416" height="541" frameX="0" frameY="-59" frameWidth="417" frameHeight="641"/>
	<SubTexture name="spooky dance idle0004" x="416" y="1206" width="375" height="574" frameX="-36" frameY="-30" frameWidth="417" frameHeight="641"/>
	<SubTexture name="spooky dance idle0005" x="416" y="1206" width="375" height="574" frameX="-36" frameY="-30" frameWidth="417" frameHeight="641"/>
	<SubTexture name="spooky dance idle0006" x="791" y="1206" width="365" height="604" frameX="-46" frameY="-16" frameWidth="417" frameHeight="641"/>
	<SubTexture name="spooky dance idle0007" x="791" y="1206" width="365" height="604" frameX="-46" frameY="-16" frameWidth="417" frameHeight="641"/>
	<SubTexture name="spooky dance idle0008" x="1156" y="1206" width="336" height="636" frameX="-81" frameY="0" frameWidth="417" frameHeight="641"/>
	<SubTexture name="spooky dance idle0009" x="1156" y="1206" width="336" height="636" frameX="-81" frameY="0" frameWidth="417" frameHeight="641"/>
	<SubTexture name="spooky dance idle0010" x="1492" y="1206" width="330" height="641" frameX="-86" frameY="0" frameWidth="417" frameHeight="641"/>
	<SubTexture name="spooky dance idle0011" x="1492" y="1206" width="330" height="641" frameX="-86" frameY="0" frameWidth="417" frameHeight="641"/>
	<SubTexture name="spooky dance idle0012" x="0" y="1847" width="341" height="622" frameX="-70" frameY="-1" frameWidth="417" frameHeight="641"/>
	<SubTexture name="spooky dance idle0013" x="0" y="1847" width="341" height="622" frameX="-70" frameY="-1" frameWidth="417" frameHeight="641"/>
	<SubTexture name="spooky dance idle0014" x="341" y="1847" width="389" height="592" frameX="-22" frameY="-8" frameWidth="417" frameHeight="641"/>
	<SubTexture name="spooky dance idle0015" x="341" y="1847" width="389" height="592" frameX="-22" frameY="-8" frameWidth="417" frameHeight="641"/>
	<SubTexture name="spooky sing right0000" x="730" y="1847" width="434" height="578" frameX="-1" frameY="-12" frameWidth="435" frameHeight="590"/>
	<SubTexture name="spooky sing right0001" x="730" y="1847" width="434" height="578" frameX="-1" frameY="-12" frameWidth="435" frameHeight="590"/>
	<SubTexture name="spooky sing right0002" x="1164" y="1847" width="424" height="587" frameX="0" frameY="0" frameWidth="435" frameHeight="590"/>
	<SubTexture name="spooky sing right0003" x="1164" y="1847" width="424" height="587" frameX="0" frameY="0" frameWidth="435" frameHeight="590"/>
	<SubTexture name="spooky sing right0004" x="1164" y="1847" width="424" height="587" frameX="0" frameY="0" frameWidth="435" frameHeight="590"/>
	<SubTexture name="spooky sing right0005" x="1164" y="1847" width="424" height="587" frameX="0" frameY="0" frameWidth="435" frameHeight="590"/>
	<SubTexture name="spooky sing right0006" x="1164" y="1847" width="424" height="587" frameX="0" frameY="0" frameWidth="435" frameHeight="590"/>
	<SubTexture name="spooky sing right0007" x="1164" y="1847" width="424" height="587" frameX="0" frameY="0" frameWidth="435" frameHeight="590"/>
	<SubTexture name="spooky sing right0008" x="1164" y="1847" width="424" height="587" frameX="0" frameY="0" frameWidth="435" frameHeight="590"/>
	<SubTexture name="spooky sing right0009" x="1164" y="1847" width="424" height="587" frameX="0" frameY="0" frameWidth="435" frameHeight="590"/>
	<SubTexture name="spooky sing right0010" x="1164" y="1847" width="424" height="587" frameX="0" frameY="0" frameWidth="435" frameHeight="590"/>
	<SubTexture name="spooky sing right0011" x="1164" y="1847" width="424" height="587" frameX="0" frameY="0" frameWidth="435" frameHeight="590"/>
	<SubTexture name="spooky sing right0012" x="1164" y="1847" width="424" height="587" frameX="0" frameY="0" frameWidth="435" frameHeight="590"/>
	<SubTexture name="spooky sing right0013" x="1164" y="1847" width="424" height="587" frameX="0" frameY="0" frameWidth="435" frameHeight="590"/>
	<SubTexture name="spooky sing right0014" x="1164" y="1847" width="424" height="587" frameX="0" frameY="0" frameWidth="435" frameHeight="590"/>
	<SubTexture name="spooky sing right0015" x="1164" y="1847" width="424" height="587" frameX="0" frameY="0" frameWidth="435" frameHeight="590"/>
	<SubTexture name="spooky sing right0016" x="1164" y="1847" width="424" height="587" frameX="0" frameY="0" frameWidth="435" frameHeight="590"/>
	<SubTexture name="spooky sing right0017" x="1164" y="1847" width="424" height="587" frameX="0" frameY="0" frameWidth="435" frameHeight="590"/>
	<SubTexture name="spooky sing right0018" x="1164" y="1847" width="424" height="587" frameX="0" frameY="0" frameWidth="435" frameHeight="590"/>
	<SubTexture name="spooky sing right0019" x="1164" y="1847" width="424" height="587" frameX="0" frameY="0" frameWidth="435" frameHeight="590"/>
	<SubTexture name="spooky sing right0020" x="1164" y="1847" width="424" height="587" frameX="0" frameY="0" frameWidth="435" frameHeight="590"/>
	<SubTexture name="spooky sing right0021" x="1164" y="1847" width="424" height="587" frameX="0" frameY="0" frameWidth="435" frameHeight="590"/>
	<SubTexture name="spooky sing right0022" x="1164" y="1847" width="424" height="587" frameX="0" frameY="0" frameWidth="435" frameHeight="590"/>
	<SubTexture name="spooky sing right0023" x="1164" y="1847" width="424" height="587" frameX="0" frameY="0" frameWidth="435" frameHeight="590"/>
	<SubTexture name="spooky sing right0024" x="1164" y="1847" width="424" height="587" frameX="0" frameY="0" frameWidth="435" frameHeight="590"/>
</TextureAtlas>
