﻿{"ATLAS": {"SPRITES":[ 
{"SPRITE" : {"name": "0000","x":3784,"y":2070,"w":300,"h":365,"rotated": false}},
{"SPRITE" : {"name": "0001","x":1352,"y":1863,"w":101,"h":145,"rotated": false}},
{"SPRITE" : {"name": "0002","x":3884,"y":3566,"w":180,"h":170,"rotated": false}},
{"SPRITE" : {"name": "0003","x":1352,"y":2012,"w":85,"h":143,"rotated": false}},
{"SPRITE" : {"name": "0004","x":3155,"y":3577,"w":251,"h":121,"rotated": false}},
{"SPRITE" : {"name": "0005","x":159,"y":1040,"w":122,"h":69,"rotated": false}},
{"SPRITE" : {"name": "0006","x":2825,"y":2389,"w":111,"h":149,"rotated": false}},
{"SPRITE" : {"name": "0007","x":1846,"y":1188,"w":518,"h":294,"rotated": false}},
{"SPRITE" : {"name": "0008","x":1959,"y":0,"w":775,"h":483,"rotated": false}},
{"SPRITE" : {"name": "0009","x":1014,"y":0,"w":941,"h":607,"rotated": false}},
{"SPRITE" : {"name": "0010","x":0,"y":0,"w":1010,"h":645,"rotated": false}},
{"SPRITE" : {"name": "0011","x":4067,"y":0,"w":20,"h":142,"rotated": false}},
{"SPRITE" : {"name": "0012","x":4043,"y":438,"w":40,"h":83,"rotated": false}},
{"SPRITE" : {"name": "0013","x":3151,"y":1554,"w":64,"h":57,"rotated": false}},
{"SPRITE" : {"name": "0014","x":2589,"y":487,"w":91,"h":48,"rotated": false}},
{"SPRITE" : {"name": "0015","x":2368,"y":1187,"w":88,"h":41,"rotated": false}},
{"SPRITE" : {"name": "0016","x":539,"y":2404,"w":109,"h":93,"rotated": false}},
{"SPRITE" : {"name": "0017","x":3408,"y":0,"w":655,"h":434,"rotated": false}},
{"SPRITE" : {"name": "0018","x":1959,"y":487,"w":626,"h":405,"rotated": false}},
{"SPRITE" : {"name": "0019","x":3408,"y":438,"w":631,"h":438,"rotated": false}},
{"SPRITE" : {"name": "0020","x":2165,"y":896,"w":393,"h":287,"rotated": false}},
{"SPRITE" : {"name": "0021","x":2605,"y":3530,"w":179,"h":173,"rotated": false}},
{"SPRITE" : {"name": "0022","x":2853,"y":540,"w":421,"h":427,"rotated": false}},
{"SPRITE" : {"name": "0023","x":2738,"y":0,"w":666,"h":536,"rotated": false}},
{"SPRITE" : {"name": "0024","x":0,"y":3245,"w":224,"h":221,"rotated": false}},
{"SPRITE" : {"name": "0025","x":757,"y":3571,"w":178,"h":168,"rotated": false}},
{"SPRITE" : {"name": "0026","x":2460,"y":1187,"w":56,"h":52,"rotated": false}},
{"SPRITE" : {"name": "0027","x":3186,"y":3398,"w":110,"h":91,"rotated": false}},
{"SPRITE" : {"name": "0028","x":3517,"y":3448,"w":130,"h":99,"rotated": false}},
{"SPRITE" : {"name": "0029","x":211,"y":3580,"w":179,"h":159,"rotated": false}},
{"SPRITE" : {"name": "0030","x":2595,"y":3158,"w":232,"h":236,"rotated": false}},
{"SPRITE" : {"name": "0031","x":394,"y":3585,"w":161,"h":176,"rotated": false}},
{"SPRITE" : {"name": "0032","x":1858,"y":2692,"w":139,"h":109,"rotated": false}},
{"SPRITE" : {"name": "0033","x":3517,"y":3567,"w":235,"h":158,"rotated": false}},
{"SPRITE" : {"name": "0034","x":1424,"y":3594,"w":163,"h":172,"rotated": false}},
{"SPRITE" : {"name": "0035","x":559,"y":3585,"w":164,"h":172,"rotated": false}},
{"SPRITE" : {"name": "0036","x":939,"y":3596,"w":165,"h":169,"rotated": false}},
{"SPRITE" : {"name": "0037","x":1079,"y":1213,"w":222,"h":232,"rotated": false}},
{"SPRITE" : {"name": "0038","x":1770,"y":3026,"w":262,"h":221,"rotated": false}},
{"SPRITE" : {"name": "0039","x":790,"y":3339,"w":209,"h":228,"rotated": false}},
{"SPRITE" : {"name": "0040","x":3278,"y":744,"w":118,"h":117,"rotated": false}},
{"SPRITE" : {"name": "0041","x":1922,"y":3338,"w":166,"h":292,"rotated": false}},
{"SPRITE" : {"name": "0042","x":790,"y":3339,"w":209,"h":228,"rotated": false}},
{"SPRITE" : {"name": "0043","x":3667,"y":3342,"w":213,"h":221,"rotated": false}},
{"SPRITE" : {"name": "0044","x":3667,"y":3342,"w":213,"h":221,"rotated": false}},
{"SPRITE" : {"name": "0045","x":3667,"y":3342,"w":213,"h":221,"rotated": false}},
{"SPRITE" : {"name": "0046","x":3667,"y":3342,"w":213,"h":221,"rotated": false}},
{"SPRITE" : {"name": "0047","x":3667,"y":3342,"w":213,"h":221,"rotated": false}},
{"SPRITE" : {"name": "0048","x":3667,"y":3342,"w":213,"h":221,"rotated": false}},
{"SPRITE" : {"name": "0049","x":3667,"y":3342,"w":213,"h":221,"rotated": false}},
{"SPRITE" : {"name": "0050","x":3667,"y":3342,"w":213,"h":221,"rotated": false}},
{"SPRITE" : {"name": "0051","x":3667,"y":3342,"w":213,"h":221,"rotated": false}},
{"SPRITE" : {"name": "0052","x":3667,"y":3342,"w":213,"h":221,"rotated": false}},
{"SPRITE" : {"name": "0053","x":3667,"y":3342,"w":213,"h":221,"rotated": false}},
{"SPRITE" : {"name": "0054","x":3667,"y":3342,"w":213,"h":221,"rotated": false}},
{"SPRITE" : {"name": "0055","x":3667,"y":3342,"w":213,"h":221,"rotated": false}},
{"SPRITE" : {"name": "0056","x":3667,"y":3342,"w":213,"h":221,"rotated": false}},
{"SPRITE" : {"name": "0057","x":3667,"y":3342,"w":213,"h":221,"rotated": false}},
{"SPRITE" : {"name": "0058","x":3667,"y":3342,"w":213,"h":221,"rotated": false}},
{"SPRITE" : {"name": "0059","x":3667,"y":3342,"w":213,"h":221,"rotated": false}},
{"SPRITE" : {"name": "0060","x":3667,"y":3342,"w":213,"h":221,"rotated": false}},
{"SPRITE" : {"name": "0061","x":3667,"y":3342,"w":213,"h":221,"rotated": false}},
{"SPRITE" : {"name": "0062","x":3667,"y":3342,"w":213,"h":221,"rotated": false}},
{"SPRITE" : {"name": "0063","x":1216,"y":3370,"w":204,"h":224,"rotated": false}},
{"SPRITE" : {"name": "0064","x":1216,"y":3370,"w":204,"h":224,"rotated": false}},
{"SPRITE" : {"name": "0065","x":1003,"y":3370,"w":209,"h":222,"rotated": false}},
{"SPRITE" : {"name": "0066","x":1003,"y":3370,"w":209,"h":222,"rotated": false}},
{"SPRITE" : {"name": "0067","x":1003,"y":3370,"w":209,"h":222,"rotated": false}},
{"SPRITE" : {"name": "0068","x":1003,"y":3370,"w":209,"h":222,"rotated": false}},
{"SPRITE" : {"name": "0069","x":1003,"y":3370,"w":209,"h":222,"rotated": false}},
{"SPRITE" : {"name": "0070","x":1003,"y":3370,"w":209,"h":222,"rotated": false}},
{"SPRITE" : {"name": "0071","x":1003,"y":3370,"w":209,"h":222,"rotated": false}},
{"SPRITE" : {"name": "0072","x":1003,"y":3370,"w":209,"h":222,"rotated": false}},
{"SPRITE" : {"name": "0073","x":1003,"y":3370,"w":209,"h":222,"rotated": false}},
{"SPRITE" : {"name": "0074","x":1003,"y":3370,"w":209,"h":222,"rotated": false}},
{"SPRITE" : {"name": "0075","x":1003,"y":3370,"w":209,"h":222,"rotated": false}},
{"SPRITE" : {"name": "0076","x":1003,"y":3370,"w":209,"h":222,"rotated": false}},
{"SPRITE" : {"name": "0077","x":1003,"y":3370,"w":209,"h":222,"rotated": false}},
{"SPRITE" : {"name": "0078","x":1003,"y":3370,"w":209,"h":222,"rotated": false}},
{"SPRITE" : {"name": "0079","x":1003,"y":3370,"w":209,"h":222,"rotated": false}},
{"SPRITE" : {"name": "0080","x":1003,"y":3370,"w":209,"h":222,"rotated": false}},
{"SPRITE" : {"name": "0081","x":1003,"y":3370,"w":209,"h":222,"rotated": false}},
{"SPRITE" : {"name": "0082","x":1003,"y":3370,"w":209,"h":222,"rotated": false}},
{"SPRITE" : {"name": "0083","x":1003,"y":3370,"w":209,"h":222,"rotated": false}},
{"SPRITE" : {"name": "0084","x":1003,"y":3370,"w":209,"h":222,"rotated": false}},
{"SPRITE" : {"name": "0085","x":1003,"y":3370,"w":209,"h":222,"rotated": false}},
{"SPRITE" : {"name": "0086","x":1003,"y":3370,"w":209,"h":222,"rotated": false}},
{"SPRITE" : {"name": "0087","x":1003,"y":3370,"w":209,"h":222,"rotated": false}},
{"SPRITE" : {"name": "0088","x":1003,"y":3370,"w":209,"h":222,"rotated": false}},
{"SPRITE" : {"name": "0089","x":1003,"y":3370,"w":209,"h":222,"rotated": false}},
{"SPRITE" : {"name": "0090","x":1003,"y":3370,"w":209,"h":222,"rotated": false}},
{"SPRITE" : {"name": "0091","x":1003,"y":3370,"w":209,"h":222,"rotated": false}},
{"SPRITE" : {"name": "0092","x":1003,"y":3370,"w":209,"h":222,"rotated": false}},
{"SPRITE" : {"name": "0093","x":1003,"y":3370,"w":209,"h":222,"rotated": false}},
{"SPRITE" : {"name": "0094","x":1003,"y":3370,"w":209,"h":222,"rotated": false}},
{"SPRITE" : {"name": "0095","x":3302,"y":3352,"w":211,"h":221,"rotated": false}},
{"SPRITE" : {"name": "0096","x":3302,"y":3352,"w":211,"h":221,"rotated": false}},
{"SPRITE" : {"name": "0097","x":3884,"y":3342,"w":212,"h":220,"rotated": false}},
{"SPRITE" : {"name": "0098","x":2099,"y":2309,"w":376,"h":249,"rotated": false}},
{"SPRITE" : {"name": "0099","x":238,"y":2736,"w":378,"h":181,"rotated": false}},
{"SPRITE" : {"name": "0100","x":2825,"y":2611,"w":346,"h":203,"rotated": false}},
{"SPRITE" : {"name": "0101","x":2821,"y":2818,"w":324,"h":203,"rotated": false}},
{"SPRITE" : {"name": "0102","x":2296,"y":2948,"w":362,"h":167,"rotated": false}},
{"SPRITE" : {"name": "0103","x":2602,"y":2622,"w":215,"h":322,"rotated": false}},
{"SPRITE" : {"name": "0104","x":2019,"y":2562,"w":229,"h":309,"rotated": false}},
{"SPRITE" : {"name": "0105","x":1042,"y":2495,"w":233,"h":306,"rotated": false}},
{"SPRITE" : {"name": "0106","x":0,"y":2493,"w":234,"h":305,"rotated": false}},
{"SPRITE" : {"name": "0107","x":3618,"y":2639,"w":236,"h":294,"rotated": false}},
{"SPRITE" : {"name": "0108","x":967,"y":2805,"w":216,"h":290,"rotated": false}},
{"SPRITE" : {"name": "0109","x":4091,"y":0,"w":1,"h":4,"rotated": false}},
{"SPRITE" : {"name": "0110","x":2036,"y":3026,"w":187,"h":308,"rotated": false}},
{"SPRITE" : {"name": "0111","x":2099,"y":2172,"w":135,"h":127,"rotated": false}},
{"SPRITE" : {"name": "0112","x":477,"y":3439,"w":276,"h":142,"rotated": false}},
{"SPRITE" : {"name": "0113","x":2449,"y":2829,"w":145,"h":94,"rotated": false}},
{"SPRITE" : {"name": "0114","x":1644,"y":3490,"w":270,"h":141,"rotated": false}},
{"SPRITE" : {"name": "0115","x":2348,"y":3530,"w":253,"h":147,"rotated": false}},
{"SPRITE" : {"name": "0116","x":2092,"y":3517,"w":252,"h":148,"rotated": false}},
{"SPRITE" : {"name": "0117","x":228,"y":3405,"w":245,"h":171,"rotated": false}},
{"SPRITE" : {"name": "0118","x":1591,"y":3635,"w":211,"h":130,"rotated": false}},
{"SPRITE" : {"name": "0119","x":0,"y":3635,"w":203,"h":131,"rotated": false}},
{"SPRITE" : {"name": "0120","x":1806,"y":3635,"w":209,"h":130,"rotated": false}},
{"SPRITE" : {"name": "0121","x":1108,"y":3598,"w":203,"h":137,"rotated": false}},
{"SPRITE" : {"name": "0122","x":874,"y":3099,"w":234,"h":236,"rotated": false}},
{"SPRITE" : {"name": "0123","x":2788,"y":3637,"w":160,"h":144,"rotated": false}},
{"SPRITE" : {"name": "0124","x":2831,"y":3158,"w":240,"h":221,"rotated": false}},
{"SPRITE" : {"name": "0125","x":2804,"y":3398,"w":378,"h":121,"rotated": false}},
{"SPRITE" : {"name": "0126","x":2439,"y":3398,"w":361,"h":128,"rotated": false}},
{"SPRITE" : {"name": "0127","x":2252,"y":2622,"w":346,"h":203,"rotated": false}},
{"SPRITE" : {"name": "0128","x":2662,"y":3025,"w":464,"h":129,"rotated": false}},
{"SPRITE" : {"name": "0129","x":2978,"y":2340,"w":341,"h":267,"rotated": false}},
{"SPRITE" : {"name": "0130","x":1628,"y":611,"w":301,"h":260,"rotated": false}},
{"SPRITE" : {"name": "0131","x":1112,"y":3229,"w":379,"h":137,"rotated": false}},
{"SPRITE" : {"name": "0132","x":1042,"y":2196,"w":265,"h":295,"rotated": false}},
{"SPRITE" : {"name": "0133","x":0,"y":2802,"w":194,"h":346,"rotated": false}},
{"SPRITE" : {"name": "0134","x":1311,"y":2470,"w":340,"h":214,"rotated": false}},
{"SPRITE" : {"name": "0135","x":3667,"y":3197,"w":373,"h":141,"rotated": false}},
{"SPRITE" : {"name": "0136","x":3149,"y":2862,"w":351,"h":186,"rotated": false}},
{"SPRITE" : {"name": "0137","x":3323,"y":2390,"w":291,"h":267,"rotated": false}},
{"SPRITE" : {"name": "0138","x":799,"y":649,"w":193,"h":355,"rotated": false}},
{"SPRITE" : {"name": "0139","x":3858,"y":2639,"w":201,"h":337,"rotated": false}},
{"SPRITE" : {"name": "0140","x":3175,"y":2661,"w":351,"h":197,"rotated": false}},
{"SPRITE" : {"name": "0141","x":3835,"y":1668,"w":237,"h":311,"rotated": false}},
{"SPRITE" : {"name": "0142","x":3130,"y":3052,"w":168,"h":342,"rotated": false}},
{"SPRITE" : {"name": "0143","x":276,"y":2404,"w":259,"h":293,"rotated": false}},
{"SPRITE" : {"name": "0144","x":1710,"y":2447,"w":305,"h":241,"rotated": false}},
{"SPRITE" : {"name": "0145","x":620,"y":2736,"w":343,"h":199,"rotated": false}},
{"SPRITE" : {"name": "0146","x":2227,"y":3119,"w":364,"h":155,"rotated": false}},
{"SPRITE" : {"name": "0147","x":3302,"y":3197,"w":361,"h":151,"rotated": false}},
{"SPRITE" : {"name": "0148","x":539,"y":2501,"w":310,"h":231,"rotated": false}},
{"SPRITE" : {"name": "0149","x":1531,"y":2692,"w":323,"h":212,"rotated": false}},
{"SPRITE" : {"name": "0150","x":1531,"y":2692,"w":323,"h":212,"rotated": false}},
{"SPRITE" : {"name": "0151","x":0,"y":2163,"w":272,"h":326,"rotated": false}},
{"SPRITE" : {"name": "0152","x":415,"y":1500,"w":249,"h":557,"rotated": false}},
{"SPRITE" : {"name": "0153","x":2589,"y":540,"w":260,"h":701,"rotated": false}},
{"SPRITE" : {"name": "0154","x":1014,"y":611,"w":291,"h":598,"rotated": false}},
{"SPRITE" : {"name": "0155","x":1309,"y":611,"w":315,"h":540,"rotated": false}},
{"SPRITE" : {"name": "0156","x":440,"y":649,"w":355,"h":461,"rotated": false}},
{"SPRITE" : {"name": "0157","x":3151,"y":1630,"w":352,"h":373,"rotated": false}},
{"SPRITE" : {"name": "0158","x":2804,"y":3523,"w":347,"h":110,"rotated": false}},
{"SPRITE" : {"name": "0159","x":3278,"y":880,"w":387,"h":400,"rotated": false}},
{"SPRITE" : {"name": "0160","x":3278,"y":880,"w":387,"h":400,"rotated": false}},
{"SPRITE" : {"name": "0161","x":3688,"y":1271,"w":378,"h":393,"rotated": false}},
{"SPRITE" : {"name": "0162","x":2769,"y":1364,"w":378,"h":392,"rotated": false}},
{"SPRITE" : {"name": "0163","x":3507,"y":1668,"w":324,"h":398,"rotated": false}},
{"SPRITE" : {"name": "0164","x":3507,"y":1668,"w":324,"h":398,"rotated": false}},
{"SPRITE" : {"name": "0165","x":0,"y":1762,"w":320,"h":397,"rotated": false}},
{"SPRITE" : {"name": "0166","x":0,"y":1762,"w":320,"h":397,"rotated": false}},
{"SPRITE" : {"name": "0167","x":668,"y":1839,"w":319,"h":397,"rotated": false}},
{"SPRITE" : {"name": "0168","x":668,"y":1839,"w":319,"h":397,"rotated": false}},
{"SPRITE" : {"name": "0169","x":668,"y":1839,"w":319,"h":397,"rotated": false}},
{"SPRITE" : {"name": "0170","x":668,"y":1839,"w":319,"h":397,"rotated": false}},
{"SPRITE" : {"name": "0171","x":668,"y":1839,"w":319,"h":397,"rotated": false}},
{"SPRITE" : {"name": "0172","x":3669,"y":880,"w":396,"h":387,"rotated": false}},
{"SPRITE" : {"name": "0173","x":3669,"y":880,"w":396,"h":387,"rotated": false}},
{"SPRITE" : {"name": "0174","x":2853,"y":971,"w":389,"h":389,"rotated": false}},
{"SPRITE" : {"name": "0175","x":2853,"y":971,"w":389,"h":389,"rotated": false}},
{"SPRITE" : {"name": "0176","x":2853,"y":971,"w":389,"h":389,"rotated": false}},
{"SPRITE" : {"name": "0177","x":2853,"y":971,"w":389,"h":389,"rotated": false}},
{"SPRITE" : {"name": "0178","x":2853,"y":971,"w":389,"h":389,"rotated": false}},
{"SPRITE" : {"name": "0179","x":2853,"y":971,"w":389,"h":389,"rotated": false}},
{"SPRITE" : {"name": "0180","x":2853,"y":971,"w":389,"h":389,"rotated": false}},
{"SPRITE" : {"name": "0181","x":2853,"y":971,"w":389,"h":389,"rotated": false}},
{"SPRITE" : {"name": "0182","x":2853,"y":971,"w":389,"h":389,"rotated": false}},
{"SPRITE" : {"name": "0183","x":1079,"y":1480,"w":381,"h":379,"rotated": false}},
{"SPRITE" : {"name": "0184","x":1079,"y":1480,"w":381,"h":379,"rotated": false}},
{"SPRITE" : {"name": "0185","x":2278,"y":1630,"w":392,"h":335,"rotated": false}},
{"SPRITE" : {"name": "0186","x":2278,"y":1630,"w":392,"h":335,"rotated": false}},
{"SPRITE" : {"name": "0187","x":2479,"y":2389,"w":342,"h":229,"rotated": false}},
{"SPRITE" : {"name": "0188","x":2479,"y":2389,"w":342,"h":229,"rotated": false}},
{"SPRITE" : {"name": "0189","x":2479,"y":2389,"w":342,"h":229,"rotated": false}},
{"SPRITE" : {"name": "0190","x":2479,"y":2389,"w":342,"h":229,"rotated": false}},
{"SPRITE" : {"name": "0191","x":2479,"y":2389,"w":342,"h":229,"rotated": false}},
{"SPRITE" : {"name": "0192","x":2479,"y":2389,"w":342,"h":229,"rotated": false}},
{"SPRITE" : {"name": "0193","x":3517,"y":3352,"w":140,"h":92,"rotated": false}},
{"SPRITE" : {"name": "0194","x":3835,"y":1983,"w":119,"h":79,"rotated": false}},
{"SPRITE" : {"name": "0195","x":1858,"y":2875,"w":434,"h":147,"rotated": false}},
{"SPRITE" : {"name": "0196","x":198,"y":2939,"w":433,"h":145,"rotated": false}},
{"SPRITE" : {"name": "0197","x":3246,"y":1284,"w":438,"h":342,"rotated": false}},
{"SPRITE" : {"name": "0198","x":1710,"y":2172,"w":385,"h":271,"rotated": false}},
{"SPRITE" : {"name": "0199","x":198,"y":3088,"w":373,"h":153,"rotated": false}},
{"SPRITE" : {"name": "0200","x":2439,"y":3278,"w":150,"h":91,"rotated": false}},
{"SPRITE" : {"name": "0201","x":537,"y":1114,"w":151,"h":95,"rotated": false}},
{"SPRITE" : {"name": "0202","x":2153,"y":3669,"w":140,"h":90,"rotated": false}},
{"SPRITE" : {"name": "0203","x":2296,"y":2829,"w":149,"h":92,"rotated": false}},
{"SPRITE" : {"name": "0204","x":2297,"y":3681,"w":144,"h":87,"rotated": false}},
{"SPRITE" : {"name": "0205","x":0,"y":3152,"w":152,"h":87,"rotated": false}},
{"SPRITE" : {"name": "0206","x":663,"y":2240,"w":375,"h":257,"rotated": false}},
{"SPRITE" : {"name": "0207","x":1279,"y":2688,"w":248,"h":277,"rotated": false}},
{"SPRITE" : {"name": "0208","x":0,"y":1406,"w":411,"h":352,"rotated": false}},
{"SPRITE" : {"name": "0209","x":1876,"y":1486,"w":398,"h":350,"rotated": false}},
{"SPRITE" : {"name": "0210","x":1495,"y":3168,"w":211,"h":236,"rotated": false}},
{"SPRITE" : {"name": "0211","x":1495,"y":3168,"w":211,"h":236,"rotated": false}},
{"SPRITE" : {"name": "0212","x":1710,"y":3251,"w":208,"h":235,"rotated": false}},
{"SPRITE" : {"name": "0213","x":1710,"y":3251,"w":208,"h":235,"rotated": false}},
{"SPRITE" : {"name": "0214","x":1710,"y":3251,"w":208,"h":235,"rotated": false}},
{"SPRITE" : {"name": "0215","x":1710,"y":3251,"w":208,"h":235,"rotated": false}},
{"SPRITE" : {"name": "0216","x":1710,"y":3251,"w":208,"h":235,"rotated": false}},
{"SPRITE" : {"name": "0217","x":1710,"y":3251,"w":208,"h":235,"rotated": false}},
{"SPRITE" : {"name": "0218","x":1710,"y":3251,"w":208,"h":235,"rotated": false}},
{"SPRITE" : {"name": "0219","x":1710,"y":3251,"w":208,"h":235,"rotated": false}},
{"SPRITE" : {"name": "0220","x":1710,"y":3251,"w":208,"h":235,"rotated": false}},
{"SPRITE" : {"name": "0221","x":1710,"y":3251,"w":208,"h":235,"rotated": false}},
{"SPRITE" : {"name": "0222","x":1710,"y":3251,"w":208,"h":235,"rotated": false}},
{"SPRITE" : {"name": "0223","x":1710,"y":3251,"w":208,"h":235,"rotated": false}},
{"SPRITE" : {"name": "0224","x":1710,"y":3251,"w":208,"h":235,"rotated": false}},
{"SPRITE" : {"name": "0225","x":1710,"y":3251,"w":208,"h":235,"rotated": false}},
{"SPRITE" : {"name": "0226","x":1710,"y":3251,"w":208,"h":235,"rotated": false}},
{"SPRITE" : {"name": "0227","x":1710,"y":3251,"w":208,"h":235,"rotated": false}},
{"SPRITE" : {"name": "0228","x":1710,"y":3251,"w":208,"h":235,"rotated": false}},
{"SPRITE" : {"name": "0229","x":1710,"y":3251,"w":208,"h":235,"rotated": false}},
{"SPRITE" : {"name": "0230","x":1710,"y":3251,"w":208,"h":235,"rotated": false}},
{"SPRITE" : {"name": "0231","x":1710,"y":3251,"w":208,"h":235,"rotated": false}},
{"SPRITE" : {"name": "0232","x":1710,"y":3251,"w":208,"h":235,"rotated": false}},
{"SPRITE" : {"name": "0233","x":1710,"y":3251,"w":208,"h":235,"rotated": false}},
{"SPRITE" : {"name": "0234","x":1710,"y":3251,"w":208,"h":235,"rotated": false}},
{"SPRITE" : {"name": "0235","x":228,"y":3245,"w":317,"h":156,"rotated": false}},
{"SPRITE" : {"name": "0236","x":2674,"y":1630,"w":90,"h":103,"rotated": false}},
{"SPRITE" : {"name": "0237","x":575,"y":3199,"w":211,"h":236,"rotated": false}},
{"SPRITE" : {"name": "0238","x":2227,"y":3278,"w":208,"h":235,"rotated": false}},
{"SPRITE" : {"name": "0239","x":2674,"y":1760,"w":398,"h":323,"rotated": false}},
{"SPRITE" : {"name": "0240","x":0,"y":3470,"w":207,"h":161,"rotated": false}},
{"SPRITE" : {"name": "0241","x":2368,"y":1245,"w":397,"h":381,"rotated": false}},
{"SPRITE" : {"name": "0242","x":692,"y":1114,"w":82,"h":80,"rotated": false}},
{"SPRITE" : {"name": "0243","x":415,"y":1406,"w":84,"h":60,"rotated": false}},
{"SPRITE" : {"name": "0244","x":324,"y":2061,"w":335,"h":339,"rotated": false}},
{"SPRITE" : {"name": "0245","x":324,"y":2061,"w":335,"h":339,"rotated": false}},
{"SPRITE" : {"name": "0246","x":2259,"y":1969,"w":347,"h":336,"rotated": false}},
{"SPRITE" : {"name": "0247","x":2259,"y":1969,"w":347,"h":336,"rotated": false}},
{"SPRITE" : {"name": "0248","x":3076,"y":2007,"w":351,"h":329,"rotated": false}},
{"SPRITE" : {"name": "0249","x":3076,"y":2007,"w":351,"h":329,"rotated": false}},
{"SPRITE" : {"name": "0250","x":1464,"y":1843,"w":365,"h":322,"rotated": false}},
{"SPRITE" : {"name": "0251","x":1464,"y":1843,"w":365,"h":322,"rotated": false}},
{"SPRITE" : {"name": "0252","x":3618,"y":2439,"w":385,"h":196,"rotated": false}},
{"SPRITE" : {"name": "0253","x":285,"y":1040,"w":126,"h":61,"rotated": false}},
{"SPRITE" : {"name": "0254","x":0,"y":1040,"w":155,"h":59,"rotated": false}},
{"SPRITE" : {"name": "0255","x":3743,"y":2980,"w":316,"h":184,"rotated": false}},
{"SPRITE" : {"name": "0256","x":3302,"y":3052,"w":111,"h":134,"rotated": false}},
{"SPRITE" : {"name": "0257","x":2092,"y":3338,"w":111,"h":134,"rotated": false}},
{"SPRITE" : {"name": "0258","x":1531,"y":2692,"w":323,"h":212,"rotated": false}},
{"SPRITE" : {"name": "0259","x":0,"y":649,"w":436,"h":387,"rotated": false}},
{"SPRITE" : {"name": "0260","x":1464,"y":1486,"w":408,"h":353,"rotated": false}},
{"SPRITE" : {"name": "0261","x":1464,"y":1486,"w":408,"h":353,"rotated": false}},
{"SPRITE" : {"name": "0262","x":668,"y":1500,"w":399,"h":335,"rotated": false}},
{"SPRITE" : {"name": "0263","x":668,"y":1500,"w":399,"h":335,"rotated": false}},
{"SPRITE" : {"name": "0264","x":1876,"y":1840,"w":379,"h":328,"rotated": false}},
{"SPRITE" : {"name": "0265","x":3431,"y":2070,"w":349,"h":316,"rotated": false}},
{"SPRITE" : {"name": "0266","x":3431,"y":2070,"w":349,"h":316,"rotated": false}},
{"SPRITE" : {"name": "0267","x":1352,"y":2169,"w":354,"h":297,"rotated": false}},
{"SPRITE" : {"name": "0268","x":1352,"y":2169,"w":354,"h":297,"rotated": false}},
{"SPRITE" : {"name": "0269","x":2610,"y":2087,"w":364,"h":298,"rotated": false}},
{"SPRITE" : {"name": "0270","x":991,"y":1863,"w":357,"h":329,"rotated": false}},
{"SPRITE" : {"name": "0271","x":991,"y":1863,"w":357,"h":329,"rotated": false}},
{"SPRITE" : {"name": "0272","x":537,"y":1213,"w":538,"h":283,"rotated": false}},
{"SPRITE" : {"name": "0273","x":537,"y":1213,"w":538,"h":283,"rotated": false}},
{"SPRITE" : {"name": "0274","x":1628,"y":896,"w":533,"h":288,"rotated": false}},
{"SPRITE" : {"name": "0275","x":1628,"y":896,"w":533,"h":288,"rotated": false}},
{"SPRITE" : {"name": "0276","x":1628,"y":896,"w":533,"h":288,"rotated": false}},
{"SPRITE" : {"name": "0277","x":1628,"y":896,"w":533,"h":288,"rotated": false}},
{"SPRITE" : {"name": "0278","x":1628,"y":896,"w":533,"h":288,"rotated": false}},
{"SPRITE" : {"name": "0279","x":1628,"y":896,"w":533,"h":288,"rotated": false}},
{"SPRITE" : {"name": "0280","x":1628,"y":896,"w":533,"h":288,"rotated": false}},
{"SPRITE" : {"name": "0281","x":1628,"y":896,"w":533,"h":288,"rotated": false}},
{"SPRITE" : {"name": "0282","x":0,"y":1114,"w":533,"h":288,"rotated": false}},
{"SPRITE" : {"name": "0283","x":0,"y":1114,"w":533,"h":288,"rotated": false}},
{"SPRITE" : {"name": "0284","x":1309,"y":1188,"w":533,"h":288,"rotated": false}},
{"SPRITE" : {"name": "0285","x":1309,"y":1188,"w":533,"h":288,"rotated": false}},
{"SPRITE" : {"name": "0286","x":1628,"y":896,"w":533,"h":288,"rotated": false}},
{"SPRITE" : {"name": "0287","x":1628,"y":896,"w":533,"h":288,"rotated": false}},
{"SPRITE" : {"name": "0288","x":1628,"y":896,"w":533,"h":288,"rotated": false}},
{"SPRITE" : {"name": "0289","x":1628,"y":896,"w":533,"h":288,"rotated": false}},
{"SPRITE" : {"name": "0290","x":1628,"y":896,"w":533,"h":288,"rotated": false}},
{"SPRITE" : {"name": "0291","x":1628,"y":896,"w":533,"h":288,"rotated": false}},
{"SPRITE" : {"name": "0292","x":2769,"y":1245,"w":61,"h":91,"rotated": false}},
{"SPRITE" : {"name": "0293","x":2278,"y":1486,"w":61,"h":91,"rotated": false}},
{"SPRITE" : {"name": "0294","x":2952,"y":3637,"w":130,"h":98,"rotated": false}},
{"SPRITE" : {"name": "0295","x":2019,"y":3669,"w":130,"h":98,"rotated": false}},
{"SPRITE" : {"name": "0296","x":1424,"y":3408,"w":216,"h":182,"rotated": false}},
{"SPRITE" : {"name": "0297","x":853,"y":2501,"w":158,"h":222,"rotated": false}},
{"SPRITE" : {"name": "0298","x":2978,"y":2087,"w":79,"h":185,"rotated": false}},
{"SPRITE" : {"name": "0299","x":3278,"y":540,"w":83,"h":200,"rotated": false}},
{"SPRITE" : {"name": "0300","x":324,"y":1762,"w":86,"h":180,"rotated": false}},
{"SPRITE" : {"name": "0301","x":3151,"y":1364,"w":89,"h":186,"rotated": false}},
{"SPRITE" : {"name": "0302","x":799,"y":1008,"w":198,"h":183,"rotated": false}},
{"SPRITE" : {"name": "0303","x":1531,"y":2908,"w":235,"h":256,"rotated": false}},
{"SPRITE" : {"name": "0304","x":3504,"y":2937,"w":235,"h":256,"rotated": false}},
{"SPRITE" : {"name": "0305","x":635,"y":2939,"w":235,"h":256,"rotated": false}},
{"SPRITE" : {"name": "0306","x":1187,"y":2969,"w":235,"h":256,"rotated": false}}
]},
"meta": {
"app": "Adobe Animate",
"version": "21.0.0.35450",
"image": "spritemap1.png",
"format": "RGBA8888",
"size": {"w":4096,"h":3781},
"resolution": "1"
}
}
