﻿<?xml version="1.0" encoding="utf-8"?>
<TextureAtlas imagePath="Menu_Heart.png">
	<!-- Created with Adobe Animate version 21.0.0.35450 -->
	<!-- http://www.adobe.com/products/animate.html -->
	<SubTexture name="HearBup0000" x="0" y="0" width="991" height="598" pivotX="301.9" pivotY="713.5" frameX="0" frameY="-16" frameWidth="991" frameHeight="614"/>
	<SubTexture name="HearBup0001" x="991" y="0" width="991" height="610" frameX="0" frameY="-4" frameWidth="991" frameHeight="614"/>
	<SubTexture name="HearBup0002" x="1982" y="0" width="991" height="604" frameX="0" frameY="-10" frameWidth="991" frameHeight="614"/>
	<SubTexture name="HearBup0003" x="2973" y="0" width="991" height="606" frameX="0" frameY="-8" frameWidth="991" frameHeight="614"/>
	<SubTexture name="HearBup0004" x="0" y="610" width="991" height="606" frameX="0" frameY="-8" frameWidth="991" frameHeight="614"/>
	<SubTexture name="HearBup0005" x="991" y="610" width="991" height="607" frameX="0" frameY="-7" frameWidth="991" frameHeight="614"/>
	<SubTexture name="HearBup0006" x="1982" y="610" width="991" height="607" frameX="0" frameY="-7" frameWidth="991" frameHeight="614"/>
	<SubTexture name="HearBup0007" x="2973" y="610" width="991" height="607" frameX="0" frameY="-7" frameWidth="991" frameHeight="614"/>
	<SubTexture name="HearBup0008" x="0" y="1217" width="991" height="608" frameX="0" frameY="-6" frameWidth="991" frameHeight="614"/>
	<SubTexture name="HearBup0009" x="991" y="1217" width="991" height="608" frameX="0" frameY="-6" frameWidth="991" frameHeight="614"/>
	<SubTexture name="HearBup0010" x="1982" y="1217" width="991" height="609" frameX="0" frameY="-5" frameWidth="991" frameHeight="614"/>
	<SubTexture name="HearBup0011" x="2973" y="1217" width="991" height="611" frameX="0" frameY="-3" frameWidth="991" frameHeight="614"/>
	<SubTexture name="HearBup0012" x="0" y="1828" width="991" height="612" frameX="0" frameY="-2" frameWidth="991" frameHeight="614"/>
	<SubTexture name="HearBup0013" x="991" y="1828" width="991" height="614"/>
	<SubTexture name="HearBup0014" x="1982" y="1828" width="991" height="614"/>
	<SubTexture name="HearBup0015" x="2973" y="1828" width="991" height="598" frameX="0" frameY="-16" frameWidth="991" frameHeight="614"/>
	<SubTexture name="HearBup0016" x="991" y="0" width="991" height="610" frameX="0" frameY="-4" frameWidth="991" frameHeight="614"/>
	<SubTexture name="HearBup0017" x="1982" y="0" width="991" height="604" frameX="0" frameY="-10" frameWidth="991" frameHeight="614"/>
	<SubTexture name="HearBup0018" x="2973" y="0" width="991" height="606" frameX="0" frameY="-8" frameWidth="991" frameHeight="614"/>
	<SubTexture name="HearBup0019" x="0" y="610" width="991" height="606" frameX="0" frameY="-8" frameWidth="991" frameHeight="614"/>
	<SubTexture name="HearBup0020" x="991" y="610" width="991" height="607" frameX="0" frameY="-7" frameWidth="991" frameHeight="614"/>
	<SubTexture name="HearBup0021" x="1982" y="610" width="991" height="607" frameX="0" frameY="-7" frameWidth="991" frameHeight="614"/>
	<SubTexture name="HearBup0022" x="2973" y="610" width="991" height="607" frameX="0" frameY="-7" frameWidth="991" frameHeight="614"/>
	<SubTexture name="HearBup0023" x="0" y="1217" width="991" height="608" frameX="0" frameY="-6" frameWidth="991" frameHeight="614"/>
	<SubTexture name="HearBup0024" x="991" y="1217" width="991" height="608" frameX="0" frameY="-6" frameWidth="991" frameHeight="614"/>
	<SubTexture name="HearBup0025" x="1982" y="1217" width="991" height="609" frameX="0" frameY="-5" frameWidth="991" frameHeight="614"/>
	<SubTexture name="HearBup0026" x="2973" y="1217" width="991" height="611" frameX="0" frameY="-3" frameWidth="991" frameHeight="614"/>
	<SubTexture name="HearBup0027" x="0" y="1828" width="991" height="612" frameX="0" frameY="-2" frameWidth="991" frameHeight="614"/>
	<SubTexture name="HearBup0028" x="991" y="1828" width="991" height="614"/>
	<SubTexture name="HearBup0029" x="1982" y="1828" width="991" height="614"/>
</TextureAtlas>
