﻿{"ATLAS": {"SPRITES":[ 
{"SPRITE" : {"name": "0000","x":1147,"y":0,"w":387,"h":220,"rotated": false}},
{"SPRITE" : {"name": "0001","x":397,"y":592,"w":194,"h":122,"rotated": false}},
{"SPRITE" : {"name": "0002","x":235,"y":689,"w":88,"h":148,"rotated": false}},
{"SPRITE" : {"name": "0003","x":209,"y":512,"w":184,"h":173,"rotated": false}},
{"SPRITE" : {"name": "0004","x":623,"y":546,"w":184,"h":173,"rotated": false}},
{"SPRITE" : {"name": "0005","x":1593,"y":659,"w":113,"h":152,"rotated": false}},
{"SPRITE" : {"name": "0006","x":1910,"y":624,"w":114,"h":152,"rotated": false}},
{"SPRITE" : {"name": "0007","x":453,"y":718,"w":40,"h":100,"rotated": false}},
{"SPRITE" : {"name": "0008","x":1196,"y":696,"w":121,"h":48,"rotated": false}},
{"SPRITE" : {"name": "0009","x":1321,"y":696,"w":122,"h":44,"rotated": false}},
{"SPRITE" : {"name": "0010","x":327,"y":718,"w":122,"h":42,"rotated": false}},
{"SPRITE" : {"name": "0011","x":1593,"y":622,"w":97,"h":33,"rotated": false}},
{"SPRITE" : {"name": "0012","x":811,"y":720,"w":97,"h":32,"rotated": false}},
{"SPRITE" : {"name": "0013","x":811,"y":720,"w":97,"h":32,"rotated": false}},
{"SPRITE" : {"name": "0014","x":1484,"y":515,"w":97,"h":34,"rotated": false}},
{"SPRITE" : {"name": "0015","x":1447,"y":696,"w":122,"h":44,"rotated": false}},
{"SPRITE" : {"name": "0016","x":2009,"y":366,"w":32,"h":19,"rotated": false}},
{"SPRITE" : {"name": "0017","x":1068,"y":567,"w":261,"h":125,"rotated": false}},
{"SPRITE" : {"name": "0018","x":1068,"y":696,"w":124,"h":68,"rotated": false}},
{"SPRITE" : {"name": "0019","x":1333,"y":567,"w":256,"h":125,"rotated": false}},
{"SPRITE" : {"name": "0020","x":0,"y":678,"w":107,"h":154,"rotated": false}},
{"SPRITE" : {"name": "0021","x":978,"y":569,"w":86,"h":145,"rotated": false}},
{"SPRITE" : {"name": "0022","x":284,"y":363,"w":116,"h":135,"rotated": false}},
{"SPRITE" : {"name": "0023","x":2030,"y":0,"w":1,"h":4,"rotated": false}},
{"SPRITE" : {"name": "0024","x":833,"y":0,"w":310,"h":377,"rotated": false}},
{"SPRITE" : {"name": "0025","x":111,"y":689,"w":120,"h":119,"rotated": false}},
{"SPRITE" : {"name": "0026","x":423,"y":362,"w":196,"h":226,"rotated": false}},
{"SPRITE" : {"name": "0027","x":1910,"y":490,"w":138,"h":130,"rotated": false}},
{"SPRITE" : {"name": "0028","x":865,"y":381,"w":199,"h":184,"rotated": false}},
{"SPRITE" : {"name": "0029","x":623,"y":381,"w":238,"h":161,"rotated": false}},
{"SPRITE" : {"name": "0030","x":0,"y":363,"w":280,"h":145,"rotated": false}},
{"SPRITE" : {"name": "0031","x":1790,"y":0,"w":236,"h":241,"rotated": false}},
{"SPRITE" : {"name": "0032","x":811,"y":569,"w":163,"h":147,"rotated": false}},
{"SPRITE" : {"name": "0033","x":1538,"y":0,"w":248,"h":267,"rotated": false}},
{"SPRITE" : {"name": "0034","x":1068,"y":393,"w":204,"h":170,"rotated": false}},
{"SPRITE" : {"name": "0035","x":1276,"y":393,"w":204,"h":170,"rotated": false}},
{"SPRITE" : {"name": "0036","x":1704,"y":490,"w":202,"h":165,"rotated": false}},
{"SPRITE" : {"name": "0037","x":0,"y":512,"w":205,"h":162,"rotated": false}},
{"SPRITE" : {"name": "0038","x":1487,"y":224,"w":40,"h":34,"rotated": false}},
{"SPRITE" : {"name": "0039","x":497,"y":718,"w":51,"h":62,"rotated": false}},
{"SPRITE" : {"name": "0040","x":1704,"y":271,"w":65,"h":79,"rotated": false}},
{"SPRITE" : {"name": "0041","x":1704,"y":354,"w":53,"h":78,"rotated": false}},
{"SPRITE" : {"name": "0042","x":552,"y":718,"w":47,"h":64,"rotated": false}},
{"SPRITE" : {"name": "0043","x":2009,"y":245,"w":30,"h":42,"rotated": false}},
{"SPRITE" : {"name": "0044","x":2009,"y":291,"w":23,"h":36,"rotated": false}},
{"SPRITE" : {"name": "0045","x":2009,"y":331,"w":20,"h":31,"rotated": false}},
{"SPRITE" : {"name": "0046","x":1761,"y":354,"w":17,"h":22,"rotated": false}},
{"SPRITE" : {"name": "0047","x":1710,"y":659,"w":187,"h":90,"rotated": false}},
{"SPRITE" : {"name": "0048","x":0,"y":0,"w":419,"h":359,"rotated": false}},
{"SPRITE" : {"name": "0049","x":423,"y":0,"w":406,"h":358,"rotated": false}},
{"SPRITE" : {"name": "0050","x":1147,"y":224,"w":336,"h":165,"rotated": false}},
{"SPRITE" : {"name": "0051","x":1593,"y":515,"w":90,"h":103,"rotated": false}},
{"SPRITE" : {"name": "0052","x":1790,"y":245,"w":215,"h":241,"rotated": false}},
{"SPRITE" : {"name": "0053","x":1487,"y":271,"w":213,"h":240,"rotated": false}}
]},
"meta": {
"app": "Adobe Animate",
"version": "21.0.0.35450",
"image": "spritemap1.png",
"format": "RGBA8888",
"size": {"w":2048,"h":837},
"resolution": "1"
}
}
