﻿<?xml version="1.0" encoding="utf-8"?>
<TextureAtlas imagePath="Kana.png">
	<!-- Created with Adobe Animate version 20.5.0.29329 -->
	<!-- http://www.adobe.com/products/animate.html -->
	<SubTexture name="Kana Down0000" x="0" y="0" width="460" height="682" frameX="0" frameY="-75" frameWidth="460" frameHeight="850"/>
	<SubTexture name="Kana Down0001" x="0" y="0" width="460" height="682" frameX="0" frameY="-75" frameWidth="460" frameHeight="850"/>
	<SubTexture name="Kana Down0002" x="460" y="0" width="460" height="682" frameX="0" frameY="-75" frameWidth="460" frameHeight="850"/>
	<SubTexture name="Kana Down0003" x="460" y="0" width="460" height="682" frameX="0" frameY="-75" frameWidth="460" frameHeight="850"/>
	<SubTexture name="Kana Down0004" x="920" y="0" width="460" height="682" frameX="0" frameY="-75" frameWidth="460" frameHeight="850"/>
	<SubTexture name="Kana Down0005" x="920" y="0" width="460" height="682" frameX="0" frameY="-75" frameWidth="460" frameHeight="850"/>
	<SubTexture name="Kana Down0006" x="1380" y="0" width="460" height="682" frameX="0" frameY="-75" frameWidth="460" frameHeight="850"/>
	<SubTexture name="Kana Down0007" x="1380" y="0" width="460" height="682" frameX="0" frameY="-75" frameWidth="460" frameHeight="850"/>
	<SubTexture name="Kana Down0008" x="1840" y="0" width="460" height="682" frameX="0" frameY="-75" frameWidth="460" frameHeight="850"/>
	<SubTexture name="Kana Down0009" x="1840" y="0" width="460" height="682" frameX="0" frameY="-75" frameWidth="460" frameHeight="850"/>
	<SubTexture name="Kana Down0010" x="1840" y="0" width="460" height="682" frameX="0" frameY="-75" frameWidth="460" frameHeight="850"/>
	<SubTexture name="Kana Down0011" x="1840" y="0" width="460" height="682" frameX="0" frameY="-75" frameWidth="460" frameHeight="850"/>
	<SubTexture name="Kana Idle0000" x="2300" y="0" width="460" height="682" frameX="0" frameY="-75" frameWidth="460" frameHeight="850"/>
	<SubTexture name="Kana Idle0001" x="2300" y="0" width="460" height="682" frameX="0" frameY="-75" frameWidth="460" frameHeight="850"/>
	<SubTexture name="Kana Idle0002" x="2760" y="0" width="460" height="682" frameX="0" frameY="-75" frameWidth="460" frameHeight="850"/>
	<SubTexture name="Kana Idle0003" x="2760" y="0" width="460" height="682" frameX="0" frameY="-75" frameWidth="460" frameHeight="850"/>
	<SubTexture name="Kana Idle0004" x="3220" y="0" width="460" height="682" frameX="0" frameY="-75" frameWidth="460" frameHeight="850"/>
	<SubTexture name="Kana Idle0005" x="3220" y="0" width="460" height="682" frameX="0" frameY="-75" frameWidth="460" frameHeight="850"/>
	<SubTexture name="Kana Idle0006" x="0" y="682" width="460" height="682" frameX="0" frameY="-75" frameWidth="460" frameHeight="850"/>
	<SubTexture name="Kana Idle0007" x="0" y="682" width="460" height="682" frameX="0" frameY="-75" frameWidth="460" frameHeight="850"/>
	<SubTexture name="Kana Idle0008" x="460" y="682" width="460" height="682" frameX="0" frameY="-75" frameWidth="460" frameHeight="850"/>
	<SubTexture name="Kana Idle0009" x="460" y="682" width="460" height="682" frameX="0" frameY="-75" frameWidth="460" frameHeight="850"/>
	<SubTexture name="Kana Idle0010" x="460" y="682" width="460" height="682" frameX="0" frameY="-75" frameWidth="460" frameHeight="850"/>
	<SubTexture name="Kana Idle0011" x="460" y="682" width="460" height="682" frameX="0" frameY="-75" frameWidth="460" frameHeight="850"/>
	<SubTexture name="Kana Idle0012" x="460" y="682" width="460" height="682" frameX="0" frameY="-75" frameWidth="460" frameHeight="850"/>
	<SubTexture name="Kana Left0000" x="920" y="682" width="460" height="682" frameX="0" frameY="-75" frameWidth="460" frameHeight="850"/>
	<SubTexture name="Kana Left0001" x="920" y="682" width="460" height="682" frameX="0" frameY="-75" frameWidth="460" frameHeight="850"/>
	<SubTexture name="Kana Left0002" x="1380" y="682" width="460" height="682" frameX="0" frameY="-75" frameWidth="460" frameHeight="850"/>
	<SubTexture name="Kana Left0003" x="1380" y="682" width="460" height="682" frameX="0" frameY="-75" frameWidth="460" frameHeight="850"/>
	<SubTexture name="Kana Left0004" x="1840" y="682" width="460" height="682" frameX="0" frameY="-75" frameWidth="460" frameHeight="850"/>
	<SubTexture name="Kana Left0005" x="1840" y="682" width="460" height="682" frameX="0" frameY="-75" frameWidth="460" frameHeight="850"/>
	<SubTexture name="Kana Left0006" x="2300" y="682" width="460" height="682" frameX="0" frameY="-75" frameWidth="460" frameHeight="850"/>
	<SubTexture name="Kana Left0007" x="2300" y="682" width="460" height="682" frameX="0" frameY="-75" frameWidth="460" frameHeight="850"/>
	<SubTexture name="Kana Left0008" x="2760" y="682" width="460" height="682" frameX="0" frameY="-75" frameWidth="460" frameHeight="850"/>
	<SubTexture name="Kana Left0009" x="2760" y="682" width="460" height="682" frameX="0" frameY="-75" frameWidth="460" frameHeight="850"/>
	<SubTexture name="Kana Left0010" x="2760" y="682" width="460" height="682" frameX="0" frameY="-75" frameWidth="460" frameHeight="850"/>
	<SubTexture name="Kana Left0011" x="2760" y="682" width="460" height="682" frameX="0" frameY="-75" frameWidth="460" frameHeight="850"/>
	<SubTexture name="Kana Right0000" x="3220" y="682" width="460" height="682" frameX="0" frameY="-75" frameWidth="460" frameHeight="850"/>
	<SubTexture name="Kana Right0001" x="3220" y="682" width="460" height="682" frameX="0" frameY="-75" frameWidth="460" frameHeight="850"/>
	<SubTexture name="Kana Right0002" x="0" y="1364" width="460" height="682" frameX="0" frameY="-75" frameWidth="460" frameHeight="850"/>
	<SubTexture name="Kana Right0003" x="0" y="1364" width="460" height="682" frameX="0" frameY="-75" frameWidth="460" frameHeight="850"/>
	<SubTexture name="Kana Right0004" x="460" y="1364" width="460" height="682" frameX="0" frameY="-75" frameWidth="460" frameHeight="850"/>
	<SubTexture name="Kana Right0005" x="460" y="1364" width="460" height="682" frameX="0" frameY="-75" frameWidth="460" frameHeight="850"/>
	<SubTexture name="Kana Right0006" x="920" y="1364" width="460" height="682" frameX="0" frameY="-75" frameWidth="460" frameHeight="850"/>
	<SubTexture name="Kana Right0007" x="920" y="1364" width="460" height="682" frameX="0" frameY="-75" frameWidth="460" frameHeight="850"/>
	<SubTexture name="Kana Right0008" x="1380" y="1364" width="460" height="682" frameX="0" frameY="-75" frameWidth="460" frameHeight="850"/>
	<SubTexture name="Kana Right0009" x="1380" y="1364" width="460" height="682" frameX="0" frameY="-75" frameWidth="460" frameHeight="850"/>
	<SubTexture name="Kana Right0010" x="1380" y="1364" width="460" height="682" frameX="0" frameY="-75" frameWidth="460" frameHeight="850"/>
	<SubTexture name="Kana Right0011" x="1380" y="1364" width="460" height="682" frameX="0" frameY="-75" frameWidth="460" frameHeight="850"/>
	<SubTexture name="Kana Up0000" x="1840" y="1364" width="460" height="682" frameX="0" frameY="-75" frameWidth="460" frameHeight="850"/>
	<SubTexture name="Kana Up0001" x="1840" y="1364" width="460" height="682" frameX="0" frameY="-75" frameWidth="460" frameHeight="850"/>
	<SubTexture name="Kana Up0002" x="2300" y="1364" width="460" height="682" frameX="0" frameY="-75" frameWidth="460" frameHeight="850"/>
	<SubTexture name="Kana Up0003" x="2300" y="1364" width="460" height="682" frameX="0" frameY="-75" frameWidth="460" frameHeight="850"/>
	<SubTexture name="Kana Up0004" x="2760" y="1364" width="460" height="682" frameX="0" frameY="-75" frameWidth="460" frameHeight="850"/>
	<SubTexture name="Kana Up0005" x="2760" y="1364" width="460" height="682" frameX="0" frameY="-75" frameWidth="460" frameHeight="850"/>
	<SubTexture name="Kana Up0006" x="3220" y="1364" width="460" height="682" frameX="0" frameY="-75" frameWidth="460" frameHeight="850"/>
	<SubTexture name="Kana Up0007" x="3220" y="1364" width="460" height="682" frameX="0" frameY="-75" frameWidth="460" frameHeight="850"/>
	<SubTexture name="Kana Up0008" x="0" y="2046" width="460" height="682" frameX="0" frameY="-75" frameWidth="460" frameHeight="850"/>
	<SubTexture name="Kana Up0009" x="0" y="2046" width="460" height="682" frameX="0" frameY="-75" frameWidth="460" frameHeight="850"/>
	<SubTexture name="Kana Up0010" x="0" y="2046" width="460" height="682" frameX="0" frameY="-75" frameWidth="460" frameHeight="850"/>
	<SubTexture name="Kana Up0011" x="0" y="2046" width="460" height="682" frameX="0" frameY="-75" frameWidth="460" frameHeight="850"/>
</TextureAtlas>
