<?xml version="1.0" encoding="utf-8"?>
<TextureAtlas imagePath="Intro_Cutscene.png">
	<!-- Created with Adobe Animate version 21.0.0.35450 -->
	<!-- http://www.adobe.com/products/animate.html -->
	<SubTexture name="Cutscene0000" x="0" y="0" width="1233" height="664" pivotX="621.25" pivotY="330" frameX="-31" frameY="-54" frameWidth="1264" frameHeight="719"/>
	<SubTexture name="Cutscene0001" x="0" y="0" width="1233" height="664" frameX="-31" frameY="-54" frameWidth="1264" frameHeight="719"/>
	<SubTexture name="Cutscene0002" x="1233" y="0" width="1195" height="664" frameX="-31" frameY="-54" frameWidth="1264" frameHeight="719"/>
	<SubTexture name="Cutscene0003" x="1233" y="0" width="1195" height="664" frameX="-31" frameY="-54" frameWidth="1264" frameHeight="719"/>
	<SubTexture name="Cutscene0004" x="2428" y="0" width="1197" height="664" frameX="-31" frameY="-54" frameWidth="1264" frameHeight="719"/>
	<SubTexture name="Cutscene0005" x="2428" y="0" width="1197" height="664" frameX="-31" frameY="-54" frameWidth="1264" frameHeight="719"/>
	<SubTexture name="Cutscene0006" x="2428" y="0" width="1197" height="664" frameX="-31" frameY="-54" frameWidth="1264" frameHeight="719"/>
	<SubTexture name="Cutscene0007" x="2428" y="0" width="1197" height="664" frameX="-31" frameY="-54" frameWidth="1264" frameHeight="719"/>
	<SubTexture name="Cutscene0008" x="0" y="0" width="1233" height="664" frameX="-31" frameY="-54" frameWidth="1264" frameHeight="719"/>
	<SubTexture name="Cutscene0009" x="0" y="0" width="1233" height="664" frameX="-31" frameY="-54" frameWidth="1264" frameHeight="719"/>
	<SubTexture name="Cutscene0010" x="3625" y="0" width="1231" height="663" frameX="-33" frameY="-55" frameWidth="1264" frameHeight="719"/>
	<SubTexture name="Cutscene0011" x="4856" y="0" width="1232" height="659" frameX="-32" frameY="-59" frameWidth="1264" frameHeight="719"/>
	<SubTexture name="Cutscene0012" x="6088" y="0" width="1233" height="658" frameX="-31" frameY="-60" frameWidth="1264" frameHeight="719"/>
	<SubTexture name="Cutscene0013" x="0" y="664" width="1234" height="657" frameX="-30" frameY="-61" frameWidth="1264" frameHeight="719"/>
	<SubTexture name="Cutscene0014" x="1234" y="664" width="1235" height="657" frameX="-29" frameY="-61" frameWidth="1264" frameHeight="719"/>
	<SubTexture name="Cutscene0015" x="2469" y="664" width="1235" height="657" frameX="-29" frameY="-61" frameWidth="1264" frameHeight="719"/>
	<SubTexture name="Cutscene0016" x="3704" y="664" width="1235" height="657" frameX="-29" frameY="-61" frameWidth="1264" frameHeight="719"/>
	<SubTexture name="Cutscene0017" x="4939" y="664" width="1235" height="658" frameX="-29" frameY="-60" frameWidth="1264" frameHeight="719"/>
	<SubTexture name="Cutscene0018" x="6174" y="664" width="1235" height="661" frameX="-29" frameY="-57" frameWidth="1264" frameHeight="719"/>
	<SubTexture name="Cutscene0019" x="0" y="1325" width="1235" height="662" frameX="-29" frameY="-56" frameWidth="1264" frameHeight="719"/>
	<SubTexture name="Cutscene0020" x="1235" y="1325" width="1234" height="665" frameX="-30" frameY="-53" frameWidth="1264" frameHeight="719"/>
	<SubTexture name="Cutscene0021" x="2469" y="1325" width="1232" height="666" frameX="-32" frameY="-52" frameWidth="1264" frameHeight="719"/>
	<SubTexture name="Cutscene0022" x="3701" y="1325" width="1233" height="674" frameX="-31" frameY="-44" frameWidth="1264" frameHeight="719"/>
	<SubTexture name="Cutscene0023" x="4934" y="1325" width="1236" height="669" frameX="-28" frameY="-49" frameWidth="1264" frameHeight="719"/>
	<SubTexture name="Cutscene0024" x="6170" y="1325" width="1236" height="678" frameX="-28" frameY="-40" frameWidth="1264" frameHeight="719"/>
	<SubTexture name="Cutscene0025" x="0" y="2003" width="1236" height="679" frameX="-28" frameY="-39" frameWidth="1264" frameHeight="719"/>
	<SubTexture name="Cutscene0026" x="1236" y="2003" width="1237" height="678" frameX="-27" frameY="-40" frameWidth="1264" frameHeight="719"/>
	<SubTexture name="Cutscene0027" x="2473" y="2003" width="1237" height="678" frameX="-27" frameY="-40" frameWidth="1264" frameHeight="719"/>
	<SubTexture name="Cutscene0028" x="3710" y="2003" width="1237" height="678" frameX="-27" frameY="-40" frameWidth="1264" frameHeight="719"/>
	<SubTexture name="Cutscene0029" x="3710" y="2003" width="1237" height="678" frameX="-27" frameY="-40" frameWidth="1264" frameHeight="719"/>
	<SubTexture name="Cutscene0030" x="3710" y="2003" width="1237" height="678" frameX="-27" frameY="-40" frameWidth="1264" frameHeight="719"/>
	<SubTexture name="Cutscene0031" x="3710" y="2003" width="1237" height="678" frameX="-27" frameY="-40" frameWidth="1264" frameHeight="719"/>
	<SubTexture name="Cutscene0032" x="3710" y="2003" width="1237" height="678" frameX="-27" frameY="-40" frameWidth="1264" frameHeight="719"/>
	<SubTexture name="Cutscene0033" x="3710" y="2003" width="1237" height="678" frameX="-27" frameY="-40" frameWidth="1264" frameHeight="719"/>
	<SubTexture name="Cutscene0034" x="3710" y="2003" width="1237" height="678" frameX="-27" frameY="-40" frameWidth="1264" frameHeight="719"/>
	<SubTexture name="Cutscene0035" x="3710" y="2003" width="1237" height="678" frameX="-27" frameY="-40" frameWidth="1264" frameHeight="719"/>
	<SubTexture name="Cutscene0036" x="3710" y="2003" width="1237" height="678" frameX="-27" frameY="-40" frameWidth="1264" frameHeight="719"/>
	<SubTexture name="Cutscene0037" x="3710" y="2003" width="1237" height="678" frameX="-27" frameY="-40" frameWidth="1264" frameHeight="719"/>
	<SubTexture name="Cutscene0038" x="3710" y="2003" width="1237" height="678" frameX="-27" frameY="-40" frameWidth="1264" frameHeight="719"/>
	<SubTexture name="Cutscene0039" x="3710" y="2003" width="1237" height="678" frameX="-27" frameY="-40" frameWidth="1264" frameHeight="719"/>
	<SubTexture name="Cutscene0040" x="3710" y="2003" width="1237" height="678" frameX="-27" frameY="-40" frameWidth="1264" frameHeight="719"/>
	<SubTexture name="Cutscene0041" x="3710" y="2003" width="1237" height="678" frameX="-27" frameY="-40" frameWidth="1264" frameHeight="719"/>
	<SubTexture name="Cutscene0042" x="3710" y="2003" width="1237" height="678" frameX="-27" frameY="-40" frameWidth="1264" frameHeight="719"/>
	<SubTexture name="Cutscene0043" x="3710" y="2003" width="1237" height="678" frameX="-27" frameY="-40" frameWidth="1264" frameHeight="719"/>
	<SubTexture name="Cutscene0044" x="4947" y="2003" width="1237" height="678" frameX="-27" frameY="-40" frameWidth="1264" frameHeight="719"/>
	<SubTexture name="Cutscene0045" x="6184" y="2003" width="1237" height="678" frameX="-27" frameY="-40" frameWidth="1264" frameHeight="719"/>
	<SubTexture name="Cutscene0046" x="0" y="2682" width="1237" height="678" frameX="-27" frameY="-40" frameWidth="1264" frameHeight="719"/>
	<SubTexture name="Cutscene0047" x="1237" y="2682" width="1237" height="678" frameX="-27" frameY="-40" frameWidth="1264" frameHeight="719"/>
	<SubTexture name="Cutscene0048" x="2474" y="2682" width="1237" height="678" frameX="-27" frameY="-40" frameWidth="1264" frameHeight="719"/>
	<SubTexture name="Cutscene0049" x="3711" y="2682" width="1237" height="678" frameX="-27" frameY="-40" frameWidth="1264" frameHeight="719"/>
	<SubTexture name="Cutscene0050" x="4948" y="2682" width="1237" height="678" frameX="-27" frameY="-40" frameWidth="1264" frameHeight="719"/>
	<SubTexture name="Cutscene0051" x="6185" y="2682" width="1237" height="678" frameX="-27" frameY="-40" frameWidth="1264" frameHeight="719"/>
	<SubTexture name="Cutscene0052" x="6185" y="2682" width="1237" height="678" frameX="-27" frameY="-40" frameWidth="1264" frameHeight="719"/>
	<SubTexture name="Cutscene0053" x="6185" y="2682" width="1237" height="678" frameX="-27" frameY="-40" frameWidth="1264" frameHeight="719"/>
	<SubTexture name="Cutscene0054" x="0" y="3360" width="1237" height="678" frameX="-27" frameY="-40" frameWidth="1264" frameHeight="719"/>
	<SubTexture name="Cutscene0055" x="1237" y="3360" width="1234" height="678" frameX="-30" frameY="-40" frameWidth="1264" frameHeight="719"/>
	<SubTexture name="Cutscene0056" x="2471" y="3360" width="1246" height="675" frameX="-18" frameY="-43" frameWidth="1264" frameHeight="719"/>
	<SubTexture name="Cutscene0057" x="3717" y="3360" width="1256" height="667" frameX="-8" frameY="-52" frameWidth="1264" frameHeight="719"/>
	<SubTexture name="Cutscene0058" x="4973" y="3360" width="1251" height="662" frameX="-13" frameY="-57" frameWidth="1264" frameHeight="719"/>
	<SubTexture name="Cutscene0059" x="6224" y="3360" width="1256" height="654" frameX="-8" frameY="-59" frameWidth="1264" frameHeight="719"/>
	<SubTexture name="Cutscene0060" x="0" y="4038" width="1254" height="643" frameX="-10" frameY="-69" frameWidth="1264" frameHeight="719"/>
	<SubTexture name="Cutscene0061" x="1254" y="4038" width="1254" height="635" frameX="-10" frameY="-75" frameWidth="1264" frameHeight="719"/>
	<SubTexture name="Cutscene0062" x="2508" y="4038" width="1257" height="632" frameX="-7" frameY="-77" frameWidth="1264" frameHeight="719"/>
	<SubTexture name="Cutscene0063" x="3765" y="4038" width="1256" height="629" frameX="-8" frameY="-79" frameWidth="1264" frameHeight="719"/>
	<SubTexture name="Cutscene0064" x="5021" y="4038" width="1257" height="625" frameX="-7" frameY="-79" frameWidth="1264" frameHeight="719"/>
	<SubTexture name="Cutscene0065" x="6278" y="4038" width="1264" height="626" frameX="0" frameY="-79" frameWidth="1264" frameHeight="719"/>
	<SubTexture name="Cutscene0066" x="0" y="4681" width="1264" height="626" frameX="0" frameY="-79" frameWidth="1264" frameHeight="719"/>
	<SubTexture name="Cutscene0067" x="1264" y="4681" width="1264" height="629" frameX="0" frameY="-76" frameWidth="1264" frameHeight="719"/>
	<SubTexture name="Cutscene0068" x="2528" y="4681" width="1257" height="656" frameX="-7" frameY="-51" frameWidth="1264" frameHeight="719"/>
	<SubTexture name="Cutscene0069" x="3785" y="4681" width="1255" height="669" frameX="-9" frameY="-38" frameWidth="1264" frameHeight="719"/>
	<SubTexture name="Cutscene0070" x="5040" y="4681" width="1257" height="682" frameX="-7" frameY="-29" frameWidth="1264" frameHeight="719"/>
	<SubTexture name="Cutscene0071" x="6297" y="4681" width="1247" height="700" frameX="-17" frameY="-18" frameWidth="1264" frameHeight="719"/>
	<SubTexture name="Cutscene0072" x="0" y="5381" width="1204" height="696" frameX="-60" frameY="-12" frameWidth="1264" frameHeight="719"/>
	<SubTexture name="Cutscene0073" x="1204" y="5381" width="1230" height="708" frameX="-34" frameY="0" frameWidth="1264" frameHeight="719"/>
	<SubTexture name="Cutscene0074" x="2434" y="5381" width="1236" height="704" frameX="-28" frameY="-2" frameWidth="1264" frameHeight="719"/>
	<SubTexture name="Cutscene0075" x="3670" y="5381" width="1248" height="704" frameX="-16" frameY="-2" frameWidth="1264" frameHeight="719"/>
	<SubTexture name="Cutscene0076" x="4918" y="5381" width="1251" height="706" frameX="-13" frameY="-7" frameWidth="1264" frameHeight="719"/>
	<SubTexture name="Cutscene0077" x="6169" y="5381" width="1238" height="704" frameX="-26" frameY="-9" frameWidth="1264" frameHeight="719"/>
	<SubTexture name="Cutscene0078" x="0" y="6089" width="1218" height="690" frameX="-46" frameY="-24" frameWidth="1264" frameHeight="719"/>
	<SubTexture name="Cutscene0079" x="1218" y="6089" width="1205" height="689" frameX="-59" frameY="-25" frameWidth="1264" frameHeight="719"/>
	<SubTexture name="Cutscene0080" x="2423" y="6089" width="1163" height="698" frameX="-101" frameY="-16" frameWidth="1264" frameHeight="719"/>
	<SubTexture name="Cutscene0081" x="3586" y="6089" width="1163" height="701" frameX="-101" frameY="-13" frameWidth="1264" frameHeight="719"/>
	<SubTexture name="Cutscene0082" x="4749" y="6089" width="1163" height="704" frameX="-101" frameY="-10" frameWidth="1264" frameHeight="719"/>
	<SubTexture name="Cutscene0083" x="5912" y="6089" width="1163" height="704" frameX="-101" frameY="-10" frameWidth="1264" frameHeight="719"/>
	<SubTexture name="Cutscene0084" x="0" y="6793" width="1163" height="704" frameX="-101" frameY="-10" frameWidth="1264" frameHeight="719"/>
	<SubTexture name="Cutscene0085" x="1163" y="6793" width="1163" height="704" frameX="-101" frameY="-10" frameWidth="1264" frameHeight="719"/>
	<SubTexture name="Cutscene0086" x="2326" y="6793" width="1163" height="704" frameX="-101" frameY="-10" frameWidth="1264" frameHeight="719"/>
	<SubTexture name="Cutscene0087" x="1163" y="6793" width="1163" height="704" frameX="-101" frameY="-10" frameWidth="1264" frameHeight="719"/>
	<SubTexture name="Cutscene0088" x="1163" y="6793" width="1163" height="704" frameX="-101" frameY="-10" frameWidth="1264" frameHeight="719"/>
</TextureAtlas>
