﻿<?xml version="1.0" encoding="utf-8"?>
<TextureAtlas imagePath="Tabi_into.png">
	<!-- Created with Adobe Animate version 19.2.1.408 -->
	<!-- http://www.adobe.com/products/animate.html -->
	<SubTexture name="Tabi Intro0000" x="9" y="9" width="326" height="718" frameX="-68" frameY="-79" frameWidth="903" frameHeight="815"/>
	<SubTexture name="Tabi Intro0001" x="335" y="9" width="326" height="718" frameX="-68" frameY="-79" frameWidth="903" frameHeight="815"/>
	<SubTexture name="Tabi Intro0002" x="335" y="9" width="326" height="718" frameX="-68" frameY="-79" frameWidth="903" frameHeight="815"/>
	<SubTexture name="Tabi Intro0003" x="335" y="9" width="326" height="718" frameX="-68" frameY="-79" frameWidth="903" frameHeight="815"/>
	<SubTexture name="Tabi Intro0004" x="335" y="9" width="326" height="718" frameX="-68" frameY="-79" frameWidth="903" frameHeight="815"/>
	<SubTexture name="Tabi Intro0005" x="335" y="9" width="326" height="718" frameX="-68" frameY="-79" frameWidth="903" frameHeight="815"/>
	<SubTexture name="Tabi Intro0006" x="335" y="9" width="326" height="718" frameX="-68" frameY="-79" frameWidth="903" frameHeight="815"/>
	<SubTexture name="Tabi Intro0007" x="335" y="9" width="326" height="718" frameX="-68" frameY="-79" frameWidth="903" frameHeight="815"/>
	<SubTexture name="Tabi Intro0008" x="335" y="9" width="326" height="718" frameX="-68" frameY="-79" frameWidth="903" frameHeight="815"/>
	<SubTexture name="Tabi Intro0009" x="9" y="9" width="326" height="718" frameX="-68" frameY="-79" frameWidth="903" frameHeight="815"/>
	<SubTexture name="Tabi Intro0010" x="661" y="9" width="324" height="714" frameX="-70" frameY="-83" frameWidth="903" frameHeight="815"/>
	<SubTexture name="Tabi Intro0011" x="985" y="9" width="324" height="706" frameX="-70" frameY="-91" frameWidth="903" frameHeight="815"/>
	<SubTexture name="Tabi Intro0012" x="1309" y="9" width="324" height="702" frameX="-70" frameY="-95" frameWidth="903" frameHeight="815"/>
	<SubTexture name="Tabi Intro0013" x="1633" y="9" width="324" height="704" frameX="-70" frameY="-93" frameWidth="903" frameHeight="815"/>
	<SubTexture name="Tabi Intro0014" x="1957" y="9" width="324" height="709" frameX="-70" frameY="-88" frameWidth="903" frameHeight="815"/>
	<SubTexture name="Tabi Intro0015" x="2281" y="9" width="324" height="712" frameX="-70" frameY="-85" frameWidth="903" frameHeight="815"/>
	<SubTexture name="Tabi Intro0016" x="2605" y="9" width="324" height="719" frameX="-70" frameY="-78" frameWidth="903" frameHeight="815"/>
	<SubTexture name="Tabi Intro0017" x="2929" y="9" width="367" height="745" frameX="-27" frameY="-52" frameWidth="903" frameHeight="815"/>
	<SubTexture name="Tabi Intro0018" x="2929" y="9" width="367" height="745" frameX="-27" frameY="-52" frameWidth="903" frameHeight="815"/>
	<SubTexture name="Tabi Intro0019" x="3296" y="9" width="362" height="741" frameX="-32" frameY="-56" frameWidth="903" frameHeight="815"/>
	<SubTexture name="Tabi Intro0020" x="3296" y="9" width="362" height="741" frameX="-32" frameY="-55" frameWidth="903" frameHeight="815"/>
	<SubTexture name="Tabi Intro0021" x="3296" y="9" width="362" height="741" frameX="-32" frameY="-55" frameWidth="903" frameHeight="815"/>
	<SubTexture name="Tabi Intro0022" x="3658" y="9" width="362" height="742" frameX="-32" frameY="-55" frameWidth="903" frameHeight="815"/>
	<SubTexture name="Tabi Intro0023" x="9" y="754" width="362" height="742" frameX="-32" frameY="-55" frameWidth="903" frameHeight="815"/>
	<SubTexture name="Tabi Intro0024" x="371" y="754" width="362" height="742" frameX="-32" frameY="-55" frameWidth="903" frameHeight="815"/>
	<SubTexture name="Tabi Intro0025" x="733" y="754" width="362" height="742" frameX="-32" frameY="-55" frameWidth="903" frameHeight="815"/>
	<SubTexture name="Tabi Intro0026" x="1095" y="754" width="362" height="742" frameX="-32" frameY="-55" frameWidth="903" frameHeight="815"/>
	<SubTexture name="Tabi Intro0027" x="1457" y="754" width="362" height="742" frameX="-32" frameY="-55" frameWidth="903" frameHeight="815"/>
	<SubTexture name="Tabi Intro0028" x="1819" y="754" width="362" height="742" frameX="-32" frameY="-55" frameWidth="903" frameHeight="815"/>
	<SubTexture name="Tabi Intro0029" x="2181" y="754" width="362" height="742" frameX="-32" frameY="-55" frameWidth="903" frameHeight="815"/>
	<SubTexture name="Tabi Intro0030" x="2181" y="754" width="362" height="742" frameX="-32" frameY="-55" frameWidth="903" frameHeight="815"/>
	<SubTexture name="Tabi Intro0031" x="2181" y="754" width="362" height="742" frameX="-32" frameY="-55" frameWidth="903" frameHeight="815"/>
	<SubTexture name="Tabi Intro0032" x="2181" y="754" width="362" height="742" frameX="-32" frameY="-55" frameWidth="903" frameHeight="815"/>
	<SubTexture name="Tabi Intro0033" x="2181" y="754" width="362" height="742" frameX="-32" frameY="-55" frameWidth="903" frameHeight="815"/>
	<SubTexture name="Tabi Intro0034" x="2181" y="754" width="362" height="742" frameX="-32" frameY="-55" frameWidth="903" frameHeight="815"/>
	<SubTexture name="Tabi Intro0035" x="2181" y="754" width="362" height="742" frameX="-32" frameY="-55" frameWidth="903" frameHeight="815"/>
	<SubTexture name="Tabi Intro0036" x="2181" y="754" width="362" height="742" frameX="-32" frameY="-55" frameWidth="903" frameHeight="815"/>
	<SubTexture name="Tabi Intro0037" x="2181" y="754" width="362" height="742" frameX="-32" frameY="-55" frameWidth="903" frameHeight="815"/>
	<SubTexture name="Tabi Intro0038" x="2181" y="754" width="362" height="742" frameX="-32" frameY="-55" frameWidth="903" frameHeight="815"/>
	<SubTexture name="Tabi Intro0039" x="2181" y="754" width="362" height="742" frameX="-32" frameY="-55" frameWidth="903" frameHeight="815"/>
	<SubTexture name="Tabi Intro0040" x="2181" y="754" width="362" height="742" frameX="-32" frameY="-55" frameWidth="903" frameHeight="815"/>
	<SubTexture name="Tabi Intro0041" x="2181" y="754" width="362" height="742" frameX="-32" frameY="-55" frameWidth="903" frameHeight="815"/>
	<SubTexture name="Tabi Intro0042" x="2543" y="754" width="358" height="742" frameX="-32" frameY="-55" frameWidth="903" frameHeight="815"/>
	<SubTexture name="Tabi Intro0043" x="2543" y="754" width="358" height="742" frameX="-32" frameY="-55" frameWidth="903" frameHeight="815"/>
	<SubTexture name="Tabi Intro0044" x="2901" y="754" width="373" height="737" frameX="-58" frameY="-60" frameWidth="903" frameHeight="815"/>
	<SubTexture name="Tabi Intro0045" x="2901" y="754" width="373" height="737" frameX="-58" frameY="-60" frameWidth="903" frameHeight="815"/>
	<SubTexture name="Tabi Intro0046" x="3274" y="754" width="349" height="736" frameX="-83" frameY="-61" frameWidth="903" frameHeight="815"/>
	<SubTexture name="Tabi Intro0047" x="3274" y="754" width="349" height="736" frameX="-83" frameY="-61" frameWidth="903" frameHeight="815"/>
	<SubTexture name="Tabi Intro0048" x="3623" y="754" width="359" height="726" frameX="-76" frameY="-71" frameWidth="903" frameHeight="815"/>
	<SubTexture name="Tabi Intro0049" x="3623" y="754" width="359" height="726" frameX="-76" frameY="-71" frameWidth="903" frameHeight="815"/>
	<SubTexture name="Tabi Intro0050" x="9" y="1496" width="416" height="739" frameX="-33" frameY="-58" frameWidth="903" frameHeight="815"/>
	<SubTexture name="Tabi Intro0051" x="9" y="1496" width="416" height="739" frameX="-33" frameY="-58" frameWidth="903" frameHeight="815"/>
	<SubTexture name="Tabi Intro0052" x="425" y="1496" width="455" height="750" frameX="0" frameY="-46" frameWidth="903" frameHeight="815"/>
	<SubTexture name="Tabi Intro0053" x="425" y="1496" width="455" height="750" frameX="0" frameY="-46" frameWidth="903" frameHeight="815"/>
	<SubTexture name="Tabi Intro0054" x="880" y="1496" width="543" height="787" frameX="-141" frameY="0" frameWidth="903" frameHeight="815"/>
	<SubTexture name="Tabi Intro0055" x="1423" y="1496" width="543" height="787" frameX="-141" frameY="0" frameWidth="903" frameHeight="815"/>
	<SubTexture name="Tabi Intro0056" x="1966" y="1496" width="617" height="777" frameX="-282" frameY="-34" frameWidth="903" frameHeight="815"/>
	<SubTexture name="Tabi Intro0057" x="2583" y="1496" width="617" height="777" frameX="-282" frameY="-34" frameWidth="903" frameHeight="815"/>
	<SubTexture name="Tabi Intro0058" x="3200" y="1496" width="545" height="757" frameX="-355" frameY="-57" frameWidth="903" frameHeight="815"/>
	<SubTexture name="Tabi Intro0059" x="9" y="2283" width="525" height="733" frameX="-378" frameY="-82" frameWidth="903" frameHeight="815"/>
	<SubTexture name="Tabi Intro0060" x="9" y="2283" width="525" height="733" frameX="-378" frameY="-82" frameWidth="903" frameHeight="815"/>
	<SubTexture name="Tabi Intro0061" x="534" y="2283" width="478" height="747" frameX="-424" frameY="-68" frameWidth="903" frameHeight="815"/>
	<SubTexture name="Tabi Intro0062" x="1012" y="2283" width="476" height="759" frameX="-425" frameY="-56" frameWidth="903" frameHeight="815"/>
	<SubTexture name="Tabi Intro0063" x="1488" y="2283" width="476" height="762" frameX="-425" frameY="-53" frameWidth="903" frameHeight="815"/>
	<SubTexture name="Tabi Intro0064" x="1964" y="2283" width="476" height="762" frameX="-425" frameY="-53" frameWidth="903" frameHeight="815"/>
	<SubTexture name="Tabi Intro0065" x="2440" y="2283" width="476" height="762" frameX="-425" frameY="-53" frameWidth="903" frameHeight="815"/>
	<SubTexture name="Tabi Intro0066" x="2916" y="2283" width="476" height="762" frameX="-425" frameY="-53" frameWidth="903" frameHeight="815"/>
	<SubTexture name="Tabi Intro0067" x="3392" y="2283" width="476" height="762" frameX="-425" frameY="-53" frameWidth="903" frameHeight="815"/>
	<SubTexture name="Tabi Intro0068" x="3392" y="2283" width="476" height="762" frameX="-425" frameY="-53" frameWidth="903" frameHeight="815"/>
	<SubTexture name="Tabi Intro0069" x="2916" y="2283" width="476" height="762" frameX="-425" frameY="-53" frameWidth="903" frameHeight="815"/>
	<SubTexture name="Tabi Intro0070" x="2916" y="2283" width="476" height="762" frameX="-425" frameY="-53" frameWidth="903" frameHeight="815"/>
	<SubTexture name="Tabi Intro0071" x="3392" y="2283" width="476" height="762" frameX="-425" frameY="-53" frameWidth="903" frameHeight="815"/>
	<SubTexture name="Tabi Intro0072" x="3392" y="2283" width="476" height="762" frameX="-425" frameY="-53" frameWidth="903" frameHeight="815"/>
	<SubTexture name="Tabi Intro0073" x="2916" y="2283" width="476" height="762" frameX="-425" frameY="-53" frameWidth="903" frameHeight="815"/>
	<SubTexture name="Tabi Intro0074" x="2916" y="2283" width="476" height="762" frameX="-425" frameY="-53" frameWidth="903" frameHeight="815"/>
	<SubTexture name="Tabi Intro0075" x="3392" y="2283" width="476" height="762" frameX="-425" frameY="-53" frameWidth="903" frameHeight="815"/>
	<SubTexture name="Tabi Intro0076" x="3392" y="2283" width="476" height="762" frameX="-425" frameY="-53" frameWidth="903" frameHeight="815"/>
	<SubTexture name="Tabi Intro0077" x="2916" y="2283" width="476" height="762" frameX="-425" frameY="-53" frameWidth="903" frameHeight="815"/>
	<SubTexture name="Tabi Intro0078" x="2916" y="2283" width="476" height="762" frameX="-425" frameY="-53" frameWidth="903" frameHeight="815"/>
	<SubTexture name="Tabi Intro0079" x="3392" y="2283" width="476" height="762" frameX="-425" frameY="-53" frameWidth="903" frameHeight="815"/>
	<SubTexture name="Tabi Intro0080" x="3392" y="2283" width="476" height="762" frameX="-425" frameY="-53" frameWidth="903" frameHeight="815"/>
	<SubTexture name="Tabi Intro0081" x="2916" y="2283" width="476" height="762" frameX="-425" frameY="-53" frameWidth="903" frameHeight="815"/>
	<SubTexture name="Tabi Intro0082" x="2916" y="2283" width="476" height="762" frameX="-425" frameY="-53" frameWidth="903" frameHeight="815"/>
	<SubTexture name="Tabi Intro0083" x="3392" y="2283" width="476" height="762" frameX="-425" frameY="-53" frameWidth="903" frameHeight="815"/>
	<SubTexture name="Tabi Intro0084" x="3392" y="2283" width="476" height="762" frameX="-425" frameY="-53" frameWidth="903" frameHeight="815"/>
	<SubTexture name="Tabi Intro0085" x="2916" y="2283" width="476" height="762" frameX="-425" frameY="-53" frameWidth="903" frameHeight="815"/>
	<SubTexture name="Tabi Intro0086" x="2916" y="2283" width="476" height="762" frameX="-425" frameY="-53" frameWidth="903" frameHeight="815"/>
	<SubTexture name="Tabi Intro0087" x="3392" y="2283" width="476" height="762" frameX="-425" frameY="-53" frameWidth="903" frameHeight="815"/>
	<SubTexture name="Tabi Intro0088" x="3392" y="2283" width="476" height="762" frameX="-425" frameY="-53" frameWidth="903" frameHeight="815"/>
	<SubTexture name="Tabi Intro0089" x="2916" y="2283" width="476" height="762" frameX="-425" frameY="-53" frameWidth="903" frameHeight="815"/>
	<SubTexture name="Tabi Intro0090" x="2916" y="2283" width="476" height="762" frameX="-425" frameY="-53" frameWidth="903" frameHeight="815"/>
	<SubTexture name="Tabi Intro0091" x="3392" y="2283" width="476" height="762" frameX="-425" frameY="-53" frameWidth="903" frameHeight="815"/>
	<SubTexture name="Tabi Intro0092" x="3392" y="2283" width="476" height="762" frameX="-425" frameY="-53" frameWidth="903" frameHeight="815"/>
	<SubTexture name="Tabi Intro0093" x="2916" y="2283" width="476" height="762" frameX="-425" frameY="-53" frameWidth="903" frameHeight="815"/>
</TextureAtlas>
