﻿<?xml version="1.0" encoding="utf-8"?>
<TextureAtlas imagePath="Tabi_Cutscene.png">
	<!-- Created with Adobe Animate version 19.2.1.408 -->
	<!-- http://www.adobe.com/products/animate.html -->
	<SubTexture name="Tabi_Cutscene0000" x="5" y="5" width="515" height="744" frameX="-136" frameY="-99" frameWidth="655" frameHeight="844"/>
	<SubTexture name="Tabi_Cutscene0001" x="5" y="5" width="515" height="744" frameX="-136" frameY="-99" frameWidth="655" frameHeight="844"/>
	<SubTexture name="Tabi_Cutscene0002" x="520" y="5" width="515" height="745" frameX="-136" frameY="-98" frameWidth="655" frameHeight="844"/>
	<SubTexture name="Tabi_Cutscene0003" x="520" y="5" width="515" height="745" frameX="-136" frameY="-98" frameWidth="655" frameHeight="844"/>
	<SubTexture name="Tabi_Cutscene0004" x="1035" y="5" width="515" height="744" frameX="-136" frameY="-99" frameWidth="655" frameHeight="844"/>
	<SubTexture name="Tabi_Cutscene0005" x="1035" y="5" width="515" height="744" frameX="-136" frameY="-99" frameWidth="655" frameHeight="844"/>
	<SubTexture name="Tabi_Cutscene0006" x="1550" y="5" width="515" height="745" frameX="-136" frameY="-98" frameWidth="655" frameHeight="844"/>
	<SubTexture name="Tabi_Cutscene0007" x="1550" y="5" width="515" height="745" frameX="-136" frameY="-98" frameWidth="655" frameHeight="844"/>
	<SubTexture name="Tabi_Cutscene0008" x="2065" y="5" width="515" height="744" frameX="-136" frameY="-99" frameWidth="655" frameHeight="844"/>
	<SubTexture name="Tabi_Cutscene0009" x="2065" y="5" width="515" height="744" frameX="-136" frameY="-99" frameWidth="655" frameHeight="844"/>
	<SubTexture name="Tabi_Cutscene0010" x="2580" y="5" width="515" height="745" frameX="-136" frameY="-98" frameWidth="655" frameHeight="844"/>
	<SubTexture name="Tabi_Cutscene0011" x="2580" y="5" width="515" height="745" frameX="-136" frameY="-98" frameWidth="655" frameHeight="844"/>
	<SubTexture name="Tabi_Cutscene0012" x="3095" y="5" width="515" height="744" frameX="-136" frameY="-99" frameWidth="655" frameHeight="844"/>
	<SubTexture name="Tabi_Cutscene0013" x="3095" y="5" width="515" height="744" frameX="-136" frameY="-99" frameWidth="655" frameHeight="844"/>
	<SubTexture name="Tabi_Cutscene0014" x="5" y="750" width="515" height="745" frameX="-136" frameY="-98" frameWidth="655" frameHeight="844"/>
	<SubTexture name="Tabi_Cutscene0015" x="5" y="750" width="515" height="745" frameX="-136" frameY="-98" frameWidth="655" frameHeight="844"/>
	<SubTexture name="Tabi_Cutscene0016" x="520" y="750" width="515" height="744" frameX="-136" frameY="-99" frameWidth="655" frameHeight="844"/>
	<SubTexture name="Tabi_Cutscene0017" x="520" y="750" width="515" height="744" frameX="-136" frameY="-99" frameWidth="655" frameHeight="844"/>
	<SubTexture name="Tabi_Cutscene0018" x="1035" y="750" width="515" height="745" frameX="-136" frameY="-98" frameWidth="655" frameHeight="844"/>
	<SubTexture name="Tabi_Cutscene0019" x="1035" y="750" width="515" height="745" frameX="-136" frameY="-98" frameWidth="655" frameHeight="844"/>
	<SubTexture name="Tabi_Cutscene0020" x="1550" y="750" width="515" height="744" frameX="-136" frameY="-99" frameWidth="655" frameHeight="844"/>
	<SubTexture name="Tabi_Cutscene0021" x="1550" y="750" width="515" height="744" frameX="-136" frameY="-99" frameWidth="655" frameHeight="844"/>
	<SubTexture name="Tabi_Cutscene0022" x="2065" y="750" width="516" height="742" frameX="-136" frameY="-101" frameWidth="655" frameHeight="844"/>
	<SubTexture name="Tabi_Cutscene0023" x="2581" y="750" width="516" height="743" frameX="-136" frameY="-100" frameWidth="655" frameHeight="844"/>
	<SubTexture name="Tabi_Cutscene0024" x="3097" y="750" width="519" height="740" frameX="-136" frameY="-103" frameWidth="655" frameHeight="844"/>
	<SubTexture name="Tabi_Cutscene0025" x="3097" y="750" width="519" height="740" frameX="-136" frameY="-103" frameWidth="655" frameHeight="844"/>
	<SubTexture name="Tabi_Cutscene0026" x="5" y="1495" width="519" height="740" frameX="-136" frameY="-103" frameWidth="655" frameHeight="844"/>
	<SubTexture name="Tabi_Cutscene0027" x="524" y="1495" width="519" height="740" frameX="-136" frameY="-103" frameWidth="655" frameHeight="844"/>
	<SubTexture name="Tabi_Cutscene0028" x="524" y="1495" width="519" height="740" frameX="-136" frameY="-103" frameWidth="655" frameHeight="844"/>
	<SubTexture name="Tabi_Cutscene0029" x="1043" y="1495" width="519" height="740" frameX="-136" frameY="-103" frameWidth="655" frameHeight="844"/>
	<SubTexture name="Tabi_Cutscene0030" x="1043" y="1495" width="519" height="740" frameX="-136" frameY="-103" frameWidth="655" frameHeight="844"/>
	<SubTexture name="Tabi_Cutscene0031" x="1043" y="1495" width="519" height="740" frameX="-136" frameY="-103" frameWidth="655" frameHeight="844"/>
	<SubTexture name="Tabi_Cutscene0032" x="1043" y="1495" width="519" height="740" frameX="-136" frameY="-103" frameWidth="655" frameHeight="844"/>
	<SubTexture name="Tabi_Cutscene0033" x="1043" y="1495" width="519" height="740" frameX="-136" frameY="-103" frameWidth="655" frameHeight="844"/>
	<SubTexture name="Tabi_Cutscene0034" x="1043" y="1495" width="519" height="740" frameX="-136" frameY="-103" frameWidth="655" frameHeight="844"/>
	<SubTexture name="Tabi_Cutscene0035" x="1043" y="1495" width="519" height="740" frameX="-136" frameY="-103" frameWidth="655" frameHeight="844"/>
	<SubTexture name="Tabi_Cutscene0036" x="1043" y="1495" width="519" height="740" frameX="-136" frameY="-103" frameWidth="655" frameHeight="844"/>
	<SubTexture name="Tabi_Cutscene0037" x="1043" y="1495" width="519" height="740" frameX="-136" frameY="-103" frameWidth="655" frameHeight="844"/>
	<SubTexture name="Tabi_Cutscene0038" x="1043" y="1495" width="519" height="740" frameX="-136" frameY="-103" frameWidth="655" frameHeight="844"/>
	<SubTexture name="Tabi_Cutscene0039" x="1043" y="1495" width="519" height="740" frameX="-136" frameY="-103" frameWidth="655" frameHeight="844"/>
	<SubTexture name="Tabi_Cutscene0040" x="1043" y="1495" width="519" height="740" frameX="-136" frameY="-103" frameWidth="655" frameHeight="844"/>
	<SubTexture name="Tabi_Cutscene0041" x="1043" y="1495" width="519" height="740" frameX="-136" frameY="-103" frameWidth="655" frameHeight="844"/>
	<SubTexture name="Tabi_Cutscene0042" x="1043" y="1495" width="519" height="740" frameX="-136" frameY="-103" frameWidth="655" frameHeight="844"/>
	<SubTexture name="Tabi_Cutscene0043" x="1043" y="1495" width="519" height="740" frameX="-136" frameY="-103" frameWidth="655" frameHeight="844"/>
	<SubTexture name="Tabi_Cutscene0044" x="1043" y="1495" width="519" height="740" frameX="-136" frameY="-103" frameWidth="655" frameHeight="844"/>
	<SubTexture name="Tabi_Cutscene0045" x="1043" y="1495" width="519" height="740" frameX="-136" frameY="-103" frameWidth="655" frameHeight="844"/>
	<SubTexture name="Tabi_Cutscene0046" x="1043" y="1495" width="519" height="740" frameX="-136" frameY="-103" frameWidth="655" frameHeight="844"/>
	<SubTexture name="Tabi_Cutscene0047" x="1043" y="1495" width="519" height="740" frameX="-136" frameY="-103" frameWidth="655" frameHeight="844"/>
	<SubTexture name="Tabi_Cutscene0048" x="1562" y="1495" width="504" height="746" frameX="-136" frameY="-97" frameWidth="655" frameHeight="844"/>
	<SubTexture name="Tabi_Cutscene0049" x="2066" y="1495" width="508" height="744" frameX="-136" frameY="-99" frameWidth="655" frameHeight="844"/>
	<SubTexture name="Tabi_Cutscene0050" x="2066" y="1495" width="508" height="744" frameX="-136" frameY="-99" frameWidth="655" frameHeight="844"/>
	<SubTexture name="Tabi_Cutscene0051" x="2574" y="1495" width="515" height="741" frameX="-136" frameY="-102" frameWidth="655" frameHeight="844"/>
	<SubTexture name="Tabi_Cutscene0052" x="2574" y="1495" width="515" height="741" frameX="-136" frameY="-102" frameWidth="655" frameHeight="844"/>
	<SubTexture name="Tabi_Cutscene0053" x="1043" y="1495" width="519" height="740" frameX="-136" frameY="-103" frameWidth="655" frameHeight="844"/>
	<SubTexture name="Tabi_Cutscene0054" x="1043" y="1495" width="519" height="740" frameX="-136" frameY="-103" frameWidth="655" frameHeight="844"/>
	<SubTexture name="Tabi_Cutscene0055" x="1043" y="1495" width="519" height="740" frameX="-136" frameY="-103" frameWidth="655" frameHeight="844"/>
	<SubTexture name="Tabi_Cutscene0056" x="1043" y="1495" width="519" height="740" frameX="-136" frameY="-103" frameWidth="655" frameHeight="844"/>
	<SubTexture name="Tabi_Cutscene0057" x="1043" y="1495" width="519" height="740" frameX="-136" frameY="-103" frameWidth="655" frameHeight="844"/>
	<SubTexture name="Tabi_Cutscene0058" x="1043" y="1495" width="519" height="740" frameX="-136" frameY="-103" frameWidth="655" frameHeight="844"/>
	<SubTexture name="Tabi_Cutscene0059" x="1562" y="1495" width="504" height="746" frameX="-136" frameY="-97" frameWidth="655" frameHeight="844"/>
	<SubTexture name="Tabi_Cutscene0060" x="2066" y="1495" width="508" height="744" frameX="-136" frameY="-99" frameWidth="655" frameHeight="844"/>
	<SubTexture name="Tabi_Cutscene0061" x="2066" y="1495" width="508" height="744" frameX="-136" frameY="-99" frameWidth="655" frameHeight="844"/>
	<SubTexture name="Tabi_Cutscene0062" x="2574" y="1495" width="515" height="741" frameX="-136" frameY="-102" frameWidth="655" frameHeight="844"/>
	<SubTexture name="Tabi_Cutscene0063" x="2574" y="1495" width="515" height="741" frameX="-136" frameY="-102" frameWidth="655" frameHeight="844"/>
	<SubTexture name="Tabi_Cutscene0064" x="1043" y="1495" width="519" height="740" frameX="-136" frameY="-103" frameWidth="655" frameHeight="844"/>
	<SubTexture name="Tabi_Cutscene0065" x="1043" y="1495" width="519" height="740" frameX="-136" frameY="-103" frameWidth="655" frameHeight="844"/>
	<SubTexture name="Tabi_Cutscene0066" x="1043" y="1495" width="519" height="740" frameX="-136" frameY="-103" frameWidth="655" frameHeight="844"/>
	<SubTexture name="Tabi_Cutscene0067" x="1043" y="1495" width="519" height="740" frameX="-136" frameY="-103" frameWidth="655" frameHeight="844"/>
	<SubTexture name="Tabi_Cutscene0068" x="1043" y="1495" width="519" height="740" frameX="-136" frameY="-103" frameWidth="655" frameHeight="844"/>
	<SubTexture name="Tabi_Cutscene0069" x="1043" y="1495" width="519" height="740" frameX="-136" frameY="-103" frameWidth="655" frameHeight="844"/>
	<SubTexture name="Tabi_Cutscene0070" x="1043" y="1495" width="519" height="740" frameX="-136" frameY="-103" frameWidth="655" frameHeight="844"/>
	<SubTexture name="Tabi_Cutscene0071" x="1562" y="1495" width="504" height="746" frameX="-136" frameY="-97" frameWidth="655" frameHeight="844"/>
	<SubTexture name="Tabi_Cutscene0072" x="2066" y="1495" width="508" height="744" frameX="-136" frameY="-99" frameWidth="655" frameHeight="844"/>
	<SubTexture name="Tabi_Cutscene0073" x="2066" y="1495" width="508" height="744" frameX="-136" frameY="-99" frameWidth="655" frameHeight="844"/>
	<SubTexture name="Tabi_Cutscene0074" x="2574" y="1495" width="515" height="741" frameX="-136" frameY="-102" frameWidth="655" frameHeight="844"/>
	<SubTexture name="Tabi_Cutscene0075" x="2574" y="1495" width="515" height="741" frameX="-136" frameY="-102" frameWidth="655" frameHeight="844"/>
	<SubTexture name="Tabi_Cutscene0076" x="1043" y="1495" width="519" height="740" frameX="-136" frameY="-103" frameWidth="655" frameHeight="844"/>
	<SubTexture name="Tabi_Cutscene0077" x="1043" y="1495" width="519" height="740" frameX="-136" frameY="-103" frameWidth="655" frameHeight="844"/>
	<SubTexture name="Tabi_Cutscene0078" x="1043" y="1495" width="519" height="740" frameX="-136" frameY="-103" frameWidth="655" frameHeight="844"/>
	<SubTexture name="Tabi_Cutscene0079" x="1043" y="1495" width="519" height="740" frameX="-136" frameY="-103" frameWidth="655" frameHeight="844"/>
	<SubTexture name="Tabi_Cutscene0080" x="1043" y="1495" width="519" height="740" frameX="-136" frameY="-103" frameWidth="655" frameHeight="844"/>
	<SubTexture name="Tabi_Cutscene0081" x="1043" y="1495" width="519" height="740" frameX="-136" frameY="-103" frameWidth="655" frameHeight="844"/>
	<SubTexture name="Tabi_Cutscene0082" x="1562" y="1495" width="504" height="746" frameX="-136" frameY="-97" frameWidth="655" frameHeight="844"/>
	<SubTexture name="Tabi_Cutscene0083" x="2066" y="1495" width="508" height="744" frameX="-136" frameY="-99" frameWidth="655" frameHeight="844"/>
	<SubTexture name="Tabi_Cutscene0084" x="2066" y="1495" width="508" height="744" frameX="-136" frameY="-99" frameWidth="655" frameHeight="844"/>
	<SubTexture name="Tabi_Cutscene0085" x="2574" y="1495" width="515" height="741" frameX="-136" frameY="-102" frameWidth="655" frameHeight="844"/>
	<SubTexture name="Tabi_Cutscene0086" x="2574" y="1495" width="515" height="741" frameX="-136" frameY="-102" frameWidth="655" frameHeight="844"/>
	<SubTexture name="Tabi_Cutscene0087" x="1043" y="1495" width="519" height="740" frameX="-136" frameY="-103" frameWidth="655" frameHeight="844"/>
	<SubTexture name="Tabi_Cutscene0088" x="1043" y="1495" width="519" height="740" frameX="-136" frameY="-103" frameWidth="655" frameHeight="844"/>
	<SubTexture name="Tabi_Cutscene0089" x="1043" y="1495" width="519" height="740" frameX="-136" frameY="-103" frameWidth="655" frameHeight="844"/>
	<SubTexture name="Tabi_Cutscene0090" x="1043" y="1495" width="519" height="740" frameX="-136" frameY="-103" frameWidth="655" frameHeight="844"/>
	<SubTexture name="Tabi_Cutscene0091" x="1043" y="1495" width="519" height="740" frameX="-136" frameY="-103" frameWidth="655" frameHeight="844"/>
	<SubTexture name="Tabi_Cutscene0092" x="1043" y="1495" width="519" height="740" frameX="-136" frameY="-103" frameWidth="655" frameHeight="844"/>
	<SubTexture name="Tabi_Cutscene0093" x="1043" y="1495" width="519" height="740" frameX="-136" frameY="-103" frameWidth="655" frameHeight="844"/>
	<SubTexture name="Tabi_Cutscene0094" x="1562" y="1495" width="504" height="746" frameX="-136" frameY="-97" frameWidth="655" frameHeight="844"/>
	<SubTexture name="Tabi_Cutscene0095" x="2066" y="1495" width="508" height="744" frameX="-136" frameY="-99" frameWidth="655" frameHeight="844"/>
	<SubTexture name="Tabi_Cutscene0096" x="2066" y="1495" width="508" height="744" frameX="-136" frameY="-99" frameWidth="655" frameHeight="844"/>
	<SubTexture name="Tabi_Cutscene0097" x="2574" y="1495" width="515" height="741" frameX="-136" frameY="-102" frameWidth="655" frameHeight="844"/>
	<SubTexture name="Tabi_Cutscene0098" x="2574" y="1495" width="515" height="741" frameX="-136" frameY="-102" frameWidth="655" frameHeight="844"/>
	<SubTexture name="Tabi_Cutscene0099" x="1043" y="1495" width="519" height="740" frameX="-136" frameY="-103" frameWidth="655" frameHeight="844"/>
	<SubTexture name="Tabi_Cutscene0100" x="1043" y="1495" width="519" height="740" frameX="-136" frameY="-103" frameWidth="655" frameHeight="844"/>
	<SubTexture name="Tabi_Cutscene0101" x="1043" y="1495" width="519" height="740" frameX="-136" frameY="-103" frameWidth="655" frameHeight="844"/>
	<SubTexture name="Tabi_Cutscene0102" x="1043" y="1495" width="519" height="740" frameX="-136" frameY="-103" frameWidth="655" frameHeight="844"/>
	<SubTexture name="Tabi_Cutscene0103" x="1043" y="1495" width="519" height="740" frameX="-136" frameY="-103" frameWidth="655" frameHeight="844"/>
	<SubTexture name="Tabi_Cutscene0104" x="1043" y="1495" width="519" height="740" frameX="-136" frameY="-103" frameWidth="655" frameHeight="844"/>
	<SubTexture name="Tabi_Cutscene0105" x="1043" y="1495" width="519" height="740" frameX="-136" frameY="-103" frameWidth="655" frameHeight="844"/>
	<SubTexture name="Tabi_Cutscene0106" x="1043" y="1495" width="519" height="740" frameX="-136" frameY="-103" frameWidth="655" frameHeight="844"/>
	<SubTexture name="Tabi_Cutscene0107" x="1043" y="1495" width="519" height="740" frameX="-136" frameY="-103" frameWidth="655" frameHeight="844"/>
	<SubTexture name="Tabi_Cutscene0108" x="1043" y="1495" width="519" height="740" frameX="-136" frameY="-103" frameWidth="655" frameHeight="844"/>
	<SubTexture name="Tabi_Cutscene0109" x="1043" y="1495" width="519" height="740" frameX="-136" frameY="-103" frameWidth="655" frameHeight="844"/>
	<SubTexture name="Tabi_Cutscene0110" x="1043" y="1495" width="519" height="740" frameX="-136" frameY="-103" frameWidth="655" frameHeight="844"/>
	<SubTexture name="Tabi_Cutscene0111" x="1043" y="1495" width="519" height="740" frameX="-136" frameY="-103" frameWidth="655" frameHeight="844"/>
	<SubTexture name="Tabi_Cutscene0112" x="1043" y="1495" width="519" height="740" frameX="-136" frameY="-103" frameWidth="655" frameHeight="844"/>
	<SubTexture name="Tabi_Cutscene0113" x="1043" y="1495" width="519" height="740" frameX="-136" frameY="-103" frameWidth="655" frameHeight="844"/>
	<SubTexture name="Tabi_Cutscene0114" x="1043" y="1495" width="519" height="740" frameX="-136" frameY="-103" frameWidth="655" frameHeight="844"/>
	<SubTexture name="Tabi_Cutscene0115" x="1043" y="1495" width="519" height="740" frameX="-136" frameY="-103" frameWidth="655" frameHeight="844"/>
	<SubTexture name="Tabi_Cutscene0116" x="1043" y="1495" width="519" height="740" frameX="-136" frameY="-103" frameWidth="655" frameHeight="844"/>
	<SubTexture name="Tabi_Cutscene0117" x="3089" y="1495" width="519" height="740" frameX="-136" frameY="-103" frameWidth="655" frameHeight="844"/>
	<SubTexture name="Tabi_Cutscene0118" x="3089" y="1495" width="519" height="740" frameX="-136" frameY="-103" frameWidth="655" frameHeight="844"/>
	<SubTexture name="Tabi_Cutscene0119" x="5" y="2241" width="518" height="741" frameX="-136" frameY="-102" frameWidth="655" frameHeight="844"/>
	<SubTexture name="Tabi_Cutscene0120" x="523" y="2241" width="511" height="748" frameX="-136" frameY="-95" frameWidth="655" frameHeight="844"/>
	<SubTexture name="Tabi_Cutscene0121" x="523" y="2241" width="511" height="748" frameX="-136" frameY="-95" frameWidth="655" frameHeight="844"/>
	<SubTexture name="Tabi_Cutscene0122" x="1034" y="2241" width="461" height="838" frameX="-116" frameY="-6" frameWidth="655" frameHeight="844"/>
	<SubTexture name="Tabi_Cutscene0123" x="1034" y="2241" width="461" height="838" frameX="-116" frameY="-6" frameWidth="655" frameHeight="844"/>
	<SubTexture name="Tabi_Cutscene0124" x="1495" y="2241" width="462" height="844" frameX="-115" frameY="0" frameWidth="655" frameHeight="844"/>
	<SubTexture name="Tabi_Cutscene0125" x="1957" y="2241" width="462" height="844" frameX="-115" frameY="0" frameWidth="655" frameHeight="844"/>
	<SubTexture name="Tabi_Cutscene0126" x="1957" y="2241" width="462" height="844" frameX="-115" frameY="0" frameWidth="655" frameHeight="844"/>
	<SubTexture name="Tabi_Cutscene0127" x="1957" y="2241" width="462" height="844" frameX="-115" frameY="0" frameWidth="655" frameHeight="844"/>
	<SubTexture name="Tabi_Cutscene0128" x="1957" y="2241" width="462" height="844" frameX="-115" frameY="0" frameWidth="655" frameHeight="844"/>
	<SubTexture name="Tabi_Cutscene0129" x="1957" y="2241" width="462" height="844" frameX="-115" frameY="0" frameWidth="655" frameHeight="844"/>
	<SubTexture name="Tabi_Cutscene0130" x="2419" y="2241" width="462" height="844" frameX="-115" frameY="0" frameWidth="655" frameHeight="844"/>
	<SubTexture name="Tabi_Cutscene0131" x="2881" y="2241" width="461" height="842" frameX="-116" frameY="-2" frameWidth="655" frameHeight="844"/>
	<SubTexture name="Tabi_Cutscene0132" x="2881" y="2241" width="461" height="842" frameX="-116" frameY="-2" frameWidth="655" frameHeight="844"/>
	<SubTexture name="Tabi_Cutscene0133" x="3342" y="2241" width="512" height="624" frameX="-128" frameY="-217" frameWidth="655" frameHeight="844"/>
	<SubTexture name="Tabi_Cutscene0134" x="5" y="3085" width="516" height="616" frameX="-128" frameY="-225" frameWidth="655" frameHeight="844"/>
	<SubTexture name="Tabi_Cutscene0135" x="521" y="3085" width="518" height="616" frameX="-128" frameY="-225" frameWidth="655" frameHeight="844"/>
	<SubTexture name="Tabi_Cutscene0136" x="521" y="3085" width="518" height="616" frameX="-128" frameY="-225" frameWidth="655" frameHeight="844"/>
	<SubTexture name="Tabi_Cutscene0137" x="521" y="3085" width="518" height="616" frameX="-128" frameY="-225" frameWidth="655" frameHeight="844"/>
	<SubTexture name="Tabi_Cutscene0138" x="1039" y="3085" width="518" height="616" frameX="-128" frameY="-225" frameWidth="655" frameHeight="844"/>
	<SubTexture name="Tabi_Cutscene0139" x="1039" y="3085" width="518" height="616" frameX="-128" frameY="-225" frameWidth="655" frameHeight="844"/>
	<SubTexture name="Tabi_Cutscene0140" x="1557" y="3085" width="515" height="618" frameX="-128" frameY="-223" frameWidth="655" frameHeight="844"/>
	<SubTexture name="Tabi_Cutscene0141" x="1557" y="3085" width="515" height="618" frameX="-128" frameY="-223" frameWidth="655" frameHeight="844"/>
	<SubTexture name="Tabi_Cutscene0142" x="2072" y="3085" width="565" height="793" frameX="-16" frameY="-48" frameWidth="655" frameHeight="844"/>
	<SubTexture name="Tabi_Cutscene0143" x="2072" y="3085" width="565" height="793" frameX="-16" frameY="-48" frameWidth="655" frameHeight="844"/>
	<SubTexture name="Tabi_Cutscene0144" x="2637" y="3085" width="582" height="794" frameX="0" frameY="-47" frameWidth="655" frameHeight="844"/>
	<SubTexture name="Tabi_Cutscene0145" x="2637" y="3085" width="582" height="794" frameX="0" frameY="-47" frameWidth="655" frameHeight="844"/>
	<SubTexture name="Tabi_Cutscene0146" x="3219" y="3085" width="574" height="791" frameX="-8" frameY="-50" frameWidth="655" frameHeight="844"/>
	<SubTexture name="Tabi_Cutscene0147" x="3219" y="3085" width="574" height="791" frameX="-8" frameY="-50" frameWidth="655" frameHeight="844"/>
	<SubTexture name="Tabi_Cutscene0148" x="3219" y="3085" width="574" height="791" frameX="-8" frameY="-50" frameWidth="655" frameHeight="844"/>
	<SubTexture name="Tabi_Cutscene0149" x="3219" y="3085" width="574" height="791" frameX="-8" frameY="-50" frameWidth="655" frameHeight="844"/>
	<SubTexture name="Tabi_Cutscene0150" x="3219" y="3085" width="574" height="791" frameX="-8" frameY="-50" frameWidth="655" frameHeight="844"/>
	<SubTexture name="Tabi_Cutscene0151" x="3219" y="3085" width="574" height="791" frameX="-8" frameY="-50" frameWidth="655" frameHeight="844"/>
	<SubTexture name="Tabi_Cutscene0152" x="3219" y="3085" width="574" height="791" frameX="-8" frameY="-50" frameWidth="655" frameHeight="844"/>
	<SubTexture name="Tabi_Cutscene0153" x="3219" y="3085" width="574" height="791" frameX="-8" frameY="-50" frameWidth="655" frameHeight="844"/>
	<SubTexture name="Tabi_Cutscene0154" x="3219" y="3085" width="574" height="791" frameX="-8" frameY="-50" frameWidth="655" frameHeight="844"/>
	<SubTexture name="Tabi_Cutscene0155" x="3219" y="3085" width="574" height="791" frameX="-8" frameY="-50" frameWidth="655" frameHeight="844"/>
	<SubTexture name="Tabi_Cutscene0156" x="3219" y="3085" width="574" height="791" frameX="-8" frameY="-50" frameWidth="655" frameHeight="844"/>
	<SubTexture name="Tabi_Cutscene0157" x="3219" y="3085" width="574" height="791" frameX="-8" frameY="-50" frameWidth="655" frameHeight="844"/>
	<SubTexture name="Tabi_Cutscene0158" x="3219" y="3085" width="574" height="791" frameX="-8" frameY="-50" frameWidth="655" frameHeight="844"/>
	<SubTexture name="Tabi_Cutscene0159" x="3219" y="3085" width="574" height="791" frameX="-8" frameY="-50" frameWidth="655" frameHeight="844"/>
	<SubTexture name="Tabi_Cutscene0160" x="3219" y="3085" width="574" height="791" frameX="-8" frameY="-50" frameWidth="655" frameHeight="844"/>
	<SubTexture name="Tabi_Cutscene0161" x="3219" y="3085" width="574" height="791" frameX="-8" frameY="-50" frameWidth="655" frameHeight="844"/>
	<SubTexture name="Tabi_Cutscene0162" x="3219" y="3085" width="574" height="791" frameX="-8" frameY="-50" frameWidth="655" frameHeight="844"/>
	<SubTexture name="Tabi_Cutscene0163" x="3219" y="3085" width="574" height="791" frameX="-8" frameY="-50" frameWidth="655" frameHeight="844"/>
	<SubTexture name="Tabi_Cutscene0164" x="3219" y="3085" width="574" height="791" frameX="-8" frameY="-50" frameWidth="655" frameHeight="844"/>
	<SubTexture name="Tabi_Cutscene0165" x="3219" y="3085" width="574" height="791" frameX="-8" frameY="-50" frameWidth="655" frameHeight="844"/>
	<SubTexture name="Tabi_Cutscene0166" x="3219" y="3085" width="574" height="791" frameX="-8" frameY="-50" frameWidth="655" frameHeight="844"/>
	<SubTexture name="Tabi_Cutscene0167" x="3219" y="3085" width="574" height="791" frameX="-8" frameY="-50" frameWidth="655" frameHeight="844"/>
	<SubTexture name="Tabi_Cutscene0168" x="3219" y="3085" width="574" height="791" frameX="-8" frameY="-50" frameWidth="655" frameHeight="844"/>
	<SubTexture name="Tabi_Cutscene0169" x="3219" y="3085" width="574" height="791" frameX="-8" frameY="-50" frameWidth="655" frameHeight="844"/>
	<SubTexture name="Tabi_Cutscene0170" x="3219" y="3085" width="574" height="791" frameX="-8" frameY="-50" frameWidth="655" frameHeight="844"/>
	<SubTexture name="Tabi_Cutscene0171" x="3219" y="3085" width="574" height="791" frameX="-8" frameY="-50" frameWidth="655" frameHeight="844"/>
	<SubTexture name="Tabi_Cutscene0172" x="3219" y="3085" width="574" height="791" frameX="-8" frameY="-50" frameWidth="655" frameHeight="844"/>
	<SubTexture name="Tabi_Cutscene0173" x="5" y="3879" width="569" height="793" frameX="-13" frameY="-48" frameWidth="655" frameHeight="844"/>
	<SubTexture name="Tabi_Cutscene0174" x="5" y="3879" width="569" height="793" frameX="-13" frameY="-48" frameWidth="655" frameHeight="844"/>
	<SubTexture name="Tabi_Cutscene0175" x="5" y="3879" width="569" height="793" frameX="-13" frameY="-48" frameWidth="655" frameHeight="844"/>
	<SubTexture name="Tabi_Cutscene0176" x="574" y="3879" width="569" height="793" frameX="-13" frameY="-48" frameWidth="655" frameHeight="844"/>
	<SubTexture name="Tabi_Cutscene0177" x="1143" y="3879" width="566" height="770" frameX="-18" frameY="-71" frameWidth="655" frameHeight="844"/>
	<SubTexture name="Tabi_Cutscene0178" x="1143" y="3879" width="566" height="770" frameX="-18" frameY="-71" frameWidth="655" frameHeight="844"/>
	<SubTexture name="Tabi_Cutscene0179" x="1709" y="3879" width="566" height="770" frameX="-18" frameY="-71" frameWidth="655" frameHeight="844"/>
	<SubTexture name="Tabi_Cutscene0180" x="2275" y="3879" width="563" height="782" frameX="-19" frameY="-59" frameWidth="655" frameHeight="844"/>
	<SubTexture name="Tabi_Cutscene0181" x="2838" y="3879" width="563" height="784" frameX="-19" frameY="-57" frameWidth="655" frameHeight="844"/>
	<SubTexture name="Tabi_Cutscene0182" x="2838" y="3879" width="563" height="784" frameX="-19" frameY="-57" frameWidth="655" frameHeight="844"/>
	<SubTexture name="Tabi_Cutscene0183" x="2838" y="3879" width="563" height="784" frameX="-19" frameY="-57" frameWidth="655" frameHeight="844"/>
	<SubTexture name="Tabi_Cutscene0184" x="2838" y="3879" width="563" height="784" frameX="-19" frameY="-57" frameWidth="655" frameHeight="844"/>
	<SubTexture name="Tabi_Cutscene0185" x="2838" y="3879" width="563" height="784" frameX="-19" frameY="-57" frameWidth="655" frameHeight="844"/>
	<SubTexture name="Tabi_Cutscene0186" x="2838" y="3879" width="563" height="784" frameX="-19" frameY="-57" frameWidth="655" frameHeight="844"/>
	<SubTexture name="Tabi_Cutscene0187" x="2838" y="3879" width="563" height="784" frameX="-19" frameY="-57" frameWidth="655" frameHeight="844"/>
	<SubTexture name="Tabi_Cutscene0188" x="2838" y="3879" width="563" height="784" frameX="-19" frameY="-57" frameWidth="655" frameHeight="844"/>
	<SubTexture name="Tabi_Cutscene0189" x="2838" y="3879" width="563" height="784" frameX="-19" frameY="-57" frameWidth="655" frameHeight="844"/>
	<SubTexture name="Tabi_Cutscene0190" x="2838" y="3879" width="563" height="784" frameX="-19" frameY="-57" frameWidth="655" frameHeight="844"/>
	<SubTexture name="Tabi_Cutscene0191" x="2838" y="3879" width="563" height="784" frameX="-19" frameY="-57" frameWidth="655" frameHeight="844"/>
	<SubTexture name="Tabi_Cutscene0192" x="2838" y="3879" width="563" height="784" frameX="-19" frameY="-57" frameWidth="655" frameHeight="844"/>
	<SubTexture name="Tabi_Cutscene0193" x="2838" y="3879" width="563" height="784" frameX="-19" frameY="-57" frameWidth="655" frameHeight="844"/>
	<SubTexture name="Tabi_Cutscene0194" x="2838" y="3879" width="563" height="784" frameX="-19" frameY="-57" frameWidth="655" frameHeight="844"/>
	<SubTexture name="Tabi_Cutscene0195" x="2838" y="3879" width="563" height="784" frameX="-19" frameY="-57" frameWidth="655" frameHeight="844"/>
	<SubTexture name="Tabi_Cutscene0196" x="2838" y="3879" width="563" height="784" frameX="-19" frameY="-57" frameWidth="655" frameHeight="844"/>
	<SubTexture name="Tabi_Cutscene0197" x="2838" y="3879" width="563" height="784" frameX="-19" frameY="-57" frameWidth="655" frameHeight="844"/>
	<SubTexture name="Tabi_Cutscene0198" x="2838" y="3879" width="563" height="784" frameX="-19" frameY="-57" frameWidth="655" frameHeight="844"/>
	<SubTexture name="Tabi_Cutscene0199" x="2838" y="3879" width="563" height="784" frameX="-19" frameY="-57" frameWidth="655" frameHeight="844"/>
</TextureAtlas>
