{"song":{"player2":"dad","player1":"bf","speed":1.7000000000000002,"needsVoices":true,"sectionLengths":[],"song":"Where-are-you","notes":[{"mustHitSection":true,"typeOfSection":0,"lengthInSteps":16,"sectionNotes":[]},{"mustHitSection":true,"typeOfSection":0,"lengthInSteps":16,"sectionNotes":[]},{"mustHitSection":false,"typeOfSection":0,"lengthInSteps":16,"sectionNotes":[[3200,1,0],[3400,1,0],[3600,2,0],[3800,0,0],[4000,3,225],[4400,2,0],[4600,1,0]]},{"mustHitSection":false,"typeOfSection":0,"lengthInSteps":16,"sectionNotes":[[4800,3,0],[5000,2,0],[5400,0,0]]},{"mustHitSection":false,"typeOfSection":0,"lengthInSteps":16,"sectionNotes":[[6400,0,0],[6600,3,0],[6800,1,0],[7000,1,0],[7200,2,0],[7600,2,0],[7800,0,0]]},{"mustHitSection":false,"typeOfSection":0,"lengthInSteps":16,"sectionNotes":[[8000,1,0],[8200,0,0],[8400,3,0],[8600,1,0],[8800,2,525]]},{"mustHitSection":true,"typeOfSection":0,"lengthInSteps":16,"sectionNotes":[[9600,1,0],[9800,1,0],[10000,2,0],[10200,0,0],[10400,3,225],[10800,2,0],[11000,1,0]]},{"mustHitSection":true,"typeOfSection":0,"lengthInSteps":16,"sectionNotes":[[11200,3,0],[11400,2,225],[11800,0,0]]},{"mustHitSection":true,"typeOfSection":0,"lengthInSteps":16,"sectionNotes":[[12800,0,0],[13000,3,0],[13200,1,0],[13400,1,0],[13600,2,0],[14000,2,0],[14200,0,0]]},{"mustHitSection":true,"typeOfSection":0,"lengthInSteps":16,"sectionNotes":[[14400,1,0],[14600,0,0],[14800,3,0],[15000,1,0],[15200,2,525]]},{"mustHitSection":false,"typeOfSection":0,"lengthInSteps":16,"sectionNotes":[[16000,3,0],[16200,2,0],[16400,3,0],[16600,1,0],[16800,0,0],[17200,1,0],[17400,0,0]]},{"mustHitSection":false,"typeOfSection":0,"lengthInSteps":16,"sectionNotes":[[17600,2,0],[17800,1,200],[18200,3,0]]},{"mustHitSection":false,"typeOfSection":0,"lengthInSteps":16,"sectionNotes":[[19200,2,0],[19400,3,0],[19600,1,0],[19800,0,0],[20000,1,0],[20400,0,0],[20600,2,0]]},{"mustHitSection":false,"typeOfSection":0,"lengthInSteps":16,"sectionNotes":[[20800,1,0],[21000,0,0],[21400,1,0],[21800,1,0],[22000,2,0],[22200,3,0]]},{"mustHitSection":true,"typeOfSection":0,"lengthInSteps":16,"sectionNotes":[[22400,3,0],[22600,2,0],[22800,3,0],[23000,1,0],[23200,0,0],[23600,1,0],[23800,0,0]]},{"mustHitSection":true,"typeOfSection":0,"lengthInSteps":16,"sectionNotes":[[24000,2,0],[24200,1,200],[24600,3,0]]},{"mustHitSection":true,"typeOfSection":0,"lengthInSteps":16,"sectionNotes":[[25600,2,0],[25800,3,0],[26000,1,0],[26200,0,0],[26400,1,0],[26600,0,0],[26800,2,0],[27000,3,1600]]},{"mustHitSection":true,"typeOfSection":0,"lengthInSteps":16,"sectionNotes":[]},{"mustHitSection":false,"typeOfSection":0,"lengthInSteps":16,"sectionNotes":[[28800,3,0],[29200,2,0],[29400,1,0],[29600,0,0],[29000,1,0]]},{"mustHitSection":false,"typeOfSection":0,"lengthInSteps":16,"sectionNotes":[[30400,1,0],[30600,3,0],[31000,0,0],[31800,0,0]]},{"mustHitSection":false,"typeOfSection":0,"lengthInSteps":16,"sectionNotes":[[32000,1,250],[32400,0,0],[32800,3,250],[33200,2,0],[33400,0,0]]},{"mustHitSection":false,"typeOfSection":0,"lengthInSteps":16,"sectionNotes":[[33800,1,300]]},{"mustHitSection":true,"typeOfSection":0,"lengthInSteps":16,"sectionNotes":[[35200,3,0],[35600,2,0],[35800,1,0],[36000,0,0],[35400,1,0]]},{"mustHitSection":true,"typeOfSection":0,"lengthInSteps":16,"sectionNotes":[[36800,1,0],[37400,0,0],[38200,0,0],[37000,3,200]]},{"mustHitSection":true,"typeOfSection":0,"lengthInSteps":16,"sectionNotes":[[38400,1,250],[38800,0,0],[39600,2,0],[39800,0,0],[39000,3,450]]},{"mustHitSection":true,"typeOfSection":0,"lengthInSteps":16,"sectionNotes":[[40200,1,800]]},{"mustHitSection":false,"typeOfSection":0,"lengthInSteps":16,"sectionNotes":[[41600,3,0],[42000,2,0],[42200,1,0],[42400,0,0],[41800,1,0]]},{"mustHitSection":false,"typeOfSection":0,"lengthInSteps":16,"sectionNotes":[[43200,1,0],[43400,3,0],[43800,0,0],[44600,0,0]]},{"mustHitSection":false,"typeOfSection":0,"lengthInSteps":16,"sectionNotes":[[44800,1,250],[45200,0,0],[45600,3,250],[46000,2,0],[46200,0,0]]},{"mustHitSection":false,"typeOfSection":0,"lengthInSteps":16,"sectionNotes":[[46600,1,300]]},{"mustHitSection":true,"typeOfSection":0,"lengthInSteps":16,"sectionNotes":[[48000,3,0],[48400,2,0],[48600,1,0],[48800,0,0],[48200,1,0],[49400,0,0]]},{"mustHitSection":true,"typeOfSection":0,"lengthInSteps":16,"sectionNotes":[[49600,1,0],[50200,0,0],[51000,0,0],[49800,3,200]]},{"lengthInSteps":16,"bpm":100,"changeBPM":false,"mustHitSection":true,"sectionNotes":[[51200,1,250],[51600,0,0],[51800,3,250],[52200,2,250],[52600,0,250]],"typeOfSection":0},{"lengthInSteps":16,"bpm":100,"changeBPM":false,"mustHitSection":true,"sectionNotes":[[53000,1,650],[53800,0,0],[54000,1,0],[54200,2,0],[53800,4,0],[54000,5,0],[54200,6,0]],"typeOfSection":0,"altAnim":false},{"lengthInSteps":16,"bpm":100,"changeBPM":false,"mustHitSection":false,"sectionNotes":[[54400,3,0],[54600,2,0],[54800,0,0],[55000,1,0],[55200,3,0],[55400,1,0],[55600,2,0],[55800,0,0],[54400,7,0],[54600,5,0],[54800,4,0],[55000,5,0],[55200,7,0],[55400,5,0],[55600,6,0],[55800,4,0]],"typeOfSection":0,"altAnim":false},{"lengthInSteps":16,"bpm":150,"changeBPM":false,"mustHitSection":false,"sectionNotes":[[56000,2,0],[56200,3,0],[56400,1,0],[56600,3,0],[56800,2,0],[57000,1,150],[57300,1,150],[56000,6,0],[56200,7,0],[56400,5,0],[56600,7,0],[56800,6,0],[57000,5,150],[57300,5,150]],"typeOfSection":0,"altAnim":false},{"lengthInSteps":16,"bpm":150,"changeBPM":false,"mustHitSection":false,"sectionNotes":[[57600,0,350],[58600,0,150],[58900,1,0],[57600,4,350],[58600,4,150],[58900,5,0]],"typeOfSection":0,"altAnim":false},{"lengthInSteps":16,"bpm":150,"changeBPM":false,"mustHitSection":false,"sectionNotes":[[59200,0,350],[59200,4,350],[60200,4,0],[60400,5,0],[60600,6,0],[60200,0,0],[60400,1,0],[60600,2,0]],"typeOfSection":0,"altAnim":false},{"lengthInSteps":16,"bpm":150,"changeBPM":false,"mustHitSection":true,"sectionNotes":[[60800,3,0],[61000,2,0],[61200,0,0],[61400,1,0],[61600,3,0],[61800,1,0],[62000,2,0],[62200,0,0],[60800,7,0],[61000,5,0],[61200,4,0],[61400,5,0],[61600,7,0],[61800,5,0],[62000,6,0],[62200,4,0]],"typeOfSection":0,"altAnim":false},{"lengthInSteps":16,"bpm":150,"changeBPM":false,"mustHitSection":true,"sectionNotes":[[62400,2,0],[62600,3,0],[62800,1,0],[63000,3,0],[63200,2,0],[63400,1,150],[62400,6,0],[62600,7,0],[62800,5,0],[63000,7,0],[63200,6,0],[63400,5,150],[63800,3,250],[63800,7,250]],"typeOfSection":0,"altAnim":false},{"lengthInSteps":16,"bpm":150,"changeBPM":false,"mustHitSection":true,"sectionNotes":[[65000,3,0],[65300,2,0]],"typeOfSection":0,"altAnim":false},{"lengthInSteps":16,"bpm":150,"changeBPM":false,"mustHitSection":true,"sectionNotes":[[65600,0,250]],"typeOfSection":0,"altAnim":false},{"lengthInSteps":16,"bpm":150,"changeBPM":false,"mustHitSection":false,"sectionNotes":[[67200,1,0],[67400,1,0],[67600,2,0],[67800,0,0],[68000,3,225],[68400,2,0],[68600,1,0]],"typeOfSection":0,"altAnim":false},{"lengthInSteps":16,"bpm":150,"changeBPM":false,"mustHitSection":false,"sectionNotes":[[68800,3,0],[69000,2,0],[69400,0,0]],"typeOfSection":0,"altAnim":false},{"lengthInSteps":16,"bpm":150,"changeBPM":false,"mustHitSection":false,"sectionNotes":[[70400,0,0],[70600,3,0],[70800,1,0],[71000,1,0],[71200,2,0],[71600,2,0],[71800,0,0]],"typeOfSection":0,"altAnim":false},{"lengthInSteps":16,"bpm":150,"changeBPM":false,"mustHitSection":false,"sectionNotes":[[72000,1,0],[72200,0,0],[72400,3,0],[72600,1,0],[72800,2,525]],"typeOfSection":0,"altAnim":false},{"lengthInSteps":16,"bpm":150,"changeBPM":false,"mustHitSection":false,"sectionNotes":[[73600,3,0],[74000,2,0],[74200,1,0],[74400,0,0],[73800,1,0]],"typeOfSection":0,"altAnim":false},{"lengthInSteps":16,"bpm":150,"changeBPM":false,"mustHitSection":false,"sectionNotes":[[75200,1,0],[75400,3,0],[75800,0,0],[76600,0,0]],"typeOfSection":0,"altAnim":false},{"lengthInSteps":16,"bpm":150,"changeBPM":false,"mustHitSection":false,"sectionNotes":[[76800,1,250],[77200,0,0],[77600,3,250],[78000,2,0],[78200,0,0]],"typeOfSection":0,"altAnim":false},{"lengthInSteps":16,"bpm":150,"changeBPM":false,"mustHitSection":false,"sectionNotes":[[78600,1,300]],"typeOfSection":0,"altAnim":false},{"lengthInSteps":16,"bpm":150,"changeBPM":false,"mustHitSection":true,"sectionNotes":[[80000,3,0],[80200,2,0],[80400,3,0],[80600,1,0],[80800,0,0],[81200,1,0],[81400,0,0]],"typeOfSection":0,"altAnim":false},{"lengthInSteps":16,"bpm":150,"changeBPM":false,"mustHitSection":true,"sectionNotes":[[81600,2,0],[81800,1,200],[82200,3,0]],"typeOfSection":0,"altAnim":false},{"lengthInSteps":16,"bpm":150,"changeBPM":false,"mustHitSection":true,"sectionNotes":[[83200,2,0],[83400,3,0],[83600,1,0],[83800,0,0],[84000,1,0],[84400,0,0],[84600,2,0]],"typeOfSection":0,"altAnim":false},{"lengthInSteps":16,"bpm":150,"changeBPM":false,"mustHitSection":true,"sectionNotes":[[84800,1,0],[85000,0,0],[85200,3,0],[85400,1,0],[85600,2,525]],"typeOfSection":0,"altAnim":false},{"lengthInSteps":16,"bpm":150,"changeBPM":false,"mustHitSection":true,"sectionNotes":[[86400,3,0],[86800,2,0],[87000,1,0],[87200,0,0],[86600,1,0]],"typeOfSection":0,"altAnim":false},{"lengthInSteps":16,"bpm":150,"changeBPM":false,"mustHitSection":true,"sectionNotes":[[88000,1,0],[88600,0,0],[89400,0,0],[88200,3,250]],"typeOfSection":0,"altAnim":false},{"lengthInSteps":16,"bpm":150,"changeBPM":false,"mustHitSection":true,"sectionNotes":[[89600,1,250],[90000,0,0],[90800,2,0],[90200,3,450],[91000,0,200]],"typeOfSection":0,"altAnim":false},{"lengthInSteps":16,"bpm":150,"changeBPM":false,"mustHitSection":true,"sectionNotes":[[91400,1,800]],"typeOfSection":0,"altAnim":false},{"lengthInSteps":16,"bpm":150,"changeBPM":false,"mustHitSection":false,"sectionNotes":[[92800,3,0],[93200,2,0],[93400,1,0],[93600,0,0],[93000,1,0]],"typeOfSection":0,"altAnim":false},{"lengthInSteps":16,"bpm":150,"changeBPM":false,"mustHitSection":false,"sectionNotes":[[94400,1,0],[94600,3,0],[95000,0,0],[95800,0,0]],"typeOfSection":0,"altAnim":false},{"lengthInSteps":16,"bpm":150,"changeBPM":false,"mustHitSection":false,"sectionNotes":[[96000,1,250],[96400,0,0],[96800,3,250],[97200,2,0],[97400,0,0]],"typeOfSection":0,"altAnim":false},{"lengthInSteps":16,"bpm":150,"changeBPM":false,"mustHitSection":false,"sectionNotes":[[97800,1,300]],"typeOfSection":0,"altAnim":false},{"lengthInSteps":16,"bpm":150,"changeBPM":false,"mustHitSection":false,"sectionNotes":[[99200,3,0],[99200,0,0],[99400,2,0],[99600,0,0],[99600,1,0],[99800,1,0],[100000,3,0],[100000,1,0],[100400,2,0],[100600,1,0],[100600,2,0]],"typeOfSection":0,"altAnim":false},{"lengthInSteps":16,"bpm":150,"changeBPM":false,"mustHitSection":false,"sectionNotes":[[100800,0,0],[101000,2,250],[101400,3,0],[101400,0,0]],"typeOfSection":0,"altAnim":false},{"lengthInSteps":16,"bpm":150,"changeBPM":false,"mustHitSection":false,"sectionNotes":[[102400,1,0],[102600,1,0],[102800,0,0],[103000,2,0],[103200,3,0],[103600,3,0],[103800,0,0],[102600,2,0],[102800,2,0],[103000,1,0],[103200,1,0]],"typeOfSection":0,"altAnim":false},{"lengthInSteps":16,"bpm":150,"changeBPM":false,"mustHitSection":false,"sectionNotes":[[104000,1,0],[104000,0,0],[104000,2,0],[104200,1,0],[104600,3,0],[104600,2,0],[104600,1,0],[105000,0,0],[105000,1,0],[105000,2,0],[105000,3,0],[105200,3,0],[105200,2,0],[105200,1,0],[105200,0,0],[105400,0,0],[105400,1,0],[105400,2,0],[105400,3,0]],"typeOfSection":0,"altAnim":false},{"lengthInSteps":16,"bpm":150,"changeBPM":false,"mustHitSection":true,"sectionNotes":[[105600,3,0],[105600,0,0],[105800,2,0],[106000,0,0],[106000,1,0],[106200,1,0],[106800,2,0],[107000,1,0],[107000,2,0],[106400,1,250],[106400,3,250]],"typeOfSection":0,"altAnim":false},{"lengthInSteps":16,"bpm":150,"changeBPM":false,"mustHitSection":true,"sectionNotes":[[107200,0,0],[107400,2,250],[107800,0,0],[107800,1,0]],"typeOfSection":0,"altAnim":false},{"lengthInSteps":16,"bpm":150,"changeBPM":false,"mustHitSection":true,"sectionNotes":[[108800,3,0],[109000,2,0],[109000,1,0],[109200,0,0],[109200,3,0],[109400,1,0],[109400,0,0],[109600,3,0],[109600,2,0],[109600,1,0],[109600,0,0],[109800,3,0],[109800,2,0],[109800,1,0],[109800,0,0],[110000,1,0],[110000,2,0],[110200,2,1600]],"typeOfSection":0,"altAnim":false},{"lengthInSteps":16,"bpm":150,"changeBPM":false,"mustHitSection":true,"sectionNotes":[],"typeOfSection":0,"altAnim":false},{"lengthInSteps":16,"bpm":150,"changeBPM":false,"mustHitSection":true,"sectionNotes":[],"typeOfSection":0,"altAnim":false},{"lengthInSteps":16,"bpm":150,"changeBPM":false,"mustHitSection":true,"sectionNotes":[],"typeOfSection":0,"altAnim":false},{"lengthInSteps":16,"bpm":150,"changeBPM":false,"mustHitSection":true,"sectionNotes":[],"typeOfSection":0,"altAnim":false}],"bpm":150,"sections":0,"validScore":true,"mania":0}}