{"name":null,"assets":"aoy4:pathy50:assets%2Fweek3%2Fimages%2Fphilly%2FbehindTrain.pngy4:sizei51391y4:typey5:IMAGEy2:idR1y7:preloadtgoR0y43:assets%2Fweek3%2Fimages%2Fphilly%2Fcity.pngR2i167048R3R4R5R7R6tgoR0y42:assets%2Fweek3%2Fimages%2Fphilly%2Fsky.pngR2i438577R3R4R5R8R6tgoR0y45:assets%2Fweek3%2Fimages%2Fphilly%2Fstreet.pngR2i146849R3R4R5R9R6tgoR0y44:assets%2Fweek3%2Fimages%2Fphilly%2Ftrain.pngR2i186831R3R4R5R10R6tgoR0y43:assets%2Fweek3%2Fimages%2Fphilly%2Fwin0.pngR2i30819R3R4R5R11R6tgoR0y43:assets%2Fweek3%2Fimages%2Fphilly%2Fwin1.pngR2i30568R3R4R5R12R6tgoR0y43:assets%2Fweek3%2Fimages%2Fphilly%2Fwin2.pngR2i31185R3R4R5R13R6tgoR0y43:assets%2Fweek3%2Fimages%2Fphilly%2Fwin3.pngR2i30319R3R4R5R14R6tgoR0y43:assets%2Fweek3%2Fimages%2Fphilly%2Fwin4.pngR2i31128R3R4R5R15R6tgoR0y46:assets%2Fweek3%2Fimages%2FPico_FNF_assetss.pngR2i1750438R3R4R5R16R6tgoR0y46:assets%2Fweek3%2Fimages%2FPico_FNF_assetss.xmlR2i24093R3y4:TEXTR5R17R6tgoR0y37:assets%2Fweek3%2Fweek3_stuff_here.txtR2zR3R18R5R19R6tgh","rootPath":"../","version":2,"libraryArgs":[],"libraryType":null}