{"name":null,"assets":"aoy4:pathy53:assets%2Fweek5%2Fimages%2Fchristmas%2FbfChristmas.pngy4:sizei484746y4:typey5:IMAGEy2:idR1y7:preloadtgoR0y53:assets%2Fweek5%2Fimages%2Fchristmas%2FbfChristmas.xmlR2i41586R3y4:TEXTR5R7R6tgoR0y53:assets%2Fweek5%2Fimages%2Fchristmas%2FbgEscalator.pngR2i166108R3R4R5R9R6tgoR0y49:assets%2Fweek5%2Fimages%2Fchristmas%2FbgWalls.pngR2i935132R3R4R5R10R6tgoR0y51:assets%2Fweek5%2Fimages%2Fchristmas%2FbottomBop.pngR2i1009627R3R4R5R11R6tgoR0y51:assets%2Fweek5%2Fimages%2Fchristmas%2FbottomBop.xmlR2i2276R3R8R5R12R6tgoR0y55:assets%2Fweek5%2Fimages%2Fchristmas%2FchristmasTree.pngR2i69663R3R4R5R13R6tgoR0y55:assets%2Fweek5%2Fimages%2Fchristmas%2FchristmasWall.pngR2i840246R3R4R5R14R6tgoR0y48:assets%2Fweek5%2Fimages%2Fchristmas%2FevilBG.pngR2i1230014R3R4R5R15R6tgoR0y50:assets%2Fweek5%2Fimages%2Fchristmas%2FevilSnow.pngR2i17859R3R4R5R16R6tgoR0y50:assets%2Fweek5%2Fimages%2Fchristmas%2FevilTree.pngR2i115115R3R4R5R17R6tgoR0y48:assets%2Fweek5%2Fimages%2Fchristmas%2FfgSnow.pngR2i10538R3R4R5R18R6tgoR0y53:assets%2Fweek5%2Fimages%2Fchristmas%2FgfChristmas.pngR2i4845151R3R4R5R19R6tgoR0y53:assets%2Fweek5%2Fimages%2Fchristmas%2FgfChristmas.xmlR2i23084R3R8R5R20R6tgoR0y66:assets%2Fweek5%2Fimages%2Fchristmas%2Fmom_dad_christmas_assets.pngR2i5065188R3R4R5R21R6tgoR0y66:assets%2Fweek5%2Fimages%2Fchristmas%2Fmom_dad_christmas_assets.xmlR2i19356R3R8R5R22R6tgoR0y58:assets%2Fweek5%2Fimages%2Fchristmas%2FmonsterChristmas.pngR2i872256R3R4R5R23R6tgoR0y58:assets%2Fweek5%2Fimages%2Fchristmas%2FmonsterChristmas.xmlR2i14973R3R8R5R24R6tgoR0y47:assets%2Fweek5%2Fimages%2Fchristmas%2Fsanta.pngR2i1066130R3R4R5R25R6tgoR0y47:assets%2Fweek5%2Fimages%2Fchristmas%2Fsanta.xmlR2i2232R3R8R5R26R6tgoR0y50:assets%2Fweek5%2Fimages%2Fchristmas%2FupperBop.pngR2i645807R3R4R5R27R6tgoR0y50:assets%2Fweek5%2Fimages%2Fchristmas%2FupperBop.xmlR2i2046R3R8R5R28R6tgoR0y37:assets%2Fweek5%2Fweek5_stuff_here.txtR2zR3R8R5R29R6tgh","rootPath":"../","version":2,"libraryArgs":[],"libraryType":null}