{"name":null,"assets":"aoy4:pathy39:assets%2Fweek7%2Fimages%2FsmokeLeft.pngy4:sizei2615625y4:typey5:IMAGEy2:idR1y7:preloadtgoR0y39:assets%2Fweek7%2Fimages%2FsmokeLeft.xmlR2i7524R3y4:TEXTR5R7R6tgoR0y40:assets%2Fweek7%2Fimages%2FsmokeRight.pngR2i2743731R3R4R5R9R6tgoR0y40:assets%2Fweek7%2Fimages%2FsmokeRight.xmlR2i7387R3R8R5R10R6tgoR0y35:assets%2Fweek7%2Fimages%2Ftank0.pngR2i163930R3R4R5R11R6tgoR0y35:assets%2Fweek7%2Fimages%2Ftank0.xmlR2i2394R3R8R5R12R6tgoR0y35:assets%2Fweek7%2Fimages%2Ftank1.pngR2i65561R3R4R5R13R6tgoR0y35:assets%2Fweek7%2Fimages%2Ftank1.xmlR2i2412R3R8R5R14R6tgoR0y35:assets%2Fweek7%2Fimages%2Ftank2.pngR2i131136R3R4R5R15R6tgoR0y35:assets%2Fweek7%2Fimages%2Ftank2.xmlR2i2324R3R8R5R16R6tgoR0y35:assets%2Fweek7%2Fimages%2Ftank3.pngR2i83127R3R4R5R17R6tgoR0y35:assets%2Fweek7%2Fimages%2Ftank3.xmlR2i2414R3R8R5R18R6tgoR0y35:assets%2Fweek7%2Fimages%2Ftank4.pngR2i209644R3R4R5R19R6tgoR0y35:assets%2Fweek7%2Fimages%2Ftank4.xmlR2i2382R3R8R5R20R6tgoR0y35:assets%2Fweek7%2Fimages%2Ftank5.pngR2i162778R3R4R5R21R6tgoR0y35:assets%2Fweek7%2Fimages%2Ftank5.xmlR2i2398R3R8R5R22R6tgoR0y43:assets%2Fweek7%2Fimages%2FtankBuildings.pngR2i62112R3R4R5R23R6tgoR0y40:assets%2Fweek7%2Fimages%2FtankClouds.pngR2i13802R3R4R5R24R6tgoR0y40:assets%2Fweek7%2Fimages%2FtankGround.pngR2i165892R3R4R5R25R6tgoR0y44:assets%2Fweek7%2Fimages%2FtankmanKilled1.pngR2i1741018R3R4R5R26R6tgoR0y44:assets%2Fweek7%2Fimages%2FtankmanKilled1.xmlR2i7724R3R8R5R27R6tgoR0y43:assets%2Fweek7%2Fimages%2FtankMountains.pngR2i93801R3R4R5R28R6tgoR0y41:assets%2Fweek7%2Fimages%2FtankRolling.pngR2i149661R3R4R5R29R6tgoR0y41:assets%2Fweek7%2Fimages%2FtankRolling.xmlR2i613R3R8R5R30R6tgoR0y39:assets%2Fweek7%2Fimages%2FtankRuins.pngR2i546944R3R4R5R31R6tgoR0y37:assets%2Fweek7%2Fimages%2FtankSky.pngR2i30009R3R4R5R32R6tgoR0y44:assets%2Fweek7%2Fimages%2FtankWatchtower.pngR2i237559R3R4R5R33R6tgoR0y44:assets%2Fweek7%2Fimages%2FtankWatchtower.xmlR2i2460R3R8R5R34R6tgoR2i872640R3y5:MUSICR5y37:assets%2Fweek7%2Fmusic%2FDISTORTO.mp3y9:pathGroupaR36hR6tgoR2i7656R3R35R5y36:assets%2Fweek7%2Fsounds%2FbfBeep.mp3R37aR38hR6tgoR2i66857R3R35R5y59:assets%2Fweek7%2Fsounds%2FjeffGameover%2FjeffGameover-1.mp3R37aR39hR6tgoR2i50955R3R35R5y60:assets%2Fweek7%2Fsounds%2FjeffGameover%2FjeffGameover-10.mp3R37aR40hR6tgoR2i72883R3R35R5y60:assets%2Fweek7%2Fsounds%2FjeffGameover%2FjeffGameover-11.mp3R37aR41hR6tgoR2i40694R3R35R5y60:assets%2Fweek7%2Fsounds%2FjeffGameover%2FjeffGameover-12.mp3R37aR42hR6tgoR2i106166R3R35R5y60:assets%2Fweek7%2Fsounds%2FjeffGameover%2FjeffGameover-13.mp3R37aR43hR6tgoR2i56160R3R35R5y60:assets%2Fweek7%2Fsounds%2FjeffGameover%2FjeffGameover-14.mp3R37aR44hR6tgoR2i65167R3R35R5y60:assets%2Fweek7%2Fsounds%2FjeffGameover%2FjeffGameover-15.mp3R37aR45hR6tgoR2i26593R3R35R5y60:assets%2Fweek7%2Fsounds%2FjeffGameover%2FjeffGameover-16.mp3R37aR46hR6tgoR2i59393R3R35R5y60:assets%2Fweek7%2Fsounds%2FjeffGameover%2FjeffGameover-17.mp3R37aR47hR6tgoR2i95792R3R35R5y60:assets%2Fweek7%2Fsounds%2FjeffGameover%2FjeffGameover-18.mp3R37aR48hR6tgoR2i68103R3R35R5y60:assets%2Fweek7%2Fsounds%2FjeffGameover%2FjeffGameover-19.mp3R37aR49hR6tgoR2i69808R3R35R5y59:assets%2Fweek7%2Fsounds%2FjeffGameover%2FjeffGameover-2.mp3R37aR50hR6tgoR2i80735R3R35R5y60:assets%2Fweek7%2Fsounds%2FjeffGameover%2FjeffGameover-20.mp3R37aR51hR6tgoR2i41325R3R35R5y60:assets%2Fweek7%2Fsounds%2FjeffGameover%2FjeffGameover-21.mp3R37aR52hR6tgoR2i62399R3R35R5y60:assets%2Fweek7%2Fsounds%2FjeffGameover%2FjeffGameover-22.mp3R37aR53hR6tgoR2i51085R3R35R5y60:assets%2Fweek7%2Fsounds%2FjeffGameover%2FjeffGameover-23.mp3R37aR54hR6tgoR2i55041R3R35R5y60:assets%2Fweek7%2Fsounds%2FjeffGameover%2FjeffGameover-24.mp3R37aR55hR6tgoR2i105326R3R35R5y60:assets%2Fweek7%2Fsounds%2FjeffGameover%2FjeffGameover-25.mp3R37aR56hR6tgoR2i68342R3R35R5y59:assets%2Fweek7%2Fsounds%2FjeffGameover%2FjeffGameover-3.mp3R37aR57hR6tgoR2i74720R3R35R5y59:assets%2Fweek7%2Fsounds%2FjeffGameover%2FjeffGameover-4.mp3R37aR58hR6tgoR2i51076R3R35R5y59:assets%2Fweek7%2Fsounds%2FjeffGameover%2FjeffGameover-5.mp3R37aR59hR6tgoR2i50948R3R35R5y59:assets%2Fweek7%2Fsounds%2FjeffGameover%2FjeffGameover-6.mp3R37aR60hR6tgoR2i60858R3R35R5y59:assets%2Fweek7%2Fsounds%2FjeffGameover%2FjeffGameover-7.mp3R37aR61hR6tgoR2i53059R3R35R5y59:assets%2Fweek7%2Fsounds%2FjeffGameover%2FjeffGameover-8.mp3R37aR62hR6tgoR2i47561R3R35R5y59:assets%2Fweek7%2Fsounds%2FjeffGameover%2FjeffGameover-9.mp3R37aR63hR6tgoR2i83715R3R35R5y37:assets%2Fweek7%2Fsounds%2FkillYou.mp3R37aR64hR6tgoR2i813610R3R35R5y41:assets%2Fweek7%2Fsounds%2Fsong3censor.mp3R37aR65hR6tgoR2i859992R3R35R5y44:assets%2Fweek7%2Fsounds%2FstressCutscene.mp3R37aR66hR6tgoR2i148322R3R35R5y39:assets%2Fweek7%2Fsounds%2FtankSong2.mp3R37aR67hR6tgoR2i40176R3R35R5y42:assets%2Fweek7%2Fsounds%2FwellWellWell.mp3R37aR68hR6tgh","rootPath":"../","version":2,"libraryArgs":[],"libraryType":null}