{"name":null,"assets":"aoy4:pathy43:assets%2Fweek4%2Fimages%2Flimo%2FbgLimo.pngy4:sizei859505y4:typey5:IMAGEy2:idR1y7:preloadtgoR0y43:assets%2Fweek4%2Fimages%2Flimo%2FbgLimo.xmlR2i803R3y4:TEXTR5R7R6tgoR0y41:assets%2Fweek4%2Fimages%2Flimo%2Fdumb.pngR2i47055R3R4R5R9R6tgoR0y47:assets%2Fweek4%2Fimages%2Flimo%2FfastCarLol.pngR2i310592R3R4R5R10R6tgoR0y47:assets%2Fweek4%2Fimages%2Flimo%2FlimoDancer.pngR2i642819R3R4R5R11R6tgoR0y47:assets%2Fweek4%2Fimages%2Flimo%2FlimoDancer.xmlR2i4710R3R8R5R12R6tgoR0y46:assets%2Fweek4%2Fimages%2Flimo%2FlimoDrive.pngR2i607493R3R4R5R13R6tgoR0y46:assets%2Fweek4%2Fimages%2Flimo%2FlimoDrive.xmlR2i524R3R8R5R14R6tgoR0y48:assets%2Fweek4%2Fimages%2Flimo%2FlimoOverlay.pngR2i946605R3R4R5R15R6tgoR0y47:assets%2Fweek4%2Fimages%2Flimo%2FlimoSunset.pngR2i1141336R3R4R5R16R6tgoR0y37:assets%2Fweek4%2Fweek4_stuff_here.txtR2zR3R8R5R17R6tgh","rootPath":"../","version":2,"libraryArgs":[],"libraryType":null}