{"name":null,"assets":"aoy4:pathy53:assets%2Fweek5%2Fimages%2Fchristmas%2FbgEscalator.pngy4:sizei166108y4:typey5:IMAGEy2:idR1y7:preloadtgoR0y49:assets%2Fweek5%2Fimages%2Fchristmas%2FbgWalls.pngR2i935132R3R4R5R7R6tgoR0y51:assets%2Fweek5%2Fimages%2Fchristmas%2FbottomBop.pngR2i1009627R3R4R5R8R6tgoR0y51:assets%2Fweek5%2Fimages%2Fchristmas%2FbottomBop.xmlR2i2295R3y4:TEXTR5R9R6tgoR0y55:assets%2Fweek5%2Fimages%2Fchristmas%2FchristmasTree.pngR2i69663R3R4R5R11R6tgoR0y55:assets%2Fweek5%2Fimages%2Fchristmas%2FchristmasWall.pngR2i840246R3R4R5R12R6tgoR0y48:assets%2Fweek5%2Fimages%2Fchristmas%2FevilBG.pngR2i1230014R3R4R5R13R6tgoR0y50:assets%2Fweek5%2Fimages%2Fchristmas%2FevilSnow.pngR2i17859R3R4R5R14R6tgoR0y50:assets%2Fweek5%2Fimages%2Fchristmas%2FevilTree.pngR2i115115R3R4R5R15R6tgoR0y48:assets%2Fweek5%2Fimages%2Fchristmas%2FfgSnow.pngR2i10538R3R4R5R16R6tgoR0y47:assets%2Fweek5%2Fimages%2Fchristmas%2Fsanta.pngR2i1066130R3R4R5R17R6tgoR0y47:assets%2Fweek5%2Fimages%2Fchristmas%2Fsanta.xmlR2i2251R3R10R5R18R6tgoR0y50:assets%2Fweek5%2Fimages%2Fchristmas%2FupperBop.pngR2i645807R3R4R5R19R6tgoR0y50:assets%2Fweek5%2Fimages%2Fchristmas%2FupperBop.xmlR2i2064R3R10R5R20R6tgoR0y37:assets%2Fweek5%2Fweek5_stuff_here.txtR2zR3R10R5R21R6tgh","rootPath":"../","version":2,"libraryArgs":[],"libraryType":null}