﻿<?xml version="1.0" encoding="utf-8"?>
<TextureAtlas imagePath="NOTE_assets.png">
	<!-- Created with Adobe Animate version 20.0.0.17400 -->
	<!-- http://www.adobe.com/products/animate.html -->
	<SubTexture name="arrowDOWN0000" x="0" y="0" width="157" height="153" pivotX="78.3" pivotY="76.8"/>
	<SubTexture name="arrowLEFT0000" x="157" y="0" width="153" height="157" pivotX="76.75" pivotY="78.25"/>
	<SubTexture name="arrowRIGHT0000" x="310" y="0" width="153" height="157" pivotX="76.8" pivotY="78.25"/>
	<SubTexture name="arrowUP0000" x="463" y="0" width="157" height="153" pivotX="78.25" pivotY="76.75"/>
	<SubTexture name="blue0000" x="620" y="0" width="157" height="154" pivotX="0" pivotY="0"/>
	<SubTexture name="blue hold end0000" x="777" y="0" width="50" height="64" pivotX="0" pivotY="0"/>
	<SubTexture name="blue hold piece0000" x="827" y="0" width="50" height="44" pivotX="0" pivotY="0"/>
	<SubTexture name="dark0000" x="877" y="0" width="154" height="157" pivotX="0" pivotY="0"/>
	<SubTexture name="dark confirm0000" x="1031" y="0" width="233" height="236" pivotX="33.45" pivotY="38.3"/>
	<SubTexture name="dark confirm0001" x="1264" y="0" width="233" height="236"/>
	<SubTexture name="dark confirm0002" x="1497" y="0" width="211" height="214" frameX="-11" frameY="-11" frameWidth="233" frameHeight="236"/>
	<SubTexture name="dark confirm0003" x="1497" y="0" width="211" height="214" frameX="-11" frameY="-11" frameWidth="233" frameHeight="236"/>
	<SubTexture name="dark hold end0000" x="1708" y="0" width="50" height="64" pivotX="0" pivotY="0"/>
	<SubTexture name="dark hold piece0000" x="1758" y="0" width="50" height="44" pivotX="0" pivotY="0"/>
	<SubTexture name="dark press0000" x="1808" y="0" width="138" height="141" pivotX="0" pivotY="0" frameX="-3" frameY="-7" frameWidth="148" frameHeight="151"/>
	<SubTexture name="dark press0001" x="1808" y="0" width="138" height="141" frameX="-3" frameY="-7" frameWidth="148" frameHeight="151"/>
	<SubTexture name="dark press0002" x="0" y="236" width="148" height="151"/>
	<SubTexture name="dark press0003" x="0" y="236" width="148" height="151"/>
	<SubTexture name="dark press0004" x="0" y="236" width="148" height="151"/>
	<SubTexture name="dark press0005" x="0" y="236" width="148" height="151"/>
	<SubTexture name="dark press0006" x="0" y="236" width="148" height="151"/>
	<SubTexture name="dark press0007" x="0" y="236" width="148" height="151"/>
	<SubTexture name="dark press0008" x="0" y="236" width="148" height="151"/>
	<SubTexture name="dark press0009" x="0" y="236" width="148" height="151"/>
	<SubTexture name="dark press0010" x="0" y="236" width="148" height="151"/>
	<SubTexture name="dark press0011" x="0" y="236" width="148" height="151"/>
	<SubTexture name="dark press0012" x="0" y="236" width="148" height="151"/>
	<SubTexture name="dark press0013" x="0" y="236" width="148" height="151"/>
	<SubTexture name="dark press0014" x="0" y="236" width="148" height="151"/>
	<SubTexture name="dark press0015" x="0" y="236" width="148" height="151"/>
	<SubTexture name="dark press0016" x="0" y="236" width="148" height="151"/>
	<SubTexture name="dark press0017" x="0" y="236" width="148" height="151"/>
	<SubTexture name="dark press0018" x="0" y="236" width="148" height="151"/>
	<SubTexture name="dark press0019" x="0" y="236" width="148" height="151"/>
	<SubTexture name="dark press0020" x="0" y="236" width="148" height="151"/>
	<SubTexture name="dark press0021" x="0" y="236" width="148" height="151"/>
	<SubTexture name="dark press0022" x="0" y="236" width="148" height="151"/>
	<SubTexture name="dark press0023" x="0" y="236" width="148" height="151"/>
	<SubTexture name="dark press0024" x="0" y="236" width="148" height="151"/>
	<SubTexture name="dark press0025" x="0" y="236" width="148" height="151"/>
	<SubTexture name="dark press0026" x="0" y="236" width="148" height="151"/>
	<SubTexture name="down confirm0000" x="148" y="236" width="238" height="235" pivotX="31.15" pivotY="37.3"/>
	<SubTexture name="down confirm0001" x="386" y="236" width="238" height="235"/>
	<SubTexture name="down confirm0002" x="624" y="236" width="221" height="217" frameX="-8" frameY="-10" frameWidth="238" frameHeight="235"/>
	<SubTexture name="down confirm0003" x="624" y="236" width="221" height="217" frameX="-8" frameY="-10" frameWidth="238" frameHeight="235"/>
	<SubTexture name="down press0000" x="845" y="236" width="142" height="140" pivotX="0" pivotY="0" frameX="-4" frameY="-2" frameWidth="149" frameHeight="146"/>
	<SubTexture name="down press0001" x="845" y="236" width="142" height="140" frameX="-4" frameY="-2" frameWidth="149" frameHeight="146"/>
	<SubTexture name="down press0002" x="987" y="236" width="149" height="146"/>
	<SubTexture name="down press0003" x="987" y="236" width="149" height="146"/>
	<SubTexture name="green0000" x="1136" y="236" width="157" height="154" pivotX="0" pivotY="0"/>
	<SubTexture name="green hold end0000" x="1293" y="236" width="50" height="64" pivotX="0" pivotY="0"/>
	<SubTexture name="green hold piece0000" x="1343" y="236" width="50" height="44" pivotX="0" pivotY="0"/>
	<SubTexture name="left confirm0000" x="1393" y="236" width="200" height="208" pivotX="24.05" pivotY="23" frameX="-7" frameY="-3" frameWidth="217" frameHeight="220"/>
	<SubTexture name="left confirm0001" x="1593" y="236" width="200" height="204" frameX="-7" frameY="-3" frameWidth="217" frameHeight="220"/>
	<SubTexture name="left confirm0002" x="1793" y="236" width="217" height="220"/>
	<SubTexture name="left confirm0003" x="1793" y="236" width="217" height="220"/>
	<SubTexture name="left press0000" x="0" y="471" width="140" height="142" pivotX="0" pivotY="0" frameX="-3" frameY="-3" frameWidth="146" frameHeight="149"/>
	<SubTexture name="left press0001" x="0" y="471" width="140" height="142" frameX="-3" frameY="-3" frameWidth="146" frameHeight="149"/>
	<SubTexture name="left press0002" x="140" y="471" width="146" height="149"/>
	<SubTexture name="left press0003" x="140" y="471" width="146" height="149"/>
	<SubTexture name="left press0004" x="140" y="471" width="146" height="149"/>
	<SubTexture name="left press0005" x="140" y="471" width="146" height="149"/>
	<SubTexture name="left press0006" x="140" y="471" width="146" height="149"/>
	<SubTexture name="left press0007" x="140" y="471" width="146" height="149"/>
	<SubTexture name="left press0008" x="140" y="471" width="146" height="149"/>
	<SubTexture name="left press0009" x="140" y="471" width="146" height="149"/>
	<SubTexture name="left press0010" x="140" y="471" width="146" height="149"/>
	<SubTexture name="left press0011" x="140" y="471" width="146" height="149"/>
	<SubTexture name="left press0012" x="140" y="471" width="146" height="149"/>
	<SubTexture name="left press0013" x="140" y="471" width="146" height="149"/>
	<SubTexture name="left press0014" x="140" y="471" width="146" height="149"/>
	<SubTexture name="left press0015" x="140" y="471" width="146" height="149"/>
	<SubTexture name="left press0016" x="140" y="471" width="146" height="149"/>
	<SubTexture name="left press0017" x="140" y="471" width="146" height="149"/>
	<SubTexture name="left press0018" x="140" y="471" width="146" height="149"/>
	<SubTexture name="left press0019" x="140" y="471" width="146" height="149"/>
	<SubTexture name="pruple end hold0000" x="286" y="471" width="50" height="64" pivotX="0" pivotY="0"/>
	<SubTexture name="purple0000" x="336" y="471" width="154" height="157" pivotX="0" pivotY="0"/>
	<SubTexture name="purple hold piece0000" x="490" y="471" width="50" height="44" pivotX="0" pivotY="0"/>
	<SubTexture name="red0000" x="540" y="471" width="154" height="157" pivotX="0" pivotY="0"/>
	<SubTexture name="red hold end0000" x="694" y="471" width="50" height="64" pivotX="0" pivotY="0"/>
	<SubTexture name="red hold piece0000" x="744" y="471" width="50" height="44" pivotX="0" pivotY="0"/>
	<SubTexture name="right confirm0000" x="794" y="471" width="223" height="226" pivotX="30.9" pivotY="31" frameX="-1" frameY="-3" frameWidth="226" frameHeight="230"/>
	<SubTexture name="right confirm0001" x="1017" y="471" width="223" height="226" frameX="-1" frameY="-3" frameWidth="226" frameHeight="230"/>
	<SubTexture name="right confirm0002" x="1240" y="471" width="226" height="230"/>
	<SubTexture name="right confirm0003" x="1240" y="471" width="226" height="230"/>
	<SubTexture name="right press0000" x="1466" y="471" width="138" height="141" pivotX="0" pivotY="0" frameX="-3" frameY="-7" frameWidth="148" frameHeight="151"/>
	<SubTexture name="right press0001" x="1466" y="471" width="138" height="141" frameX="-3" frameY="-7" frameWidth="148" frameHeight="151"/>
	<SubTexture name="right press0002" x="1604" y="471" width="148" height="151"/>
	<SubTexture name="right press0003" x="1604" y="471" width="148" height="151"/>
	<SubTexture name="right press0004" x="1604" y="471" width="148" height="151"/>
	<SubTexture name="right press0005" x="1604" y="471" width="148" height="151"/>
	<SubTexture name="right press0006" x="1604" y="471" width="148" height="151"/>
	<SubTexture name="right press0007" x="1604" y="471" width="148" height="151"/>
	<SubTexture name="right press0008" x="1604" y="471" width="148" height="151"/>
	<SubTexture name="right press0009" x="1604" y="471" width="148" height="151"/>
	<SubTexture name="right press0010" x="1604" y="471" width="148" height="151"/>
	<SubTexture name="right press0011" x="1604" y="471" width="148" height="151"/>
	<SubTexture name="right press0012" x="1604" y="471" width="148" height="151"/>
	<SubTexture name="right press0013" x="1604" y="471" width="148" height="151"/>
	<SubTexture name="right press0014" x="1604" y="471" width="148" height="151"/>
	<SubTexture name="right press0015" x="1604" y="471" width="148" height="151"/>
	<SubTexture name="right press0016" x="1604" y="471" width="148" height="151"/>
	<SubTexture name="right press0017" x="1604" y="471" width="148" height="151"/>
	<SubTexture name="right press0018" x="1604" y="471" width="148" height="151"/>
	<SubTexture name="right press0019" x="1604" y="471" width="148" height="151"/>
	<SubTexture name="right press0020" x="1604" y="471" width="148" height="151"/>
	<SubTexture name="right press0021" x="1604" y="471" width="148" height="151"/>
	<SubTexture name="right press0022" x="1604" y="471" width="148" height="151"/>
	<SubTexture name="right press0023" x="1604" y="471" width="148" height="151"/>
	<SubTexture name="right press0024" x="1604" y="471" width="148" height="151"/>
	<SubTexture name="right press0025" x="1604" y="471" width="148" height="151"/>
	<SubTexture name="right press0026" x="1604" y="471" width="148" height="151"/>
	<SubTexture name="up confirm0000" x="1752" y="471" width="236" height="232" pivotX="35" pivotY="34.95"/>
	<SubTexture name="up confirm0001" x="0" y="703" width="236" height="232"/>
	<SubTexture name="up confirm0002" x="236" y="703" width="214" height="211" frameX="-11" frameY="-10" frameWidth="236" frameHeight="232"/>
	<SubTexture name="up confirm0003" x="236" y="703" width="214" height="211" frameX="-11" frameY="-10" frameWidth="236" frameHeight="232"/>
	<SubTexture name="up press0000" x="450" y="703" width="144" height="141" pivotX="0" pivotY="0" frameX="-5" frameY="-4" frameWidth="153" frameHeight="150"/>
	<SubTexture name="up press0001" x="450" y="703" width="144" height="141" frameX="-5" frameY="-4" frameWidth="153" frameHeight="150"/>
	<SubTexture name="up press0002" x="594" y="703" width="153" height="150"/>
	<SubTexture name="up press0003" x="594" y="703" width="153" height="150"/>
	<SubTexture name="yel confirm0000" x="747" y="703" width="233" height="236" pivotX="35.05" pivotY="36.6"/>
	<SubTexture name="yel confirm0001" x="980" y="703" width="233" height="236"/>
	<SubTexture name="yel confirm0002" x="1213" y="703" width="211" height="214" frameX="-11" frameY="-11" frameWidth="233" frameHeight="236"/>
	<SubTexture name="yel confirm0003" x="1213" y="703" width="211" height="214" frameX="-11" frameY="-11" frameWidth="233" frameHeight="236"/>
	<SubTexture name="yel press0000" x="1424" y="703" width="139" height="141" pivotX="0.05" pivotY="0" frameX="-4" frameY="-4" frameWidth="148" frameHeight="151"/>
	<SubTexture name="yel press0001" x="1424" y="703" width="139" height="141" frameX="-4" frameY="-4" frameWidth="148" frameHeight="151"/>
	<SubTexture name="yel press0002" x="1563" y="703" width="148" height="151"/>
	<SubTexture name="yel press0003" x="1563" y="703" width="148" height="151"/>
	<SubTexture name="yel press0004" x="1563" y="703" width="148" height="151"/>
	<SubTexture name="yel press0005" x="1563" y="703" width="148" height="151"/>
	<SubTexture name="yel press0006" x="1563" y="703" width="148" height="151"/>
	<SubTexture name="yel press0007" x="1563" y="703" width="148" height="151"/>
	<SubTexture name="yel press0008" x="1563" y="703" width="148" height="151"/>
	<SubTexture name="yel press0009" x="1563" y="703" width="148" height="151"/>
	<SubTexture name="yel press0010" x="1563" y="703" width="148" height="151"/>
	<SubTexture name="yel press0011" x="1563" y="703" width="148" height="151"/>
	<SubTexture name="yel press0012" x="1563" y="703" width="148" height="151"/>
	<SubTexture name="yel press0013" x="1563" y="703" width="148" height="151"/>
	<SubTexture name="yel press0014" x="1563" y="703" width="148" height="151"/>
	<SubTexture name="yel press0015" x="1563" y="703" width="148" height="151"/>
	<SubTexture name="yel press0016" x="1563" y="703" width="148" height="151"/>
	<SubTexture name="yel press0017" x="1563" y="703" width="148" height="151"/>
	<SubTexture name="yel press0018" x="1563" y="703" width="148" height="151"/>
	<SubTexture name="yel press0019" x="1563" y="703" width="148" height="151"/>
	<SubTexture name="yel press0020" x="1563" y="703" width="148" height="151"/>
	<SubTexture name="yel press0021" x="1563" y="703" width="148" height="151"/>
	<SubTexture name="yel press0022" x="1563" y="703" width="148" height="151"/>
	<SubTexture name="yel press0023" x="1563" y="703" width="148" height="151"/>
	<SubTexture name="yel press0024" x="1563" y="703" width="148" height="151"/>
	<SubTexture name="yel press0025" x="1563" y="703" width="148" height="151"/>
	<SubTexture name="yel press0026" x="1563" y="703" width="148" height="151"/>
	<SubTexture name="yellow0000" x="1711" y="703" width="154" height="157" pivotX="0" pivotY="0"/>
	<SubTexture name="yellow hold end0000" x="1865" y="703" width="50" height="64" pivotX="0" pivotY="0"/>
	<SubTexture name="yellow hold piece0000" x="1915" y="703" width="50" height="44" pivotX="0" pivotY="0"/>
</TextureAtlas>
