{"song":{"player1":"bf","sectionLengths":[],"notes":[{"typeOfSection":0,"lengthInSteps":16,"sectionNotes":[],"altAnim":false,"bpm":120,"mustHitSection":true,"changeBPM":true},{"typeOfSection":0,"lengthInSteps":16,"sectionNotes":[],"altAnim":false,"bpm":120,"mustHitSection":true,"changeBPM":false},{"typeOfSection":0,"lengthInSteps":16,"sectionNotes":[],"altAnim":false,"bpm":120,"mustHitSection":true,"changeBPM":false},{"typeOfSection":0,"lengthInSteps":16,"sectionNotes":[[6000,2,1000],[7125,0,0],[7375,1,0],[7500,3,0],[7625,2,0],[7750,0,187.5]],"altAnim":false,"bpm":120,"mustHitSection":false,"changeBPM":false},{"typeOfSection":0,"lengthInSteps":16,"sectionNotes":[[8500,0,234.375],[8875,2,750],[8125,2,234.375],[9750,1,750]],"altAnim":false,"bpm":120,"mustHitSection":false,"changeBPM":false},{"typeOfSection":0,"lengthInSteps":16,"sectionNotes":[[10500,3,515.625],[11125,0,0],[11500,1,0],[11875,6,890.625]],"altAnim":false,"bpm":120,"mustHitSection":false,"changeBPM":false},{"typeOfSection":0,"lengthInSteps":16,"sectionNotes":[[13125,0,0],[13375,1,0],[13500,3,0],[13625,2,0],[13750,0,187.5]],"altAnim":false,"bpm":120,"mustHitSection":true,"changeBPM":false},{"typeOfSection":0,"lengthInSteps":16,"sectionNotes":[[14125,2,281.25],[14500,0,234.375],[14875,2,750],[15750,1,750]],"altAnim":false,"bpm":120,"mustHitSection":true,"changeBPM":false},{"typeOfSection":0,"lengthInSteps":16,"sectionNotes":[[16500,3,515.625],[17125,0,0],[17500,1,0],[17875,1,0]],"altAnim":false,"bpm":120,"mustHitSection":true,"changeBPM":false},{"typeOfSection":0,"lengthInSteps":16,"sectionNotes":[[18625,0,0],[18000,3,0],[18250,0,0],[18375,3,0],[18750,3,0],[18875,2,0],[19000,3,0],[19250,3,0],[19500,2,0],[19750,1,0],[19875,2,0],[19125,2,0],[19375,1,0]],"altAnim":false,"bpm":120,"mustHitSection":false,"changeBPM":false},{"typeOfSection":0,"lengthInSteps":16,"sectionNotes":[[20125,5,0],[20250,7,0],[20375,4,0],[20500,7,0],[20625,4,0],[20750,7,0],[20875,6,0],[21000,3,0],[21250,0,0],[21375,3,0],[21625,0,0],[21750,3,0],[21875,2,0]],"altAnim":false,"bpm":120,"mustHitSection":true,"changeBPM":false},{"typeOfSection":0,"lengthInSteps":16,"sectionNotes":[[22000,3,0],[22250,3,0],[22500,2,0],[22750,1,0],[22875,2,0],[23125,1,0],[23250,3,0],[23375,0,0],[23500,3,0],[23625,0,0],[23750,3,0],[23875,2,0],[22125,2,0],[22375,1,0]],"altAnim":false,"bpm":120,"mustHitSection":true,"changeBPM":false},{"typeOfSection":0,"lengthInSteps":16,"sectionNotes":[[24250,0,0],[24000,2,0],[24375,3,0],[24500,0,0],[24625,1,0],[24750,3,234.375],[25125,1,93.75],[25500,1,140.625],[25750,0,0],[25875,2,0],[25375,2,0]],"altAnim":false,"bpm":120,"mustHitSection":false,"changeBPM":false},{"typeOfSection":0,"lengthInSteps":16,"sectionNotes":[[26000,5,0],[26125,7,0],[26250,4,0],[26375,5,0],[26500,6,0],[26625,5,0],[26750,7,0],[26875,6,0],[27000,2,0],[27250,0,0],[27375,3,0],[27500,0,0],[27625,1,0],[27750,3,234]],"altAnim":false,"bpm":120,"mustHitSection":true,"changeBPM":false},{"typeOfSection":0,"lengthInSteps":16,"sectionNotes":[[28125,1,93.75],[28750,0,0],[28875,2,0],[29000,1,0],[29125,3,0],[29250,0,0],[29375,1,0],[29500,2,0],[29625,1,0],[29750,3,0],[29875,2,843.75],[28375,2,0],[28500,1,93.75]],"altAnim":false,"bpm":120,"mustHitSection":true,"changeBPM":false},{"typeOfSection":0,"lengthInSteps":16,"sectionNotes":[[30750,6,0],[30875,2,0],[31000,6,0],[31125,2,0],[31250,6,0],[31375,2,0],[31500,5,0],[31750,6,0],[31875,5,0]],"altAnim":false,"bpm":120,"mustHitSection":true,"changeBPM":false},{"typeOfSection":0,"lengthInSteps":16,"sectionNotes":[[32125,2,0],[32250,3,0],[32375,0,0],[32750,0,0],[32625,3,0],[32875,3,0],[33000,1,0],[33250,0,0],[33375,1,0],[33625,0,0],[33750,1,0],[33875,3,0],[32500,1,0]],"altAnim":false,"bpm":120,"mustHitSection":false,"changeBPM":false},{"typeOfSection":0,"lengthInSteps":16,"sectionNotes":[[34000,1,0],[34125,0,0],[34375,2,0],[34500,3,0],[34750,2,0],[34875,2,0],[35125,1,0],[35250,0,0],[35375,0,0],[35500,3,0],[35625,0,0],[35750,2,0],[35875,1,0],[34250,1,0]],"altAnim":false,"bpm":120,"mustHitSection":false,"changeBPM":false},{"typeOfSection":0,"lengthInSteps":16,"sectionNotes":[[36000,2,0],[36250,0,0],[36375,0,0],[36625,3,0],[36750,2,0],[36875,0,0],[37000,2,0],[37125,1,0],[37375,3,0],[37500,6,0],[37750,5,0],[37875,6,0]],"altAnim":false,"bpm":120,"mustHitSection":false,"changeBPM":false},{"typeOfSection":0,"lengthInSteps":16,"sectionNotes":[[38125,2,0],[38250,3,0],[38375,0,0],[38750,0,0],[38625,3,0],[38875,3,0],[39000,1,0],[39250,0,0],[39375,1,0],[39625,0,0],[39750,1,0],[39875,3,0],[38500,1,0]],"altAnim":false,"bpm":120,"mustHitSection":true,"changeBPM":false},{"typeOfSection":0,"lengthInSteps":16,"sectionNotes":[[40000,1,0],[40125,0,0],[40250,0,0],[40375,2,0],[40500,3,0],[40750,2,0],[40875,2,0],[41125,1,0],[41250,0,0],[41375,0,0],[41500,3,0],[41625,0,0],[41750,2,0],[41875,1,0]],"altAnim":false,"bpm":120,"mustHitSection":true,"changeBPM":false},{"typeOfSection":0,"lengthInSteps":16,"sectionNotes":[[42000,2,0],[42250,0,0],[42375,0,0],[42625,3,0],[42750,2,0],[42875,0,0],[43000,2,0],[43125,1,0],[43375,3,0],[43500,4,0],[43625,5,0],[43750,6,0],[43875,7,0]],"altAnim":false,"bpm":120,"mustHitSection":true,"changeBPM":false},{"typeOfSection":0,"lengthInSteps":16,"sectionNotes":[[44000,2,0],[44125,1,0],[44250,0,93.75],[44500,0,0],[44625,2,0],[44750,1,0],[44875,3,234.375],[45250,1,0],[45375,0,0],[45625,2,140.625]],"altAnim":false,"bpm":120,"mustHitSection":false,"changeBPM":false},{"typeOfSection":0,"lengthInSteps":16,"sectionNotes":[[46000,1,0],[46125,3,93.75],[46375,0,0],[46750,0,0],[46875,3,0],[47125,0,0],[47250,3,0],[47500,0,0],[47625,3,0],[47750,2,0],[47875,1,0],[46500,3,0]],"altAnim":false,"bpm":120,"mustHitSection":false,"changeBPM":false},{"typeOfSection":0,"lengthInSteps":16,"sectionNotes":[[48000,0,93.75],[48250,0,0],[48375,2,0],[48500,1,0],[48625,2,0],[48750,3,0],[49000,3,0],[49375,0,0],[49125,2,0],[49500,4,0],[49625,5,0],[49750,6,0],[49875,7,0]],"altAnim":false,"bpm":120,"mustHitSection":false,"changeBPM":false},{"typeOfSection":0,"lengthInSteps":16,"sectionNotes":[[50000,2,0],[50125,1,0],[50250,0,93.75],[50500,0,0],[50625,2,0],[50750,1,0],[50875,3,234.375],[51250,1,0],[51375,0,0],[51625,2,140.625]],"altAnim":false,"bpm":120,"mustHitSection":true,"changeBPM":false},{"typeOfSection":0,"lengthInSteps":16,"sectionNotes":[[52000,1,0],[52125,3,93.75],[52375,0,0],[52750,0,0],[52875,3,0],[53125,0,0],[53250,3,0],[53500,0,0],[53625,3,0],[53750,2,0],[53875,1,0],[52500,3,0]],"altAnim":false,"bpm":120,"mustHitSection":true,"changeBPM":false},{"typeOfSection":0,"lengthInSteps":16,"sectionNotes":[[54000,0,93.75],[54250,0,0],[54375,2,0],[54500,1,0],[54625,2,0],[54750,3,0],[55000,3,0],[55375,0,0],[55125,2,0],[55875,4,0],[55500,6,0],[55625,5,0]],"altAnim":false,"bpm":120,"mustHitSection":true,"changeBPM":false},{"typeOfSection":0,"lengthInSteps":16,"sectionNotes":[[56000,3,0],[56125,2,0],[56250,3,0],[56500,0,0],[56625,1,0],[56750,0,0],[56875,2,0],[57000,3,0],[57375,0,0],[57500,3,0],[57625,2,0],[57750,3,0],[57125,0,0]],"altAnim":false,"bpm":120,"mustHitSection":false,"changeBPM":false},{"typeOfSection":0,"lengthInSteps":16,"sectionNotes":[[58000,1,0],[58125,2,0],[58250,1,0],[58375,2,0],[58500,0,0],[58875,3,0],[59000,1,0],[59125,3,0],[59250,0,0],[59375,2,0],[59500,0,0],[59625,1,0],[59875,3,0],[58625,2,0]],"altAnim":false,"bpm":120,"mustHitSection":false,"changeBPM":false},{"typeOfSection":0,"lengthInSteps":16,"sectionNotes":[[60000,0,0],[60125,2,0],[60375,3,0],[60500,1,0],[60625,3,0],[60750,0,0],[61375,3,0],[61250,1,0],[61625,5,0],[61875,4,0],[60875,3,0],[61000,0,0],[61125,2,0],[61500,6,0]],"altAnim":false,"bpm":120,"mustHitSection":false,"changeBPM":true},{"typeOfSection":0,"lengthInSteps":16,"sectionNotes":[[62000,3,0],[62125,2,0],[62250,3,0],[62500,0,0],[62625,1,0],[62750,0,0],[62875,2,0],[63000,3,0],[63375,0,0],[63500,3,0],[63625,2,0],[63750,3,0],[63125,0,0]],"altAnim":false,"bpm":120,"mustHitSection":true,"changeBPM":false},{"sectionNotes":[[64000,1,0],[64125,2,0],[64250,1,0],[64375,2,0],[64500,0,0],[64875,3,0],[65000,1,0],[65125,3,0],[65250,0,0],[65375,2,0],[65500,0,0],[65625,1,0],[65875,3,0],[64625,2,0]],"typeOfSection":0,"lengthInSteps":16,"altAnim":false,"mustHitSection":true,"changeBPM":false,"bpm":120},{"sectionNotes":[[66000,0,0],[66125,2,0],[66375,3,0],[66500,1,0],[66625,3,0],[66750,0,0],[67375,3,0],[67250,1,0],[66875,3,0],[67000,0,0],[67125,2,0],[67500,6,0],[67750,5,0],[67875,6,0]],"typeOfSection":0,"lengthInSteps":16,"altAnim":false,"mustHitSection":true,"changeBPM":false,"bpm":120},{"sectionNotes":[[68125,2,0],[68250,3,0],[68375,0,0],[68750,0,0],[68625,3,0],[68875,3,0],[69000,1,0],[69250,0,0],[69375,1,0],[69625,0,0],[69750,1,0],[69875,3,0],[68500,1,0]],"typeOfSection":0,"lengthInSteps":16,"altAnim":false,"mustHitSection":false,"changeBPM":false,"bpm":120},{"sectionNotes":[[70000,1,0],[70125,0,0],[70375,2,0],[70500,3,0],[70750,2,0],[70875,2,0],[71125,1,0],[71250,0,0],[71375,0,0],[71500,3,0],[71625,0,0],[71750,2,0],[71875,1,0],[70250,1,0]],"typeOfSection":0,"lengthInSteps":16,"altAnim":false,"mustHitSection":false,"changeBPM":false,"bpm":120},{"sectionNotes":[[72000,2,0],[72250,0,0],[72375,0,0],[72625,3,0],[72750,2,0],[72875,0,0],[73000,2,0],[73125,1,0],[73375,3,0],[73500,6,0],[73750,5,0],[73875,6,0]],"typeOfSection":0,"lengthInSteps":16,"altAnim":false,"mustHitSection":false,"changeBPM":false,"bpm":120},{"sectionNotes":[[74125,2,0],[74250,3,0],[74375,0,0],[74750,0,0],[74625,3,0],[74875,3,0],[75000,1,0],[75250,0,0],[75375,1,0],[75625,0,0],[75750,1,0],[75875,3,0],[74500,1,0]],"typeOfSection":0,"lengthInSteps":16,"altAnim":false,"mustHitSection":true,"changeBPM":false,"bpm":120},{"sectionNotes":[[76000,1,0],[76125,0,0],[76250,0,0],[76375,2,0],[76500,3,0],[76750,2,0],[76875,2,0],[77125,1,0],[77250,0,0],[77375,0,0],[77500,3,0],[77625,0,0],[77750,2,0],[77875,1,0]],"typeOfSection":0,"lengthInSteps":16,"altAnim":false,"mustHitSection":true,"changeBPM":false,"bpm":120},{"lengthInSteps":16,"typeOfSection":0,"sectionNotes":[[78000,2,0],[78250,0,0],[78375,0,0],[78625,3,0],[78750,2,0],[78875,0,0],[79000,2,0],[79125,1,0],[79375,3,0],[79500,4,0],[79625,5,0],[79750,6,0],[79875,7,0]],"altAnim":false,"bpm":120,"changeBPM":false,"mustHitSection":true},{"lengthInSteps":16,"typeOfSection":0,"sectionNotes":[[80000,2,0],[80125,1,0],[80250,0,93.75],[80500,0,0],[80625,2,0],[80750,1,0],[80875,3,234.375],[81250,1,0],[81375,0,0],[81625,2,140.625]],"altAnim":false,"bpm":120,"changeBPM":false,"mustHitSection":false},{"lengthInSteps":16,"typeOfSection":0,"sectionNotes":[[82000,1,0],[82125,3,93.75],[82375,0,0],[82750,0,0],[82875,3,0],[83125,0,0],[83250,3,0],[83500,0,0],[83625,3,0],[83750,2,0],[83875,1,0],[82500,3,0],[82625,1,0],[83000,1,0],[83375,1,0]],"altAnim":false,"bpm":120,"changeBPM":false,"mustHitSection":false},{"lengthInSteps":16,"typeOfSection":0,"sectionNotes":[[84000,0,93.75],[84250,0,0],[84375,2,0],[84500,1,0],[84625,2,0],[84750,3,0],[85000,3,0],[85375,0,0],[85125,2,0],[85500,4,0],[85625,5,0],[85750,6,0],[85875,7,0],[84000,0,93.75],[84250,0,0],[84375,2,0],[84500,1,0],[84625,2,0],[84750,3,0],[85000,3,0],[85375,0,0],[85125,2,0],[85500,4,0],[85625,5,0],[85750,6,0],[85875,7,0]],"altAnim":false,"bpm":120,"changeBPM":false,"mustHitSection":false},{"lengthInSteps":16,"typeOfSection":0,"sectionNotes":[[86000,2,0],[86125,1,0],[86250,0,93.75],[86500,0,0],[86625,2,0],[86750,1,0],[86875,3,234.375],[87250,1,0],[87375,0,0],[87625,2,140.625]],"altAnim":false,"bpm":120,"changeBPM":false,"mustHitSection":true},{"lengthInSteps":16,"typeOfSection":0,"sectionNotes":[[88000,1,0],[88125,3,93.75],[88375,0,0],[88750,0,0],[88875,3,0],[89125,0,0],[89250,3,0],[89500,0,0],[89625,3,0],[89750,2,0],[89875,1,0],[88500,3,0],[88625,1,0],[89000,1,0],[89375,1,0]],"altAnim":false,"bpm":120,"changeBPM":false,"mustHitSection":true},{"lengthInSteps":16,"typeOfSection":0,"sectionNotes":[[90000,0,93.75],[90250,0,0],[90375,2,0],[90500,1,0],[90625,2,0],[90750,3,0],[91000,3,0],[91375,0,0],[91125,2,0],[91875,4,0],[91500,6,0],[91625,5,0]],"altAnim":false,"bpm":120,"changeBPM":false,"mustHitSection":true},{"lengthInSteps":16,"typeOfSection":0,"sectionNotes":[[92000,3,0],[92125,2,0],[92250,3,0],[92500,0,0],[92625,1,0],[92750,0,0],[92875,2,0],[93000,3,0],[93375,0,0],[93500,3,0],[93625,2,0],[93750,3,0],[93125,0,0]],"altAnim":false,"bpm":120,"changeBPM":false,"mustHitSection":false},{"lengthInSteps":16,"typeOfSection":0,"sectionNotes":[[94000,1,0],[94125,2,0],[94250,1,0],[94375,2,0],[94500,0,0],[94875,3,0],[95000,1,0],[95125,3,0],[95250,0,0],[95375,2,0],[95500,0,0],[95625,1,0],[95875,3,0],[94625,2,0]],"altAnim":false,"bpm":120,"changeBPM":false,"mustHitSection":false},{"lengthInSteps":16,"typeOfSection":0,"sectionNotes":[[96000,0,0],[96125,2,0],[96375,3,0],[96500,1,0],[96625,3,0],[96750,0,0],[97375,3,0],[97250,1,0],[97625,5,0],[97875,4,0],[96875,3,0],[97000,0,0],[97125,2,0],[97500,6,0]],"altAnim":false,"bpm":120,"changeBPM":false,"mustHitSection":false},{"lengthInSteps":16,"typeOfSection":0,"sectionNotes":[[98000,3,0],[98125,2,0],[98250,3,0],[98500,0,0],[98625,1,0],[98750,0,0],[98875,2,0],[99000,3,0],[99375,0,0],[99500,3,0],[99625,2,0],[99125,0,0],[99750,3,234.375]],"altAnim":false,"bpm":120,"changeBPM":false,"mustHitSection":true},{"lengthInSteps":16,"typeOfSection":0,"sectionNotes":[[100500,0,0],[100875,3,0],[101000,1,0],[101125,3,0],[101250,0,0],[101375,2,0],[101500,0,0],[101625,1,0],[101875,3,0],[100625,2,0],[100125,1,0],[100250,2,0],[100375,1,0]],"altAnim":false,"bpm":120,"changeBPM":false,"mustHitSection":true},{"lengthInSteps":16,"typeOfSection":0,"sectionNotes":[[102000,0,0],[102125,2,0],[102375,3,0],[102500,1,0],[102625,3,0],[102750,0,0],[103375,3,0],[102875,3,0],[103000,0,0],[103125,2,0],[103500,6,0],[103750,5,0],[103875,6,0],[103250,2,0],[103500,2,609.375]],"altAnim":false,"bpm":120,"changeBPM":false,"mustHitSection":true},{"lengthInSteps":16,"typeOfSection":0,"sectionNotes":[[104250,5,609],[105000,7,609],[105750,4,609],[104250,3,0],[104375,0,0],[104125,2,0],[104625,3,0],[104750,0,0],[104875,3,0],[105000,1,0],[105250,0,0],[105375,1,0],[105625,0,0],[105750,1,0],[105875,3,0],[104500,1,0]],"altAnim":false,"bpm":120,"changeBPM":false,"mustHitSection":false},{"lengthInSteps":16,"typeOfSection":0,"sectionNotes":[[106000,5,0],[106125,4,0],[106250,4,0],[106375,7,0],[106500,6,609.375],[106500,2,0],[106750,1,0],[106875,2,0],[107125,2,0],[107250,3,0],[107375,0,0],[107625,3,0],[107750,0,0],[107875,3,0],[107250,5,609],[107500,1,0]],"altAnim":false,"bpm":120,"changeBPM":false,"mustHitSection":true},{"lengthInSteps":16,"typeOfSection":0,"sectionNotes":[[108000,1,0],[108250,0,0],[108375,1,0],[108625,0,0],[108750,1,0],[108875,3,0],[109000,1,0],[109125,0,0],[109250,0,0],[109375,3,0],[108000,7,609],[108750,4,609.375],[109500,6,0],[109750,5,0],[109875,6,0]],"altAnim":false,"bpm":120,"changeBPM":false,"mustHitSection":true},{"lengthInSteps":16,"typeOfSection":0,"sectionNotes":[[110125,2,0],[110250,0,0],[110375,3,0],[110500,0,0],[110625,0,0],[110750,3,0],[110875,0,0],[111000,1,0],[111250,2,0],[111375,1,0],[111625,1,0],[111750,3,0],[111875,0,0]],"altAnim":false,"bpm":120,"changeBPM":false,"mustHitSection":false},{"lengthInSteps":16,"typeOfSection":0,"sectionNotes":[[112000,7,0],[112125,7,0],[112250,4,0],[112375,7,0],[112500,2,0],[112750,1,0],[112875,2,0],[113125,2,0],[113250,0,0],[113375,3,0],[113500,0,0],[113625,0,0],[113750,3,0],[113875,0,0]],"altAnim":false,"bpm":120,"changeBPM":false,"mustHitSection":true},{"lengthInSteps":16,"typeOfSection":0,"sectionNotes":[[114000,1,0],[114250,2,0],[114375,1,0],[114625,1,0],[114750,3,0],[114875,2,0],[115000,3,0],[115125,1,0],[115375,0,0],[115500,1,0]],"altAnim":false,"bpm":120,"changeBPM":false,"mustHitSection":true},{"sectionNotes":[],"typeOfSection":0,"lengthInSteps":16,"altAnim":false,"mustHitSection":true,"changeBPM":false,"bpm":120},{"lengthInSteps":16,"typeOfSection":0,"sectionNotes":[],"altAnim":false,"bpm":120,"changeBPM":false,"mustHitSection":true},{"lengthInSteps":16,"typeOfSection":0,"sectionNotes":[],"altAnim":false,"bpm":120,"changeBPM":false,"mustHitSection":true},{"sectionNotes":[],"typeOfSection":0,"lengthInSteps":16,"altAnim":false,"mustHitSection":true,"changeBPM":false,"bpm":120},{"sectionNotes":[],"typeOfSection":0,"lengthInSteps":16,"altAnim":false,"mustHitSection":true,"changeBPM":false,"bpm":120},{"sectionNotes":[],"typeOfSection":0,"lengthInSteps":16,"altAnim":false,"mustHitSection":true,"changeBPM":false,"bpm":120},{"lengthInSteps":16,"altAnim":false,"typeOfSection":0,"sectionNotes":[],"bpm":120,"changeBPM":false,"mustHitSection":true}],"player2":"dad","song":"Garden-havoc","validScore":true,"sections":0,"needsVoices":true,"bpm":120,"speed":2}}