{"song":{"sectionLengths":[],"player1":"bf","player2":"dad","notes":[{"sectionNotes":[],"lengthInSteps":16,"typeOfSection":0,"altAnim":false,"changeBPM":true,"mustHitSection":true,"bpm":120},{"sectionNotes":[],"lengthInSteps":16,"typeOfSection":0,"altAnim":false,"changeBPM":false,"mustHitSection":true,"bpm":120},{"sectionNotes":[],"lengthInSteps":16,"typeOfSection":0,"altAnim":false,"changeBPM":false,"mustHitSection":true,"bpm":120},{"sectionNotes":[[6000,2,1000],[7125,0,0],[7500,3,0],[7750,0,187.5]],"lengthInSteps":16,"typeOfSection":0,"altAnim":false,"changeBPM":false,"mustHitSection":false,"bpm":120},{"sectionNotes":[[8500,0,234.375],[8875,2,750],[8125,2,234.375],[9750,1,750]],"lengthInSteps":16,"typeOfSection":0,"altAnim":false,"changeBPM":false,"mustHitSection":false,"bpm":120},{"sectionNotes":[[10500,3,515.625],[11125,0,0],[11500,1,0],[11875,6,890.625]],"lengthInSteps":16,"typeOfSection":0,"altAnim":false,"changeBPM":false,"mustHitSection":false,"bpm":120},{"sectionNotes":[[13125,0,0],[13500,3,0],[13750,0,187.5]],"lengthInSteps":16,"typeOfSection":0,"altAnim":false,"changeBPM":false,"mustHitSection":true,"bpm":120},{"sectionNotes":[[14125,2,281.25],[14500,0,234.375],[14875,2,750],[15750,1,750]],"lengthInSteps":16,"typeOfSection":0,"altAnim":false,"changeBPM":false,"mustHitSection":true,"bpm":120},{"sectionNotes":[[16500,3,515.625],[17125,0,0],[17500,1,0],[17875,1,0]],"lengthInSteps":16,"typeOfSection":0,"altAnim":false,"changeBPM":false,"mustHitSection":true,"bpm":120},{"sectionNotes":[[18625,0,0],[18375,3,0],[18750,3,0],[19500,2,0],[19750,1,0],[19875,2,0],[19125,2,0],[18000,3,0]],"lengthInSteps":16,"typeOfSection":0,"altAnim":false,"changeBPM":false,"mustHitSection":false,"bpm":120},{"sectionNotes":[[20250,7,0],[20625,4,0],[20875,6,0],[21000,3,0],[21375,3,0],[21625,0,0],[21750,3,0]],"lengthInSteps":16,"typeOfSection":0,"altAnim":false,"changeBPM":false,"mustHitSection":true,"bpm":120},{"sectionNotes":[[22500,2,0],[22750,1,0],[22875,2,0],[23250,3,0],[23625,0,0],[23875,2,0],[22125,2,0]],"lengthInSteps":16,"typeOfSection":0,"altAnim":false,"changeBPM":false,"mustHitSection":true,"bpm":120},{"sectionNotes":[[24250,0,0],[24000,2,0],[24375,3,0],[24625,1,0],[24750,3,234.375],[25125,1,93.75],[25500,1,140.625],[25875,2,0]],"lengthInSteps":16,"typeOfSection":0,"altAnim":false,"changeBPM":false,"mustHitSection":false,"bpm":120},{"sectionNotes":[[26125,7,0],[26250,4,0],[26500,6,0],[26625,5,0],[26750,7,0],[26875,6,0],[27000,2,0],[27250,0,0],[27375,3,0],[27625,1,0],[27750,3,234]],"lengthInSteps":16,"typeOfSection":0,"altAnim":false,"changeBPM":false,"mustHitSection":true,"bpm":120},{"sectionNotes":[[28125,1,93.75],[28875,2,0],[29125,3,0],[29250,0,0],[29500,2,0],[29625,1,0],[29750,3,0],[29875,2,843.75],[28500,1,93.75]],"lengthInSteps":16,"typeOfSection":0,"altAnim":false,"changeBPM":false,"mustHitSection":true,"bpm":120},{"sectionNotes":[[30750,6,0],[30875,2,0],[31000,6,0],[31125,2,0],[31250,6,0],[31375,2,0],[31500,5,0],[31875,5,0]],"lengthInSteps":16,"typeOfSection":0,"altAnim":false,"changeBPM":false,"mustHitSection":true,"bpm":120},{"sectionNotes":[[33000,1,0],[33375,1,0],[33750,1,0],[33875,3,0],[32250,3,0],[32375,0,0],[32625,3,0],[32750,0,0]],"lengthInSteps":16,"typeOfSection":0,"altAnim":false,"changeBPM":false,"mustHitSection":false,"bpm":120},{"sectionNotes":[[34500,3,0],[34875,2,0],[35250,0,0],[35375,0,0],[34125,1,0],[34250,3,0],[35625,1,0],[35750,1,0],[35875,1,0]],"lengthInSteps":16,"typeOfSection":0,"altAnim":false,"changeBPM":false,"mustHitSection":false,"bpm":120},{"sectionNotes":[[36000,2,0],[36375,0,0],[36750,2,0],[37000,2,0],[37125,1,0],[37375,3,0],[37500,6,0],[37875,6,0]],"lengthInSteps":16,"typeOfSection":0,"altAnim":false,"changeBPM":false,"mustHitSection":false,"bpm":120},{"sectionNotes":[[39000,1,0],[39375,1,0],[39750,1,0],[39875,3,0],[38250,3,0],[38375,0,0],[38625,3,0],[38750,0,0]],"lengthInSteps":16,"typeOfSection":0,"altAnim":false,"changeBPM":false,"mustHitSection":true,"bpm":120},{"sectionNotes":[[40500,3,0],[40875,2,0],[41250,0,0],[41375,0,0],[40125,1,0],[40250,3,0],[41625,1,0],[41750,1,0],[41875,1,0]],"lengthInSteps":16,"typeOfSection":0,"altAnim":false,"changeBPM":false,"mustHitSection":true,"bpm":120},{"sectionNotes":[[42000,2,0],[42375,0,0],[42750,2,0],[43000,2,0],[43125,1,0],[43375,3,0],[43500,7,0],[43750,5,0]],"lengthInSteps":16,"typeOfSection":0,"altAnim":false,"changeBPM":false,"mustHitSection":true,"bpm":120},{"sectionNotes":[[44125,1,0],[44250,0,93.75],[44500,0,0],[44750,1,0],[44875,3,234.375],[45375,0,0],[45625,2,140.625]],"lengthInSteps":16,"typeOfSection":0,"altAnim":false,"changeBPM":false,"mustHitSection":false,"bpm":120},{"sectionNotes":[[46125,3,93.75],[46375,0,0],[47250,3,0],[47875,1,0],[46500,3,0],[46875,2,0],[47625,2,0]],"lengthInSteps":16,"typeOfSection":0,"altAnim":false,"changeBPM":false,"mustHitSection":false,"bpm":120},{"sectionNotes":[[48000,0,93.75],[48250,0,0],[48375,2,0],[48750,3,0],[49000,3,0],[49375,0,0],[49125,2,0],[49500,7,0],[49750,5,0]],"lengthInSteps":16,"typeOfSection":0,"altAnim":false,"changeBPM":false,"mustHitSection":false,"bpm":120},{"sectionNotes":[[50125,1,0],[50250,0,93.75],[50500,0,0],[50750,1,0],[50875,3,234.375],[51375,0,0],[51625,2,140.625]],"lengthInSteps":16,"typeOfSection":0,"altAnim":false,"changeBPM":false,"mustHitSection":true,"bpm":120},{"sectionNotes":[[52125,3,93.75],[52375,0,0],[53250,3,0],[53875,1,0],[52500,3,0],[52875,2,0],[53625,2,0]],"lengthInSteps":16,"typeOfSection":0,"altAnim":false,"changeBPM":false,"mustHitSection":true,"bpm":120},{"sectionNotes":[[54000,0,93.75],[54250,0,0],[54375,2,0],[54750,3,0],[55000,3,0],[55375,0,0],[55125,2,0],[55500,5,0],[55625,6,0],[55875,6,0]],"lengthInSteps":16,"typeOfSection":0,"altAnim":false,"changeBPM":false,"mustHitSection":true,"bpm":120},{"sectionNotes":[[56625,1,0],[57000,3,0],[57375,0,0],[57625,2,0],[57750,3,0],[56125,2,0],[56250,0,0],[56875,0,0],[57125,2,0]],"lengthInSteps":16,"typeOfSection":0,"altAnim":false,"changeBPM":false,"mustHitSection":false,"bpm":120},{"sectionNotes":[[58500,0,0],[58875,3,0],[59125,3,0],[59250,0,0],[59500,0,0],[59625,1,0],[59875,3,0],[58000,1,0],[58375,1,0],[58625,1,0]],"lengthInSteps":16,"typeOfSection":0,"altAnim":false,"changeBPM":false,"mustHitSection":false,"bpm":120},{"sectionNotes":[[60375,3,0],[60625,3,0],[60750,0,0],[61375,3,0],[61250,1,0],[60875,3,0],[61000,0,0],[60000,2,0],[61500,5,0],[61625,6,0],[61875,6,0]],"lengthInSteps":16,"typeOfSection":0,"altAnim":false,"changeBPM":true,"mustHitSection":false,"bpm":120},{"sectionNotes":[[62625,1,0],[63000,3,0],[63375,0,0],[63625,2,0],[63750,3,0],[62125,2,0],[62250,0,0],[62875,0,0],[63125,2,0]],"lengthInSteps":16,"typeOfSection":0,"altAnim":false,"changeBPM":false,"mustHitSection":true,"bpm":120},{"lengthInSteps":16,"typeOfSection":0,"sectionNotes":[[64500,0,0],[64875,3,0],[65125,3,0],[65250,0,0],[65500,0,0],[65625,1,0],[65875,3,0],[64000,1,0],[64375,1,0],[64625,1,0]],"altAnim":false,"bpm":120,"changeBPM":false,"mustHitSection":true},{"lengthInSteps":16,"typeOfSection":0,"sectionNotes":[[66375,3,0],[66625,3,0],[66750,0,0],[67375,3,0],[67250,1,0],[66875,3,0],[67000,0,0],[66000,2,0],[67500,5,0],[67875,5,0]],"altAnim":false,"bpm":120,"changeBPM":false,"mustHitSection":true},{"lengthInSteps":16,"typeOfSection":0,"sectionNotes":[[69000,1,0],[69375,1,0],[69750,1,0],[69875,3,0],[68250,3,0],[68375,0,0],[68625,3,0],[68750,0,0]],"altAnim":false,"bpm":120,"changeBPM":false,"mustHitSection":false},{"lengthInSteps":16,"typeOfSection":0,"sectionNotes":[[70500,3,0],[70875,2,0],[71250,0,0],[71375,0,0],[70125,1,0],[70250,3,0],[71625,1,0],[71750,1,0],[71875,1,0]],"altAnim":false,"bpm":120,"changeBPM":false,"mustHitSection":false},{"lengthInSteps":16,"typeOfSection":0,"sectionNotes":[[72000,2,0],[72375,0,0],[72750,2,0],[73000,2,0],[73125,1,0],[73375,3,0],[73500,6,0],[73875,6,0]],"altAnim":false,"bpm":120,"changeBPM":false,"mustHitSection":false},{"lengthInSteps":16,"typeOfSection":0,"sectionNotes":[[75000,1,0],[75375,1,0],[75750,1,0],[75875,3,0],[74250,3,0],[74375,0,0],[74625,3,0],[74750,0,0]],"altAnim":false,"bpm":120,"changeBPM":false,"mustHitSection":true},{"lengthInSteps":16,"typeOfSection":0,"sectionNotes":[[76500,3,0],[76875,2,0],[77250,0,0],[77375,0,0],[76125,1,0],[76250,3,0],[77625,1,0],[77750,1,0],[77875,1,0]],"altAnim":false,"bpm":120,"changeBPM":false,"mustHitSection":true},{"sectionNotes":[[78000,2,0],[78375,0,0],[78750,2,0],[79000,2,0],[79125,1,0],[79375,3,0],[79500,7,0],[79750,5,0]],"typeOfSection":0,"lengthInSteps":16,"altAnim":false,"mustHitSection":true,"changeBPM":false,"bpm":120},{"sectionNotes":[[80125,1,0],[80250,0,93.75],[80500,0,0],[80750,1,0],[80875,3,234.375],[81375,0,0],[81625,2,140.625]],"typeOfSection":0,"lengthInSteps":16,"altAnim":false,"mustHitSection":false,"changeBPM":false,"bpm":120},{"sectionNotes":[[82125,3,93.75],[82375,0,0],[83250,3,0],[83875,1,0],[82500,3,0],[82875,2,0],[83625,2,0],[82750,1,0],[83500,1,0]],"typeOfSection":0,"lengthInSteps":16,"altAnim":false,"mustHitSection":false,"changeBPM":false,"bpm":120},{"sectionNotes":[[84000,0,93.75],[84250,0,0],[84375,2,0],[84750,3,0],[85000,3,0],[85375,0,0],[85125,2,0],[85500,7,0],[85750,5,0]],"typeOfSection":0,"lengthInSteps":16,"altAnim":false,"mustHitSection":false,"changeBPM":false,"bpm":120},{"sectionNotes":[[86125,1,0],[86250,0,93.75],[86500,0,0],[86750,1,0],[86875,3,234.375],[87375,0,0],[87625,2,140.625]],"typeOfSection":0,"lengthInSteps":16,"altAnim":false,"mustHitSection":true,"changeBPM":false,"bpm":120},{"sectionNotes":[[88125,3,93.75],[88375,0,0],[89250,3,0],[89875,1,0],[88500,3,0],[88875,2,0],[89625,2,0],[88750,1,0],[89500,1,0]],"typeOfSection":0,"lengthInSteps":16,"altAnim":false,"mustHitSection":true,"changeBPM":false,"bpm":120},{"sectionNotes":[[90000,0,93.75],[90250,0,0],[90375,2,0],[90750,3,0],[91000,3,0],[91375,0,0],[91125,2,0],[91500,5,0],[91625,6,0],[91875,6,0]],"typeOfSection":0,"lengthInSteps":16,"altAnim":false,"mustHitSection":true,"changeBPM":false,"bpm":120},{"sectionNotes":[[92625,1,0],[93000,3,0],[93375,0,0],[93625,2,0],[93750,3,0],[92125,2,0],[92250,0,0],[92875,0,0],[93125,2,0]],"typeOfSection":0,"lengthInSteps":16,"altAnim":false,"mustHitSection":false,"changeBPM":false,"bpm":120},{"sectionNotes":[[94500,0,0],[94875,3,0],[95125,3,0],[95250,0,0],[95500,0,0],[95625,1,0],[95875,3,0],[94000,1,0],[94375,1,0],[94625,1,0]],"typeOfSection":0,"lengthInSteps":16,"altAnim":false,"mustHitSection":false,"changeBPM":false,"bpm":120},{"sectionNotes":[[96375,3,0],[96625,3,0],[96750,0,0],[97375,3,0],[97250,1,0],[96875,3,0],[97000,0,0],[96000,2,0],[97500,5,0],[97625,6,0],[97875,6,0]],"typeOfSection":0,"lengthInSteps":16,"altAnim":false,"mustHitSection":false,"changeBPM":false,"bpm":120},{"sectionNotes":[[98625,1,0],[99000,3,0],[99375,0,0],[99625,2,0],[98125,2,0],[98250,0,0],[98875,0,0],[99125,2,0],[99750,3,234.375]],"typeOfSection":0,"lengthInSteps":16,"altAnim":false,"mustHitSection":true,"changeBPM":false,"bpm":120},{"sectionNotes":[[100500,0,0],[100875,3,0],[101125,3,0],[101250,0,0],[101500,0,0],[101625,1,0],[101875,3,0],[100375,1,0],[100625,1,0],[100125,1,0]],"typeOfSection":0,"lengthInSteps":16,"altAnim":false,"mustHitSection":true,"changeBPM":false,"bpm":120},{"sectionNotes":[[102375,3,0],[102625,3,0],[102750,0,0],[103375,3,0],[103250,1,0],[102875,3,0],[103000,0,0],[102000,2,0],[103500,5,0],[103875,5,0],[103500,2,609.375]],"typeOfSection":0,"lengthInSteps":16,"altAnim":false,"mustHitSection":true,"changeBPM":false,"bpm":120},{"sectionNotes":[[104250,5,609],[105000,7,609],[105750,4,609],[105000,1,0],[105375,1,0],[105750,1,0],[105875,3,0],[104250,3,0],[104375,0,0],[104625,3,0],[104750,0,0]],"typeOfSection":0,"lengthInSteps":16,"altAnim":false,"mustHitSection":false,"changeBPM":false,"bpm":120},{"sectionNotes":[[107250,5,609],[106500,6,609.375],[106125,5,0],[106250,7,0],[106500,1,0],[106875,1,0],[107250,3,0],[107375,0,0],[107625,3,0],[107750,0,0]],"typeOfSection":0,"lengthInSteps":16,"altAnim":false,"mustHitSection":true,"changeBPM":false,"bpm":120},{"sectionNotes":[[108000,1,0],[108375,1,0],[108875,3,0],[109375,3,0],[108000,7,609],[108750,4,609.375],[109500,6,0],[109875,6,0],[108750,1,0],[109125,0,0]],"typeOfSection":0,"lengthInSteps":16,"altAnim":false,"mustHitSection":true,"changeBPM":false,"bpm":120},{"sectionNotes":[[110125,2,0],[110250,0,0],[110500,0,0],[110625,0,0],[110875,0,0],[111000,1,0],[111375,1,0],[111625,1,0],[111750,3,0]],"typeOfSection":0,"lengthInSteps":16,"altAnim":false,"mustHitSection":false,"changeBPM":false,"bpm":120},{"sectionNotes":[[112000,7,0],[112125,7,0],[112375,7,0],[112500,2,0],[112875,2,0],[113125,2,0],[113250,0,0],[113500,0,0],[113625,0,0],[113875,0,0]],"typeOfSection":0,"lengthInSteps":16,"altAnim":false,"mustHitSection":true,"changeBPM":false,"bpm":120},{"sectionNotes":[[114000,1,0],[114375,1,0],[114625,1,0],[114750,3,0],[115000,3,0],[115125,1,0],[115375,0,0],[115500,1,1500]],"typeOfSection":0,"lengthInSteps":16,"altAnim":false,"mustHitSection":true,"changeBPM":false,"bpm":120},{"lengthInSteps":16,"typeOfSection":0,"sectionNotes":[],"altAnim":false,"bpm":120,"changeBPM":false,"mustHitSection":true},{"sectionNotes":[],"typeOfSection":0,"lengthInSteps":16,"altAnim":false,"mustHitSection":true,"changeBPM":false,"bpm":120},{"sectionNotes":[],"typeOfSection":0,"lengthInSteps":16,"altAnim":false,"mustHitSection":true,"changeBPM":false,"bpm":120},{"lengthInSteps":16,"typeOfSection":0,"sectionNotes":[],"altAnim":false,"bpm":120,"changeBPM":false,"mustHitSection":true},{"lengthInSteps":16,"typeOfSection":0,"sectionNotes":[],"altAnim":false,"bpm":120,"changeBPM":false,"mustHitSection":true},{"lengthInSteps":16,"typeOfSection":0,"sectionNotes":[],"altAnim":false,"bpm":120,"changeBPM":false,"mustHitSection":true},{"sectionNotes":[],"typeOfSection":0,"lengthInSteps":16,"altAnim":false,"mustHitSection":true,"changeBPM":false,"bpm":120},{"lengthInSteps":16,"altAnim":false,"typeOfSection":0,"sectionNotes":[],"bpm":120,"changeBPM":false,"mustHitSection":true},{"lengthInSteps":16,"altAnim":false,"typeOfSection":0,"sectionNotes":[],"bpm":120,"changeBPM":false,"mustHitSection":true},{"lengthInSteps":16,"altAnim":false,"typeOfSection":0,"sectionNotes":[],"bpm":120,"changeBPM":false,"mustHitSection":true},{"lengthInSteps":16,"altAnim":false,"typeOfSection":0,"sectionNotes":[],"bpm":120,"changeBPM":false,"mustHitSection":true},{"lengthInSteps":16,"altAnim":false,"typeOfSection":0,"sectionNotes":[],"bpm":120,"changeBPM":false,"mustHitSection":true}],"song":"Garden-havoc","validScore":true,"sections":0,"needsVoices":true,"speed":1.5,"bpm":120}}