{"name":null,"assets":"aoy4:sizei4276766y4:typey5:MUSICy2:idy35:assets%2Fsongs%2Fblammed%2FInst.mp3y9:pathGroupaR4hy7:preloadtgoR0i1320257R1R2R3y37:assets%2Fsongs%2Fblammed%2FVoices.mp3R5aR7hR6tgoR0i934584R1R2R3y35:assets%2Fsongs%2Fbopeebo%2FInst.mp3R5aR8hR6tgoR0i942108R1R2R3y37:assets%2Fsongs%2Fbopeebo%2FVoices.mp3R5aR9hR6tgoR0i4608000R1R2R3y33:assets%2Fsongs%2Fcocoa%2FInst.mp3R5aR10hR6tgoR0i2304592R1R2R3y35:assets%2Fsongs%2Fcocoa%2FVoices.mp3R5aR11hR6tgoR0i1498202R1R2R3y37:assets%2Fsongs%2Fdadbattle%2FInst.mp3R5aR12hR6tgoR0i1498202R1R2R3y39:assets%2Fsongs%2Fdadbattle%2FVoices.mp3R5aR13hR6tgoR0i3760320R1R2R3y34:assets%2Fsongs%2Feggnog%2FInst.mp3R5aR14hR6tgoR0i1880364R1R2R3y36:assets%2Fsongs%2Feggnog%2FVoices.mp3R5aR15hR6tgoR0i1269199R1R2R3y33:assets%2Fsongs%2Ffresh%2FInst.mp3R5aR16hR6tgoR0i1269513R1R2R3y35:assets%2Fsongs%2Ffresh%2FVoices.mp3R5aR17hR6tgoR0i4224000R1R2R3y32:assets%2Fsongs%2Fhigh%2FInst.mp3R5aR18hR6tgoR0i2112331R1R2R3y34:assets%2Fsongs%2Fhigh%2FVoices.mp3R5aR19hR6tgoR0i4987200R1R2R3y32:assets%2Fsongs%2Fmilf%2FInst.mp3R5aR20hR6tgoR0i2493719R1R2R3y34:assets%2Fsongs%2Fmilf%2FVoices.mp3R5aR21hR6tgoR0i4003866R1R2R3y35:assets%2Fsongs%2Fmonster%2FInst.mp3R5aR22hR6tgoR0i2136608R1R2R3y37:assets%2Fsongs%2Fmonster%2FVoices.mp3R5aR23hR6tgoR0i4059427R1R2R3y34:assets%2Fsongs%2Fphilly%2FInst.mp3R5aR24hR6tgoR0i4059427R1R2R3y36:assets%2Fsongs%2Fphilly%2FVoices.mp3R5aR25hR6tgoR0i3392782R1R2R3y32:assets%2Fsongs%2Fpico%2FInst.mp3R5aR26hR6tgoR0i1116460R1R2R3y34:assets%2Fsongs%2Fpico%2FVoices.mp3R5aR27hR6tgoR0i2224344R1R2R3y33:assets%2Fsongs%2Froses%2FInst.mp3R5aR28hR6tgoR0i1263864R1R2R3y35:assets%2Fsongs%2Froses%2FVoices.mp3R5aR29hR6tgoR0i1920592R1R2R3y41:assets%2Fsongs%2Fsatin-panties%2FInst.mp3R5aR30hR6tgoR0i1920592R1R2R3y43:assets%2Fsongs%2Fsatin-panties%2FVoices.mp3R5aR31hR6tgoR0i2031048R1R2R3y34:assets%2Fsongs%2Fsenpai%2FInst.mp3R5aR32hR6tgoR0i1838304R1R2R3y36:assets%2Fsongs%2Fsenpai%2FVoices.mp3R5aR33hR6tgoR0i3549517R1R2R3y33:assets%2Fsongs%2Fsouth%2FInst.mp3R5aR34hR6tgoR0i1136376R1R2R3y35:assets%2Fsongs%2Fsouth%2FVoices.mp3R5aR35hR6tgoR0i2201383R1R2R3y36:assets%2Fsongs%2Fspookeez%2FInst.mp3R5aR36hR6tgoR0i1177354R1R2R3y38:assets%2Fsongs%2Fspookeez%2FVoices.mp3R5aR37hR6tgoR0i4096320R1R2R3y32:assets%2Fsongs%2Ftest%2FInst.mp3R5aR38hR6tgoR0i408097R1R2R3y34:assets%2Fsongs%2Ftest%2FVoices.mp3R5aR39hR6tgoR0i4244160R1R2R3y34:assets%2Fsongs%2Fthorns%2FInst.mp3R5aR40hR6tgoR0i4181760R1R2R3y36:assets%2Fsongs%2Fthorns%2FVoices.mp3R5aR41hR6tgoR0i1072499R1R2R3y36:assets%2Fsongs%2Ftutorial%2FInst.mp3R5aR42hR6tgoR0i3282337R1R2R3y45:assets%2Fsongs%2Fwinter-horrorland%2FInst.mp3R5aR43hR6tgoR0i1876354R1R2R3y47:assets%2Fsongs%2Fwinter-horrorland%2FVoices.mp3R5aR44hR6tgh","rootPath":"../","version":2,"libraryArgs":[],"libraryType":null}