{"song":{"song":"Spookeez","bpm":150.0,"needsVoices":true,"player1":"bf","player2":"spooky","speed":1.0,"notes":[{"lengthInSteps":16,"mustHitSection":true,"sectionNotes":[]},{"lengthInSteps":16,"mustHitSection":true,"sectionNotes":[]},{"lengthInSteps":16,"mustHitSection":true,"sectionNotes":[]},{"lengthInSteps":16,"mustHitSection":true,"sectionNotes":[]},{"lengthInSteps":16,"mustHitSection":false,"sectionNotes":[[6400.0,0,0.0],[6799.99951,3,0.0],[7199.99951,3,0.0],[7599.99951,2,0.0]]},{"lengthInSteps":16,"mustHitSection":false,"sectionNotes":[[7999.99951,1,0.0],[8400.0,3,0.0],[8800.0,2,0.0],[9200.0,0,0.0],[9400.0,3,0.0]]},{"lengthInSteps":16,"mustHitSection":true,"sectionNotes":[[9600.0,0,0.0],[10000.0,3,0.0],[10400.0,3,0.0],[10800.0,2,0.0]]},{"lengthInSteps":16,"mustHitSection":true,"sectionNotes":[[11200.0,1,0.0],[11600.0,3,0.0],[12000.0,2,0.0],[12400.0,0,0.0],[12600.0,3,0.0]]},{"lengthInSteps":16,"mustHitSection":false,"sectionNotes":[[12800.0,2,0.0],[13199.999,0,0.0],[13599.999,2,0.0],[13799.999,0,0.0],[13999.999,1,0.0]]},{"lengthInSteps":16,"mustHitSection":false,"sectionNotes":[[14399.999,1,0.0],[14799.999,3,0.0],[15199.999,1,0.0],[15599.999,2,0.0]]},{"lengthInSteps":16,"mustHitSection":true,"sectionNotes":[[15999.999,2,0.0],[16400.0,0,0.0],[16800.0,2,0.0],[17000.0,0,0.0],[17200.0,1,0.0]]},{"lengthInSteps":16,"mustHitSection":true,"sectionNotes":[[17600.0,1,0.0],[18000.0,3,0.0],[18400.0,1,0.0],[18800.0,4,0.0],[18800.0,2,0.0]]},{"lengthInSteps":16,"mustHitSection":false,"sectionNotes":[[19200.0,2,0.0],[19400.0,1,0.0],[19600.0,3,0.0],[20000.0,3,0.0],[20300.0,3,0.0],[20600.0,3,0.0]]},{"lengthInSteps":16,"mustHitSection":false,"sectionNotes":[[20800.0,2,0.0],[21000.0,1,0.0],[21200.0,3,0.0],[21600.0,3,0.0],[21900.0,1,0.0],[22200.0,3,0.0]]},{"lengthInSteps":16,"mustHitSection":false,"sectionNotes":[[22400.0,2,0.0],[22600.0,1,0.0],[22800.0,3,0.0],[23200.0,3,0.0],[23500.0,3,0.0],[23800.0,3,0.0]]},{"lengthInSteps":16,"mustHitSection":false,"sectionNotes":[[24000.0,2,0.0],[24200.0,1,0.0],[24400.0,3,0.0],[24800.0,2,0.0],[25200.0,4,0.0]]},{"lengthInSteps":16,"mustHitSection":true,"sectionNotes":[[25600.0,2,0.0],[25799.998,1,0.0],[25999.998,3,0.0],[26399.998,3,0.0],[26699.998,3,0.0],[26999.998,3,0.0]]},{"lengthInSteps":16,"mustHitSection":true,"sectionNotes":[[27199.998,2,0.0],[27399.998,1,0.0],[27599.998,3,0.0],[27999.998,3,0.0],[28299.998,1,0.0],[28599.998,3,0.0]]},{"lengthInSteps":16,"mustHitSection":true,"sectionNotes":[[28799.998,2,0.0],[28999.998,1,0.0],[29199.998,3,0.0],[29599.998,3,0.0],[29899.998,3,0.0],[30199.998,3,0.0]]},{"lengthInSteps":16,"mustHitSection":true,"sectionNotes":[[30399.998,2,0.0],[30599.998,1,0.0],[30799.998,3,0.0],[31199.998,2,0.0],[31599.998,7,0.0]]},{"lengthInSteps":16,"mustHitSection":false,"sectionNotes":[[31999.998,0,0.0],[32399.998,3,0.0],[32800.0,3,0.0],[33200.0,2,0.0]]},{"lengthInSteps":16,"mustHitSection":false,"sectionNotes":[[33600.0,1,0.0],[34000.0,3,0.0],[34400.0,2,0.0],[34800.0,0,0.0],[35000.0,3,0.0]]},{"lengthInSteps":16,"mustHitSection":true,"sectionNotes":[[35200.0,0,0.0],[35600.0,3,0.0],[36000.0,3,0.0],[36400.0,2,0.0]]},{"lengthInSteps":16,"mustHitSection":true,"sectionNotes":[[36800.0,1,0.0],[37200.0,3,0.0],[37600.0,2,0.0],[38000.0,0,0.0],[38200.0,3,0.0]]},{"lengthInSteps":16,"mustHitSection":false,"sectionNotes":[[38400.0,2,0.0],[38800.0,0,0.0],[39200.0,2,0.0],[39400.0,0,0.0],[39600.0,1,0.0]]},{"lengthInSteps":16,"mustHitSection":false,"sectionNotes":[[40000.0,1,0.0],[40400.0,3,0.0],[40800.0,1,0.0],[41200.0,2,0.0]]},{"lengthInSteps":16,"mustHitSection":true,"sectionNotes":[[41600.0,2,0.0],[42000.0,0,0.0],[42400.0,2,0.0],[42600.0,0,0.0],[42800.0,1,0.0]]},{"lengthInSteps":16,"mustHitSection":true,"sectionNotes":[[43200.0,1,0.0],[43600.0,3,0.0],[44000.0,1,0.0],[44400.0,4,0.0],[44400.0,2,0.0],[44600.0,7,0.0]]},{"lengthInSteps":16,"mustHitSection":false,"sectionNotes":[[44800.0,2,0.0],[45000.0,0,0.0],[45200.0,3,0.0],[45600.0,3,0.0],[45900.0,3,0.0],[46200.0,3,0.0]]},{"lengthInSteps":16,"mustHitSection":false,"sectionNotes":[[46400.0,2,0.0],[46600.0,0,0.0],[46800.0,3,0.0],[47200.0,1,0.0],[47600.0,0,0.0],[47800.0,3,0.0]]},{"lengthInSteps":16,"mustHitSection":false,"sectionNotes":[[48000.0,2,0.0],[48200.0,0,0.0],[48400.0,3,0.0],[48800.0,3,0.0],[49100.0,3,0.0],[49400.0,3,0.0]]},{"lengthInSteps":16,"mustHitSection":false,"sectionNotes":[[49600.0,2,0.0],[49800.0,0,0.0],[50000.0,3,0.0],[50400.0,3,0.0],[50800.0,4,0.0],[51000.0,7,0.0]]},{"lengthInSteps":16,"mustHitSection":true,"sectionNotes":[[51200.0,2,0.0],[51399.9961,0,0.0],[51599.9961,3,0.0],[51999.9961,3,0.0],[52299.9961,3,0.0],[52599.9961,3,0.0]]},{"lengthInSteps":16,"mustHitSection":true,"sectionNotes":[[52799.9961,2,0.0],[52999.9961,0,0.0],[53199.9961,3,0.0],[53599.9961,1,0.0],[53999.9961,0,0.0],[54199.9961,3,0.0]]},{"lengthInSteps":16,"mustHitSection":true,"sectionNotes":[[54399.9961,2,0.0],[54599.9961,0,0.0],[54799.9961,3,0.0],[55199.9961,3,0.0],[55499.9961,3,0.0],[55799.9961,3,0.0]]},{"lengthInSteps":16,"mustHitSection":true,"sectionNotes":[[55999.9961,2,0.0],[56199.9961,0,0.0],[56399.9961,3,0.0],[56799.9961,3,0.0]]},{"lengthInSteps":16,"mustHitSection":false,"sectionNotes":[[57599.9961,2,300.0],[57999.9961,3,300.0],[58399.9961,1,300.0],[58799.9961,2,300.0]]},{"lengthInSteps":16,"mustHitSection":false,"sectionNotes":[[59199.9961,2,300.0],[59599.9961,0,300.0],[59999.9961,1,300.0],[60399.9961,2,300.0]]},{"lengthInSteps":16,"mustHitSection":false,"sectionNotes":[[60799.9961,1,0.0],[61399.9961,3,0.0],[61799.9961,3,0.0],[61999.9961,0,0.0]]},{"lengthInSteps":16,"mustHitSection":false,"sectionNotes":[[62399.9961,1,0.0],[62999.9961,3,0.0],[63399.9961,3,0.0],[63599.9961,0,0.0]]},{"lengthInSteps":16,"mustHitSection":true,"sectionNotes":[[63999.9961,2,300.0],[64399.9961,3,300.0],[64799.9961,1,300.0],[65199.9961,2,300.0]]},{"lengthInSteps":16,"mustHitSection":true,"sectionNotes":[[65600.0,2,300.0],[66000.0,0,300.0],[66400.0,1,300.0],[66800.0,2,300.0]]},{"lengthInSteps":16,"mustHitSection":true,"sectionNotes":[[67200.0,1,0.0],[67800.0,3,0.0],[68200.0,3,0.0],[68400.0,0,0.0]]},{"lengthInSteps":16,"mustHitSection":true,"sectionNotes":[[68800.0,4,300.0],[68800.0,1,0.0],[69200.0,5,300.0],[69400.0,3,0.0],[69600.0,7,300.0],[69800.0,3,0.0],[70000.0,5,300.0],[70000.0,0,0.0]]},{"lengthInSteps":16,"mustHitSection":false,"sectionNotes":[[70400.0,2,0.0],[70600.0,2,0.0],[71000.0,2,0.0],[71400.0,3,0.0],[71600.0,1,0.0]]},{"lengthInSteps":16,"mustHitSection":false,"sectionNotes":[[72000.0,2,0.0],[72200.0,2,0.0],[72600.0,2,0.0],[73000.0,3,0.0],[73200.0,1,0.0]]},{"lengthInSteps":16,"mustHitSection":false,"sectionNotes":[[73600.0,2,0.0],[73800.0,2,0.0],[74200.0,2,0.0],[74600.0,3,0.0],[74800.0,1,0.0]]},{"lengthInSteps":16,"mustHitSection":false,"sectionNotes":[[75200.0,4,300.0],[75200.0,2,0.0],[75400.0,2,0.0],[75600.0,5,300.0],[75800.0,2,0.0],[76000.0,7,300.0],[76200.0,3,0.0],[76400.0,5,300.0],[76400.0,1,0.0]]},{"lengthInSteps":16,"mustHitSection":true,"sectionNotes":[[76800.0,2,0.0],[77000.0,2,0.0],[77400.0,2,0.0],[77800.0,3,0.0],[78000.0,1,0.0]]},{"lengthInSteps":16,"mustHitSection":true,"sectionNotes":[[78400.0,2,0.0],[78600.0,2,0.0],[79000.0,2,0.0],[79400.0,3,0.0],[79600.0,1,0.0]]},{"lengthInSteps":16,"mustHitSection":true,"sectionNotes":[[80000.0,2,0.0],[80200.0,2,0.0],[80600.0,2,0.0],[81000.0,3,0.0],[81200.0,1,0.0]]},{"lengthInSteps":16,"mustHitSection":true,"sectionNotes":[[81600.0,4,300.0],[81600.0,2,0.0],[81800.0,2,0.0],[82000.0,5,300.0],[82200.0,2,0.0],[82400.0,7,300.0],[82600.0,3,0.0],[82800.0,5,300.0],[82800.0,1,0.0]]},{"lengthInSteps":16,"mustHitSection":false,"sectionNotes":[[83200.0,2,0.0],[83400.0,2,0.0],[83800.0,2,0.0],[84200.0,3,0.0],[84400.0,1,0.0]]},{"lengthInSteps":16,"mustHitSection":false,"sectionNotes":[[84800.0,2,0.0],[85000.0,2,0.0],[85400.0,2,0.0],[85800.0,3,0.0],[86000.0,1,0.0]]},{"lengthInSteps":16,"mustHitSection":false,"sectionNotes":[[86400.0,2,0.0],[86600.0,2,0.0],[87000.0,2,0.0],[87400.0,3,0.0],[87600.0,1,0.0]]},{"lengthInSteps":16,"mustHitSection":false,"sectionNotes":[[88000.0,4,300.0],[88000.0,2,0.0],[88200.0,2,0.0],[88400.0,5,300.0],[88600.0,2,0.0],[88800.0,7,300.0],[89000.0,3,0.0],[89200.0,5,300.0],[89200.0,1,0.0]]},{"lengthInSteps":16,"mustHitSection":true,"sectionNotes":[[89600.0,2,0.0],[89800.0,2,0.0],[90200.0,2,0.0],[90600.0,3,0.0],[90800.0,1,0.0]]},{"lengthInSteps":16,"mustHitSection":true,"sectionNotes":[[91200.0,2,0.0],[91400.0,2,0.0],[91800.0,2,0.0],[92200.0,3,0.0],[92400.0,1,0.0]]},{"lengthInSteps":16,"mustHitSection":true,"sectionNotes":[[92800.0,2,0.0],[93000.0,2,0.0],[93400.0,2,0.0],[93800.0,3,0.0],[94000.0,1,0.0]]},{"lengthInSteps":16,"mustHitSection":true,"sectionNotes":[[94400.0,2,0.0],[94600.0,2,0.0],[95000.0,2,0.0],[95400.0,3,0.0],[95600.0,1,0.0]]},{"lengthInSteps":16,"mustHitSection":true,"sectionNotes":[]},{"lengthInSteps":16,"mustHitSection":true,"sectionNotes":[]}]},"generatedBy":"SNIFF ver.6"}