{"song":{"player2":"dad","player1":"bf","speed":2.5000000000000004,"needsVoices":true,"sectionLengths":[],"song":"Kaio-ken","notes":[{"mustHitSection":false,"typeOfSection":0,"lengthInSteps":16,"sectionNotes":[]},{"mustHitSection":false,"typeOfSection":0,"lengthInSteps":16,"sectionNotes":[]},{"mustHitSection":true,"typeOfSection":0,"lengthInSteps":16,"sectionNotes":[]},{"mustHitSection":true,"typeOfSection":0,"lengthInSteps":16,"sectionNotes":[]},{"mustHitSection":false,"typeOfSection":0,"lengthInSteps":16,"sectionNotes":[[4800,0,0],[5100,1,0],[5250,5,150],[5550,4,0],[5700,3,0],[5850,5,150]]},{"mustHitSection":false,"typeOfSection":0,"lengthInSteps":16,"sectionNotes":[[6150,5,0],[6300,3,0],[6450,2,0],[6600,4,0],[6900,3,0],[7050,0,0],[6750,1,0]]},{"mustHitSection":true,"typeOfSection":0,"lengthInSteps":16,"sectionNotes":[[7200,0,0],[7500,1,0],[7650,5,150],[7950,4,0],[8100,3,0],[8250,5,150]]},{"mustHitSection":true,"typeOfSection":0,"lengthInSteps":16,"sectionNotes":[[8550,5,0],[8700,3,0],[8850,2,0],[9000,4,0],[9300,3,0],[9450,0,0],[9150,1,0]]},{"mustHitSection":false,"typeOfSection":0,"lengthInSteps":16,"sectionNotes":[[9600,0,0],[9900,1,0],[10050,5,150],[10350,4,0],[10500,3,0],[10650,5,150],[9675,2,0],[9750,3,0],[9825,2,0]]},{"mustHitSection":false,"typeOfSection":0,"lengthInSteps":16,"sectionNotes":[[10950,5,0],[11100,3,0],[11250,2,0],[11400,4,0],[11700,3,0],[11475,3,0],[11550,0,0],[11625,1,0],[11850,5,0]]},{"mustHitSection":true,"typeOfSection":0,"lengthInSteps":16,"sectionNotes":[[12000,0,0],[12300,1,0],[12450,5,150],[12750,4,0],[12900,3,0],[13050,5,150],[12075,2,0],[12150,3,0],[12225,2,0]]},{"mustHitSection":true,"typeOfSection":0,"lengthInSteps":16,"sectionNotes":[[13350,5,0],[13500,3,0],[13650,2,0],[13800,4,0],[14100,3,0],[13875,3,0],[13950,0,0],[14025,1,0],[14250,5,0]]},{"mustHitSection":false,"typeOfSection":0,"lengthInSteps":16,"sectionNotes":[[14400,0,0],[14700,1,0],[14850,5,150],[15150,4,0],[15300,3,0],[15450,5,150]]},{"mustHitSection":false,"typeOfSection":0,"lengthInSteps":16,"sectionNotes":[[15750,5,0],[15900,3,0],[16050,2,0],[16200,4,0],[16500,3,0],[16650,0,0],[16350,1,0]]},{"mustHitSection":true,"typeOfSection":0,"lengthInSteps":16,"sectionNotes":[[16800,0,0],[17100,1,0],[17250,5,150],[17550,4,0],[17700,3,0],[17850,5,150]]},{"mustHitSection":true,"typeOfSection":0,"lengthInSteps":16,"sectionNotes":[[18150,5,0],[18300,3,0],[18450,2,0],[18600,4,0],[18900,3,0],[19050,0,0],[18750,1,0]]},{"mustHitSection":false,"typeOfSection":0,"lengthInSteps":16,"sectionNotes":[[19200,0,0],[19500,1,0],[19650,5,150],[19950,4,0],[20100,3,0],[20250,5,150],[19275,2,0],[19350,3,0],[19425,2,0]]},{"mustHitSection":false,"typeOfSection":0,"lengthInSteps":16,"sectionNotes":[[20550,5,0],[20700,3,0],[20850,2,0],[21000,4,0],[21300,3,0],[21075,3,0],[21150,0,0],[21225,1,0],[21450,5,0]]},{"mustHitSection":true,"typeOfSection":0,"lengthInSteps":16,"sectionNotes":[[21600,0,0],[21900,1,0],[22050,5,150],[22350,4,0],[22500,3,0],[22650,5,150],[21675,2,0],[21750,3,0],[21825,2,0]]},{"mustHitSection":true,"typeOfSection":0,"lengthInSteps":16,"sectionNotes":[[22950,5,0],[23100,3,0],[23250,2,0],[23400,4,0],[23700,3,0],[23475,3,0],[23550,0,0],[23625,1,0],[23850,5,0]]},{"mustHitSection":false,"typeOfSection":0,"lengthInSteps":16,"sectionNotes":[[24000,4,0],[24150,0,0],[24300,1,0],[24450,3,187.5],[24900,5,0],[24750,4,0],[25050,2,187.5]]},{"mustHitSection":false,"typeOfSection":0,"lengthInSteps":16,"sectionNotes":[[25350,3,0],[25500,0,0],[25650,2,0],[25800,5,0],[25950,4,0],[26100,3,0],[26250,0,0]]},{"mustHitSection":false,"typeOfSection":0,"lengthInSteps":16,"sectionNotes":[[26400,1,187.5],[26700,0,0],[26850,1,187.5],[27150,2,0],[27300,3,187.5]]},{"mustHitSection":false,"typeOfSection":0,"lengthInSteps":16,"sectionNotes":[[27600,5,0],[27750,4,187.5],[28050,3,0],[28200,5,0],[28275,3,0],[28350,0,0],[28425,2,0],[28500,4,0],[28575,5,0],[28650,3,0],[28725,1,0]]},{"mustHitSection":false,"typeOfSection":0,"lengthInSteps":16,"sectionNotes":[[28800,4,0],[28950,0,0],[29100,1,0],[29250,3,187.5],[29550,1,0],[29700,3,0],[29850,4,187.5]]},{"mustHitSection":false,"typeOfSection":0,"lengthInSteps":16,"sectionNotes":[[30150,4,0],[30300,2,0],[30450,3,0],[30600,5,0],[30750,3,0],[30900,1,0],[31050,0,0]]},{"mustHitSection":false,"typeOfSection":0,"lengthInSteps":16,"sectionNotes":[[31200,2,187.5],[31500,0,0],[31650,1,187.5],[31950,5,0],[32100,4,187.5]]},{"mustHitSection":false,"typeOfSection":0,"lengthInSteps":16,"sectionNotes":[[32400,2,0],[32550,3,187.5],[32850,4,0],[33000,2,0],[33150,1,0],[33300,3,0],[33375,2,0],[33450,0,0]]},{"mustHitSection":true,"typeOfSection":0,"lengthInSteps":16,"sectionNotes":[[33600,4,0],[33750,0,0],[33900,1,0],[34050,3,187.5],[34500,5,0],[34350,4,0],[34650,2,187.5]]},{"mustHitSection":true,"typeOfSection":0,"lengthInSteps":16,"sectionNotes":[[34950,3,0],[35100,0,0],[35250,2,0],[35400,5,0],[35550,4,0],[35700,3,0],[35850,0,0]]},{"mustHitSection":true,"typeOfSection":0,"lengthInSteps":16,"sectionNotes":[[36000,1,187.5],[36300,0,0],[36450,1,187.5],[36750,2,0],[36900,3,187.5]]},{"mustHitSection":true,"typeOfSection":0,"lengthInSteps":16,"sectionNotes":[[37200,5,0],[37350,4,187.5],[37650,3,0],[37800,5,0],[37875,3,0],[37950,0,0],[38025,2,0],[38100,4,0],[38175,5,0],[38250,3,0],[38325,1,0]]},{"mustHitSection":true,"typeOfSection":0,"lengthInSteps":16,"sectionNotes":[[38400,4,0],[38550,0,0],[38700,1,0],[38850,3,187.5],[39150,1,0],[39300,3,0],[39450,4,187.5]]},{"mustHitSection":true,"typeOfSection":0,"lengthInSteps":16,"sectionNotes":[[39750,4,0],[39900,2,0],[40050,3,0],[40200,5,0],[40350,3,0],[40500,1,0],[40650,0,0]]},{"mustHitSection":true,"typeOfSection":0,"lengthInSteps":16,"sectionNotes":[[40800,2,187.5],[41100,0,0],[41250,1,187.5],[41550,5,0],[41700,4,187.5]]},{"mustHitSection":true,"typeOfSection":0,"lengthInSteps":16,"sectionNotes":[[42000,2,0],[42150,3,187.5],[42450,4,0],[42600,2,0],[42750,1,0],[42900,3,0],[42975,2,0],[43050,0,0]]},{"mustHitSection":false,"typeOfSection":0,"lengthInSteps":16,"sectionNotes":[[43200,4,0],[43350,3,0],[43500,1,0],[43650,2,0],[43800,5,0],[43950,3,0],[44100,4,0],[44250,2,0]]},{"mustHitSection":false,"typeOfSection":0,"lengthInSteps":16,"sectionNotes":[[44400,0,0],[44550,1,0],[44700,2,0],[44850,4,0],[45000,3,0],[45150,3,0],[45300,2,0],[45075,5,0],[45375,0,0],[45450,2,0],[45525,1,0],[45225,4,0]]},{"mustHitSection":false,"typeOfSection":0,"lengthInSteps":16,"sectionNotes":[[45600,2,0],[45750,1,0],[45825,2,0],[45900,4,0],[46050,3,0],[46200,5,0],[46350,5,0],[46500,1,0],[46650,0,0]]},{"mustHitSection":false,"typeOfSection":0,"lengthInSteps":16,"sectionNotes":[[46800,1,0],[46875,2,0],[46950,1,0],[47100,3,0],[47175,5,0],[47250,4,0],[47325,5,0],[47400,4,0],[47475,3,0],[47550,2,0],[47700,0,0],[47850,2,0]]},{"mustHitSection":true,"typeOfSection":0,"lengthInSteps":16,"sectionNotes":[[48000,4,0],[48150,3,0],[48300,1,0],[48450,2,0],[48600,5,0],[48750,3,0],[48900,4,0],[49050,2,0]]},{"mustHitSection":true,"typeOfSection":0,"lengthInSteps":16,"sectionNotes":[[49200,0,0],[49350,1,0],[49500,2,0],[49650,4,0],[49800,3,0],[49950,3,0],[50100,2,0],[49875,5,0],[50175,0,0],[50250,2,0],[50325,1,0],[50025,4,0]]},{"lengthInSteps":16,"bpm":120,"changeBPM":false,"mustHitSection":true,"sectionNotes":[[50400,2,0],[50550,1,0],[50625,2,0],[50700,4,0],[50850,3,0],[51000,5,0],[51150,5,0],[51300,1,0],[51450,0,0]],"typeOfSection":0},{"lengthInSteps":16,"bpm":120,"changeBPM":false,"mustHitSection":true,"sectionNotes":[[51600,1,0],[51675,2,0],[51750,1,0],[51900,3,0],[51975,5,0],[52050,4,0],[52125,5,0],[52200,4,0],[52275,3,0],[52350,2,0],[52500,0,0],[52650,2,0]],"typeOfSection":0,"altAnim":false},{"lengthInSteps":16,"bpm":200,"changeBPM":false,"mustHitSection":false,"sectionNotes":[[52800,4,0],[52950,3,0],[53100,1,0],[53250,2,0],[53400,5,0],[53550,3,0],[53700,4,0],[53850,2,0],[52800,8,0],[53250,8,0],[53850,9,0],[53100,7,0],[53550,7,0],[52875,5,0],[53325,3,0],[53775,3,0]],"typeOfSection":0,"altAnim":false},{"lengthInSteps":16,"bpm":200,"changeBPM":false,"mustHitSection":false,"sectionNotes":[[54000,0,0],[54150,1,0],[54300,2,0],[54450,4,0],[54750,3,0],[54900,2,0],[54675,5,0],[54975,0,0],[55050,2,0],[55125,1,0],[54825,4,0],[54450,9,0],[54750,9,0],[54600,3,0],[54600,8,0],[54900,8,0],[54150,8,0],[55050,9,0]],"typeOfSection":0,"altAnim":false},{"lengthInSteps":16,"bpm":200,"changeBPM":false,"mustHitSection":false,"sectionNotes":[[55200,2,0],[55350,1,0],[55425,2,0],[55500,4,0],[55650,3,0],[55800,5,0],[55950,5,0],[56100,1,0],[56250,0,0],[55200,10,0],[55500,11,0],[55650,10,0],[55950,11,0],[56250,6,0],[55875,4,0]],"typeOfSection":0,"altAnim":false},{"lengthInSteps":16,"bpm":200,"changeBPM":false,"mustHitSection":false,"sectionNotes":[[56400,1,0],[56475,2,0],[56550,1,0],[56700,3,0],[56775,5,0],[56850,4,0],[56925,5,0],[57000,4,0],[57075,3,0],[57150,2,0],[57300,0,0],[57450,2,0],[56550,7,0],[56850,6,0],[57000,7,0],[57150,6,0],[57300,7,0],[57450,6,0]],"typeOfSection":0,"altAnim":false},{"lengthInSteps":16,"bpm":200,"changeBPM":false,"mustHitSection":true,"sectionNotes":[[57600,4,0],[57750,3,0],[57900,1,0],[58050,2,0],[58200,5,0],[58350,3,0],[58500,4,0],[58650,2,0],[57600,4,0],[57750,3,0],[57900,1,0],[58050,2,0],[58200,5,0],[58350,3,0],[58500,4,0],[58650,2,0],[57600,8,0],[58050,8,0],[58650,9,0],[57900,7,0],[58350,7,0],[57600,4,0],[57750,3,0],[57900,1,0],[58050,2,0],[58200,5,0],[58350,3,0],[58500,4,0],[58650,2,0],[57600,8,0],[58050,8,0],[58650,9,0],[57900,7,0],[58350,7,0],[57675,5,0],[58125,3,0],[58575,3,0]],"typeOfSection":0,"altAnim":false},{"lengthInSteps":16,"bpm":200,"changeBPM":false,"mustHitSection":true,"sectionNotes":[[58800,0,0],[58950,1,0],[59100,2,0],[59250,4,0],[59400,3,0],[59550,3,0],[59700,2,0],[59475,5,0],[59775,0,0],[59850,2,0],[59925,1,0],[59625,4,0],[58800,0,0],[58950,1,0],[59100,2,0],[59250,4,0],[59550,3,0],[59700,2,0],[59475,5,0],[59775,0,0],[59850,2,0],[59925,1,0],[59625,4,0],[59250,9,0],[59550,9,0],[59400,3,0],[59400,8,0],[59700,8,0],[58950,8,0],[59850,9,0],[58800,0,0],[58950,1,0],[59100,2,0],[59250,4,0],[59550,3,0],[59700,2,0],[59475,5,0],[59775,0,0],[59850,2,0],[59925,1,0],[59625,4,0],[59250,9,0],[59550,9,0],[59400,3,0],[59400,8,0],[59700,8,0],[58950,8,0],[59850,9,0],[58800,0,0],[58950,1,0],[59100,2,0],[59250,4,0],[59550,3,0],[59700,2,0],[59475,5,0],[59775,0,0],[59850,2,0],[59925,1,0],[59625,4,0],[59250,9,0],[59550,9,0],[59400,3,0],[59400,8,0],[59700,8,0],[58950,8,0],[59850,9,0]],"typeOfSection":0,"altAnim":false},{"lengthInSteps":16,"bpm":200,"changeBPM":false,"mustHitSection":true,"sectionNotes":[[60000,2,0],[60150,1,0],[60225,2,0],[60300,4,0],[60450,3,0],[60600,5,0],[60750,5,0],[60900,1,0],[61050,0,0],[60000,2,0],[60150,1,0],[60225,2,0],[60300,4,0],[60450,3,0],[60600,5,0],[60750,5,0],[60900,1,0],[61050,0,0],[60000,10,0],[60300,11,0],[60450,10,0],[60750,11,0],[61050,6,0],[60000,2,0],[60150,1,0],[60225,2,0],[60300,4,0],[60450,3,0],[60600,5,0],[60750,5,0],[60900,1,0],[61050,0,0],[60000,10,0],[60300,11,0],[60450,10,0],[60750,11,0],[61050,6,0],[60675,4,0]],"typeOfSection":0,"altAnim":false},{"lengthInSteps":16,"bpm":200,"changeBPM":false,"mustHitSection":true,"sectionNotes":[[61200,1,0],[61275,2,0],[61350,1,0],[61500,3,0],[61575,5,0],[61650,4,0],[61725,5,0],[61800,4,0],[61875,3,0],[61950,2,0],[62100,0,0],[62250,2,0],[61200,1,0],[61275,2,0],[61350,1,0],[61500,3,0],[61575,5,0],[61650,4,0],[61725,5,0],[61800,4,0],[61875,3,0],[61950,2,0],[62100,0,0],[62250,2,0],[61350,7,0],[61650,6,0],[61800,7,0],[61950,6,0],[62100,7,0],[62250,6,0],[61200,1,0],[61275,2,0],[61350,1,0],[61500,3,0],[61575,5,0],[61650,4,0],[61725,5,0],[61800,4,0],[61875,3,0],[61950,2,0],[62100,0,0],[62250,2,0],[61350,7,0],[61650,6,0],[61800,7,0],[61950,6,0],[62100,7,0],[62250,6,0]],"typeOfSection":0,"altAnim":false},{"lengthInSteps":16,"bpm":200,"changeBPM":false,"mustHitSection":false,"sectionNotes":[[62400,3,0],[62550,0,0],[62700,1,0],[62850,4,187.5],[63150,5,0],[63300,2,0],[63450,4,187.5]],"typeOfSection":0,"altAnim":false},{"lengthInSteps":16,"bpm":200,"changeBPM":false,"mustHitSection":false,"sectionNotes":[[63750,3,0],[63900,2,0],[64050,0,0],[64200,3,0],[64350,1,0],[64500,3,0],[64650,5,0]],"typeOfSection":0,"altAnim":false},{"lengthInSteps":16,"bpm":200,"changeBPM":false,"mustHitSection":false,"sectionNotes":[[64800,3,0],[64950,0,0],[65100,1,0],[65250,4,187.5],[65550,5,0],[65850,4,187.5],[65700,3,0]],"typeOfSection":0,"altAnim":false},{"lengthInSteps":16,"bpm":200,"changeBPM":false,"mustHitSection":false,"sectionNotes":[[66300,2,0],[66150,4,0],[66450,3,0],[66600,0,0],[66750,1,0],[66900,3,0],[67050,2,0]],"typeOfSection":0,"altAnim":false},{"lengthInSteps":16,"bpm":200,"changeBPM":false,"mustHitSection":false,"sectionNotes":[[67200,3,0],[67350,0,0],[67500,1,0],[67650,4,187.5],[67950,5,0],[68100,2,0],[68250,4,187.5],[67275,2,0],[68025,4,0],[68175,3,0]],"typeOfSection":0,"altAnim":false},{"lengthInSteps":16,"bpm":200,"changeBPM":false,"mustHitSection":false,"sectionNotes":[[68550,3,0],[69000,3,0],[69150,1,0],[69300,3,0],[69450,5,0],[68625,2,0],[68775,0,0],[68850,1,0],[68925,2,0],[69075,5,0],[69225,0,0],[69375,4,0],[68700,3,0],[69525,4,0]],"typeOfSection":0,"altAnim":false},{"lengthInSteps":16,"bpm":200,"changeBPM":false,"mustHitSection":false,"sectionNotes":[[69600,3,0],[69750,0,0],[69900,1,0],[70050,4,187.5],[70350,5,0],[70650,4,187.5],[70425,4,0],[70500,3,0],[70575,2,0]],"typeOfSection":0,"altAnim":false},{"lengthInSteps":16,"bpm":200,"changeBPM":false,"mustHitSection":false,"sectionNotes":[[71100,2,0],[70950,4,0],[71250,3,0],[71400,0,0],[71700,3,0],[71850,2,0],[71025,5,0],[71175,1,0],[71325,4,0],[71475,1,0],[71550,5,0],[71625,4,0],[71775,4,0],[71925,1,0]],"typeOfSection":0,"altAnim":false},{"lengthInSteps":16,"bpm":200,"changeBPM":false,"mustHitSection":true,"sectionNotes":[[72000,3,0],[72150,0,0],[72300,1,0],[72450,4,187.5],[72750,5,0],[72900,2,0],[73050,4,187.5]],"typeOfSection":0,"altAnim":false},{"lengthInSteps":16,"bpm":200,"changeBPM":false,"mustHitSection":true,"sectionNotes":[[73350,3,0],[73500,2,0],[73650,0,0],[73800,3,0],[73950,1,0],[74100,3,0],[74250,5,0]],"typeOfSection":0,"altAnim":false},{"lengthInSteps":16,"bpm":200,"changeBPM":false,"mustHitSection":true,"sectionNotes":[[74400,3,0],[74550,0,0],[74700,1,0],[74850,4,187.5],[75150,5,0],[75450,4,187.5],[75300,3,0]],"typeOfSection":0,"altAnim":false},{"lengthInSteps":16,"bpm":200,"changeBPM":false,"mustHitSection":true,"sectionNotes":[[75900,2,0],[75750,4,0],[76050,3,0],[76200,0,0],[76350,1,0],[76500,3,0],[76650,2,0]],"typeOfSection":0,"altAnim":false},{"lengthInSteps":16,"bpm":200,"changeBPM":false,"mustHitSection":true,"sectionNotes":[[76800,3,0],[76950,0,0],[77100,1,0],[77250,4,187.5],[77550,5,0],[77700,2,0],[77850,4,187.5],[76875,2,0],[77625,4,0],[77775,3,0]],"typeOfSection":0,"altAnim":false},{"lengthInSteps":16,"bpm":200,"changeBPM":false,"mustHitSection":true,"sectionNotes":[[78150,3,0],[78600,3,0],[78750,1,0],[78900,3,0],[79050,5,0],[78225,2,0],[78375,0,0],[78450,1,0],[78525,2,0],[78675,5,0],[78825,0,0],[78975,4,0],[78300,3,0],[79125,4,0]],"typeOfSection":0,"altAnim":false},{"lengthInSteps":16,"bpm":200,"changeBPM":false,"mustHitSection":true,"sectionNotes":[[79200,3,0],[79350,0,0],[79500,1,0],[79650,4,187.5],[79950,5,0],[80250,4,187.5],[80025,4,0],[80100,3,0],[80175,2,0]],"typeOfSection":0,"altAnim":false},{"lengthInSteps":16,"bpm":200,"changeBPM":false,"mustHitSection":true,"sectionNotes":[[80700,2,0],[80550,4,0],[80850,3,0],[81000,0,0],[81300,3,0],[81450,2,0],[80625,5,0],[80775,1,0],[80925,4,0],[81075,1,0],[81150,5,0],[81225,4,0],[81375,4,0],[81525,1,0]],"typeOfSection":0,"altAnim":false},{"lengthInSteps":16,"bpm":200,"changeBPM":false,"mustHitSection":false,"sectionNotes":[[81600,0,1125]],"typeOfSection":0,"altAnim":false},{"lengthInSteps":16,"bpm":200,"changeBPM":false,"mustHitSection":false,"sectionNotes":[[82800,1,487.5],[83400,3,487.5]],"typeOfSection":0,"altAnim":false},{"lengthInSteps":16,"bpm":200,"changeBPM":false,"mustHitSection":false,"sectionNotes":[[84000,5,1087.5]],"typeOfSection":0,"altAnim":false},{"lengthInSteps":16,"bpm":200,"changeBPM":false,"mustHitSection":false,"sectionNotes":[[85200,4,487.5],[85800,3,187.5],[86100,1,187.5]],"typeOfSection":0,"altAnim":false},{"lengthInSteps":16,"bpm":200,"changeBPM":false,"mustHitSection":false,"sectionNotes":[[86400,4,0],[86550,0,0],[86850,1,0],[87150,0,0],[87450,1,0]],"typeOfSection":0,"altAnim":false},{"lengthInSteps":16,"bpm":200,"changeBPM":false,"mustHitSection":false,"sectionNotes":[[87750,0,0],[88050,1,0],[88200,0,0],[88350,1,0],[88500,2,0],[88650,3,0]],"typeOfSection":0,"altAnim":false},{"lengthInSteps":16,"bpm":200,"changeBPM":false,"mustHitSection":false,"sectionNotes":[[88800,5,0],[88950,3,0],[89250,4,0],[89550,3,0],[89850,4,0]],"typeOfSection":0,"altAnim":false},{"lengthInSteps":16,"bpm":200,"changeBPM":false,"mustHitSection":false,"sectionNotes":[[90150,3,0],[90450,4,0],[90600,3,0],[90750,4,0],[90900,2,0],[90975,4,0],[91050,5,0]],"typeOfSection":0,"altAnim":false},{"lengthInSteps":16,"bpm":200,"changeBPM":false,"mustHitSection":true,"sectionNotes":[[91200,6,1125],[91200,0,1125]],"typeOfSection":0,"altAnim":false},{"lengthInSteps":16,"bpm":200,"changeBPM":false,"mustHitSection":true,"sectionNotes":[[92400,7,487.5],[93000,9,487.5],[92400,1,487.5],[93000,3,487.5]],"typeOfSection":0,"altAnim":false},{"lengthInSteps":16,"bpm":200,"changeBPM":false,"mustHitSection":true,"sectionNotes":[[93600,11,1087.5],[93600,5,1087.5]],"typeOfSection":0,"altAnim":false},{"lengthInSteps":16,"bpm":200,"changeBPM":false,"mustHitSection":true,"sectionNotes":[[94800,10,487.5],[95400,9,187.5],[95700,7,187.5],[94800,4,487.5],[95400,3,187.5],[95700,1,187.5]],"typeOfSection":0,"altAnim":false},{"lengthInSteps":16,"bpm":200,"changeBPM":false,"mustHitSection":true,"sectionNotes":[[96000,10,0],[96150,6,0],[96450,7,0],[96750,6,0],[97050,7,0],[96000,4,0],[96150,0,0],[96450,1,0],[96750,0,0],[97050,1,0]],"typeOfSection":0,"altAnim":false},{"lengthInSteps":16,"bpm":200,"changeBPM":false,"mustHitSection":true,"sectionNotes":[[97350,6,0],[97650,7,0],[97800,6,0],[97950,7,0],[98100,8,0],[98250,9,0],[97350,6,0],[97650,7,0],[97800,6,0],[97950,7,0],[98100,8,0],[98250,9,0],[97350,0,0],[97650,1,0],[97800,0,0],[97950,1,0],[98100,2,0],[98250,3,0]],"typeOfSection":0,"altAnim":false},{"lengthInSteps":16,"bpm":200,"changeBPM":false,"mustHitSection":true,"sectionNotes":[[98400,11,0],[98550,9,0],[98850,10,0],[99150,9,0],[99450,10,0],[98400,5,0],[98550,3,0],[98850,4,0],[99150,3,0],[99450,4,0]],"typeOfSection":0,"altAnim":false},{"lengthInSteps":16,"bpm":200,"changeBPM":false,"mustHitSection":true,"sectionNotes":[[99750,3,0],[100050,4,0],[100350,3,0],[100500,4,0],[100650,3,0],[99750,9,0],[100050,10,0],[100350,9,0],[100500,10,0],[100650,9,0]],"typeOfSection":0,"altAnim":false},{"lengthInSteps":16,"bpm":200,"changeBPM":false,"mustHitSection":false,"sectionNotes":[[100800,4,0],[100950,3,0],[101100,1,0],[101250,2,0],[101400,5,0],[101550,3,0],[101700,4,0],[101850,2,0]],"typeOfSection":0,"altAnim":false},{"lengthInSteps":16,"bpm":200,"changeBPM":false,"mustHitSection":false,"sectionNotes":[[102000,0,0],[102150,1,0],[102300,2,0],[102450,4,0],[102600,3,0],[102750,3,0],[102900,2,0],[102675,5,0],[102975,0,0],[103050,2,0],[103125,1,0],[102825,4,0]],"typeOfSection":0,"altAnim":false},{"lengthInSteps":16,"bpm":200,"changeBPM":false,"mustHitSection":false,"sectionNotes":[[103200,2,0],[103350,1,0],[103425,2,0],[103500,4,0],[103650,3,0],[103800,5,0],[103950,5,0],[104100,1,0],[104250,0,0]],"typeOfSection":0,"altAnim":false},{"lengthInSteps":16,"bpm":200,"changeBPM":false,"mustHitSection":false,"sectionNotes":[[104400,1,0],[104475,2,0],[104550,1,0],[104700,3,0],[104775,5,0],[104850,4,0],[104925,5,0],[105000,4,0],[105075,3,0],[105150,2,0],[105300,0,0],[105450,2,0]],"typeOfSection":0,"altAnim":false},{"lengthInSteps":16,"bpm":200,"changeBPM":false,"mustHitSection":true,"sectionNotes":[[105600,4,0],[105750,3,0],[105900,1,0],[106050,2,0],[106200,5,0],[106350,3,0],[106500,4,0],[106650,2,0]],"typeOfSection":0,"altAnim":false},{"lengthInSteps":16,"bpm":200,"changeBPM":false,"mustHitSection":true,"sectionNotes":[[106800,0,0],[106950,1,0],[107100,2,0],[107250,4,0],[107400,3,0],[107550,3,0],[107700,2,0],[107475,5,0],[107775,0,0],[107850,2,0],[107925,1,0],[107625,4,0]],"typeOfSection":0,"altAnim":false},{"lengthInSteps":16,"bpm":200,"changeBPM":false,"mustHitSection":true,"sectionNotes":[[108000,2,0],[108150,1,0],[108225,2,0],[108300,4,0],[108450,3,0],[108600,5,0],[108750,5,0],[108900,1,0],[109050,0,0]],"typeOfSection":0,"altAnim":false},{"lengthInSteps":16,"bpm":200,"changeBPM":false,"mustHitSection":true,"sectionNotes":[[109200,1,0],[109275,2,0],[109350,1,0],[109500,3,0],[109575,5,0],[109650,4,0],[109725,5,0],[109800,4,0],[109875,3,0],[109950,2,0],[110100,0,0],[110250,2,0]],"typeOfSection":0,"altAnim":false},{"lengthInSteps":16,"bpm":200,"changeBPM":false,"mustHitSection":false,"sectionNotes":[[110400,4,0],[110550,3,0],[110700,1,0],[110850,2,0],[111000,5,0],[111150,3,0],[111300,4,0],[111450,2,0],[110400,8,0],[110850,8,0],[111450,9,0],[110700,7,0],[111150,7,0],[110475,5,0],[110925,4,0],[111375,3,0]],"typeOfSection":0,"altAnim":false},{"lengthInSteps":16,"bpm":200,"changeBPM":false,"mustHitSection":false,"sectionNotes":[[111600,0,0],[111750,1,0],[111900,2,0],[112050,4,0],[112350,3,0],[112500,2,0],[112275,5,0],[112575,0,0],[112650,2,0],[112725,1,0],[112425,4,0],[112050,9,0],[112350,9,0],[112200,3,0],[112200,8,0],[112500,8,0],[111750,8,0],[112650,9,0]],"typeOfSection":0,"altAnim":false},{"lengthInSteps":16,"bpm":200,"changeBPM":false,"mustHitSection":false,"sectionNotes":[[112800,2,0],[112950,1,0],[113025,2,0],[113100,4,0],[113250,3,0],[113400,5,0],[113550,5,0],[113700,1,0],[113850,0,0],[112800,10,0],[113100,11,0],[113250,10,0],[113550,11,0],[113850,6,0]],"typeOfSection":0,"altAnim":false},{"lengthInSteps":16,"bpm":200,"changeBPM":false,"mustHitSection":false,"sectionNotes":[[114000,1,0],[114075,2,0],[114150,1,0],[114300,3,0],[114375,5,0],[114450,4,0],[114525,5,0],[114600,4,0],[114675,3,0],[114750,2,0],[114900,0,0],[115050,2,0],[114150,7,0],[114450,6,0],[114600,7,0],[114750,6,0],[114900,7,0],[115050,6,0]],"typeOfSection":0,"altAnim":false},{"lengthInSteps":16,"bpm":200,"changeBPM":false,"mustHitSection":true,"sectionNotes":[[115200,4,0],[115350,3,0],[115500,1,0],[115650,2,0],[115800,5,0],[115950,3,0],[116100,4,0],[116250,2,0],[115200,4,0],[115350,3,0],[115500,1,0],[115650,2,0],[115800,5,0],[115950,3,0],[116100,4,0],[116250,2,0],[115200,8,0],[115650,8,0],[116250,9,0],[115500,7,0],[115950,7,0],[115275,5,0],[115725,3,0],[116175,3,0]],"typeOfSection":0,"altAnim":false},{"lengthInSteps":16,"bpm":200,"changeBPM":false,"mustHitSection":true,"sectionNotes":[[116400,0,0],[116550,1,0],[116700,2,0],[116850,4,0],[117000,3,0],[117150,3,0],[117300,2,0],[117075,5,0],[117375,0,0],[117450,2,0],[117525,1,0],[117225,4,0],[116400,0,0],[116550,1,0],[116700,2,0],[116850,4,0],[117150,3,0],[117300,2,0],[117075,5,0],[117375,0,0],[117450,2,0],[117525,1,0],[117225,4,0],[116850,9,0],[117150,9,0],[117000,3,0],[117000,8,0],[117300,8,0],[116550,8,0],[117450,9,0]],"typeOfSection":0,"altAnim":false},{"lengthInSteps":16,"bpm":200,"changeBPM":false,"mustHitSection":true,"sectionNotes":[[117600,2,0],[117750,1,0],[117825,2,0],[117900,4,0],[118050,3,0],[118200,5,0],[118350,5,0],[118500,1,0],[118650,0,0],[117600,2,0],[117750,1,0],[117825,2,0],[117900,4,0],[118050,3,0],[118200,5,0],[118350,5,0],[118500,1,0],[118650,0,0],[117600,10,0],[117900,11,0],[118050,10,0],[118350,11,0],[118650,6,0],[118275,4,0]],"typeOfSection":0,"altAnim":false},{"lengthInSteps":16,"bpm":200,"changeBPM":false,"mustHitSection":true,"sectionNotes":[[118800,1,0],[118875,2,0],[118950,1,0],[119100,3,0],[119175,5,0],[119250,4,0],[119325,5,0],[119400,4,0],[119475,3,0],[119550,2,0],[119700,0,0],[119850,2,0],[118800,1,0],[118875,2,0],[118950,1,0],[119100,3,0],[119175,5,0],[119250,4,0],[119325,5,0],[119400,4,0],[119475,3,0],[119550,2,0],[119700,0,0],[119850,2,0],[118950,7,0],[119250,6,0],[119400,7,0],[119550,6,0],[119700,7,0],[119850,6,0]],"typeOfSection":0,"altAnim":false},{"lengthInSteps":16,"bpm":200,"changeBPM":false,"mustHitSection":false,"sectionNotes":[[120000,3,0],[120150,0,0],[120300,1,0],[120450,4,187.5],[120750,5,0],[120900,2,0],[121050,4,187.5]],"typeOfSection":0,"altAnim":false},{"lengthInSteps":16,"bpm":200,"changeBPM":false,"mustHitSection":false,"sectionNotes":[[121350,3,0],[121500,2,0],[121650,0,0],[121800,3,0],[121950,1,0],[122100,3,0],[122250,5,0]],"typeOfSection":0,"altAnim":false},{"lengthInSteps":16,"bpm":200,"changeBPM":false,"mustHitSection":false,"sectionNotes":[[122400,3,0],[122550,0,0],[122700,1,0],[122850,4,187.5],[123150,5,0],[123450,4,187.5],[123300,3,0]],"typeOfSection":0,"altAnim":false},{"lengthInSteps":16,"bpm":200,"changeBPM":false,"mustHitSection":false,"sectionNotes":[[123900,2,0],[123750,4,0],[124050,3,0],[124200,0,0],[124350,1,0],[124500,3,0],[124650,2,0]],"typeOfSection":0,"altAnim":false},{"lengthInSteps":16,"bpm":200,"changeBPM":false,"mustHitSection":false,"sectionNotes":[[124800,3,0],[124950,0,0],[125100,1,0],[125250,4,187.5],[125550,5,0],[125700,2,0],[125850,4,187.5],[124875,2,0],[125625,4,0],[125775,3,0]],"typeOfSection":0,"altAnim":false},{"lengthInSteps":16,"bpm":200,"changeBPM":false,"mustHitSection":false,"sectionNotes":[[126150,3,0],[126600,3,0],[126750,1,0],[126900,3,0],[127050,5,0],[126225,2,0],[126375,0,0],[126450,1,0],[126525,2,0],[126675,5,0],[126825,0,0],[126975,4,0],[126300,3,0],[127125,4,0]],"typeOfSection":0,"altAnim":false},{"lengthInSteps":16,"bpm":200,"changeBPM":false,"mustHitSection":false,"sectionNotes":[[127200,3,0],[127350,0,0],[127500,1,0],[127650,4,187.5],[127950,5,0],[128250,4,187.5],[128025,4,0],[128100,3,0],[128175,2,0]],"typeOfSection":0,"altAnim":false},{"lengthInSteps":16,"bpm":200,"changeBPM":false,"mustHitSection":false,"sectionNotes":[[128700,2,0],[128550,4,0],[128850,3,0],[129000,0,0],[129300,3,0],[129450,2,0],[128625,5,0],[128775,1,0],[128925,4,0],[129075,1,0],[129150,5,0],[129225,4,0],[129375,4,0],[129525,1,0]],"typeOfSection":0,"altAnim":false},{"lengthInSteps":16,"bpm":200,"changeBPM":false,"mustHitSection":true,"sectionNotes":[[129600,3,0],[129750,0,0],[129900,1,0],[130050,4,187.5],[130350,5,0],[130500,2,0],[130650,4,187.5]],"typeOfSection":0,"altAnim":false},{"lengthInSteps":16,"bpm":200,"changeBPM":false,"mustHitSection":true,"sectionNotes":[[130950,3,0],[131100,2,0],[131250,0,0],[131400,3,0],[131550,1,0],[131700,3,0],[131850,5,0]],"typeOfSection":0,"altAnim":false},{"lengthInSteps":16,"bpm":200,"changeBPM":false,"mustHitSection":true,"sectionNotes":[[132000,3,0],[132150,0,0],[132300,1,0],[132450,4,187.5],[132750,5,0],[133050,4,187.5],[132900,3,0],[132000,3,0],[132150,0,0],[132300,1,0],[132450,4,187.5],[132750,5,0],[133050,4,187.5],[132900,3,0]],"typeOfSection":0,"altAnim":false},{"lengthInSteps":16,"bpm":200,"changeBPM":false,"mustHitSection":true,"sectionNotes":[[133500,2,0],[133350,4,0],[133650,3,0],[133800,0,0],[133950,1,0],[134100,3,0],[134250,2,0],[133500,2,0],[133350,4,0],[133650,3,0],[133800,0,0],[133950,1,0],[134100,3,0],[134250,2,0]],"typeOfSection":0,"altAnim":false},{"lengthInSteps":16,"bpm":200,"changeBPM":false,"mustHitSection":true,"sectionNotes":[[134400,3,0],[134550,0,0],[134700,1,0],[134850,4,187.5],[135150,5,0],[135300,2,0],[135450,4,187.5],[134475,2,0],[135225,4,0],[135375,3,0]],"typeOfSection":0,"altAnim":false},{"lengthInSteps":16,"bpm":200,"changeBPM":false,"mustHitSection":true,"sectionNotes":[[135750,3,0],[136200,3,0],[136350,1,0],[136500,3,0],[136650,5,0],[135825,2,0],[135975,0,0],[136050,1,0],[136125,2,0],[136275,5,0],[136425,0,0],[136575,4,0],[135900,3,0],[136725,4,0]],"typeOfSection":0,"altAnim":false},{"lengthInSteps":16,"bpm":200,"changeBPM":false,"mustHitSection":true,"sectionNotes":[[136800,3,0],[136950,0,0],[137100,1,0],[137250,4,187.5],[137550,5,0],[137850,4,187.5],[137625,4,0],[137700,3,0],[137775,2,0]],"typeOfSection":0,"altAnim":false},{"lengthInSteps":16,"bpm":200,"changeBPM":false,"mustHitSection":true,"sectionNotes":[[138300,2,0],[138150,4,0],[138450,3,0],[138600,0,0],[138900,3,0],[139050,2,0],[138225,5,0],[138375,1,0],[138525,4,0],[138675,1,0],[138750,5,0],[138825,4,0],[138975,4,0]],"typeOfSection":0,"altAnim":false},{"lengthInSteps":16,"bpm":200,"changeBPM":false,"mustHitSection":true,"sectionNotes":[[139200,1,1200],[139200,4,1200]],"typeOfSection":0,"altAnim":false},{"lengthInSteps":16,"bpm":200,"changeBPM":false,"mustHitSection":true,"sectionNotes":[],"typeOfSection":0,"altAnim":false},{"lengthInSteps":16,"bpm":200,"changeBPM":false,"mustHitSection":true,"sectionNotes":[],"typeOfSection":0,"altAnim":false},{"lengthInSteps":16,"bpm":200,"changeBPM":false,"mustHitSection":true,"sectionNotes":[],"typeOfSection":0,"altAnim":false},{"lengthInSteps":16,"bpm":200,"changeBPM":false,"mustHitSection":true,"sectionNotes":[],"typeOfSection":0,"altAnim":false},{"lengthInSteps":16,"bpm":200,"changeBPM":false,"mustHitSection":true,"sectionNotes":[],"typeOfSection":0,"altAnim":false},{"lengthInSteps":16,"bpm":200,"changeBPM":false,"mustHitSection":true,"sectionNotes":[],"typeOfSection":0,"altAnim":false}],"bpm":200,"sections":0,"validScore":true,"mania":1}}