﻿<?xml version="1.0" encoding="utf-8"?>
<TextureAtlas imagePath="campaign_menu_UI_characters.png">
	<!-- Created with Adobe Animate version 20.0.3.25487 -->
	<!-- http://www.adobe.com/products/animate.html -->
	<SubTexture name="BF HEY!!0000" x="0" y="0" width="395" height="416" frameX="0" frameY="0" frameWidth="415" frameHeight="418"/>
	<SubTexture name="BF HEY!!0001" x="0" y="0" width="395" height="416" frameX="0" frameY="0" frameWidth="415" frameHeight="418"/>
	<SubTexture name="BF HEY!!0002" x="395" y="0" width="413" height="410" frameX="-1" frameY="-8" frameWidth="415" frameHeight="418"/>
	<SubTexture name="BF HEY!!0003" x="395" y="0" width="413" height="410" frameX="-1" frameY="-8" frameWidth="415" frameHeight="418"/>
	<SubTexture name="BF HEY!!0004" x="808" y="0" width="414" height="412" frameX="-1" frameY="-6" frameWidth="415" frameHeight="418"/>
	<SubTexture name="BF HEY!!0005" x="808" y="0" width="414" height="412" frameX="-1" frameY="-6" frameWidth="415" frameHeight="418"/>
	<SubTexture name="BF HEY!!0006" x="808" y="0" width="414" height="412" frameX="-1" frameY="-6" frameWidth="415" frameHeight="418"/>
	<SubTexture name="BF HEY!!0007" x="808" y="0" width="414" height="412" frameX="-1" frameY="-6" frameWidth="415" frameHeight="418"/>
	<SubTexture name="BF HEY!!0008" x="808" y="0" width="414" height="412" frameX="-1" frameY="-6" frameWidth="415" frameHeight="418"/>
	<SubTexture name="BF HEY!!0009" x="808" y="0" width="414" height="412" frameX="-1" frameY="-6" frameWidth="415" frameHeight="418"/>
	<SubTexture name="BF HEY!!0010" x="808" y="0" width="414" height="412" frameX="-1" frameY="-6" frameWidth="415" frameHeight="418"/>
	<SubTexture name="BF HEY!!0011" x="808" y="0" width="414" height="412" frameX="-1" frameY="-6" frameWidth="415" frameHeight="418"/>
	<SubTexture name="BF HEY!!0012" x="808" y="0" width="414" height="412" frameX="-1" frameY="-6" frameWidth="415" frameHeight="418"/>
	<SubTexture name="BF HEY!!0013" x="808" y="0" width="414" height="412" frameX="-1" frameY="-6" frameWidth="415" frameHeight="418"/>
	<SubTexture name="BF HEY!!0014" x="808" y="0" width="414" height="412" frameX="-1" frameY="-6" frameWidth="415" frameHeight="418"/>
	<SubTexture name="BF HEY!!0015" x="808" y="0" width="414" height="412" frameX="-1" frameY="-6" frameWidth="415" frameHeight="418"/>
	<SubTexture name="BF HEY!!0016" x="808" y="0" width="414" height="412" frameX="-1" frameY="-6" frameWidth="415" frameHeight="418"/>
	<SubTexture name="BF HEY!!0017" x="808" y="0" width="414" height="412" frameX="-1" frameY="-6" frameWidth="415" frameHeight="418"/>
	<SubTexture name="BF HEY!!0018" x="808" y="0" width="414" height="412" frameX="-1" frameY="-6" frameWidth="415" frameHeight="418"/>
	<SubTexture name="BF HEY!!0019" x="808" y="0" width="414" height="412" frameX="-1" frameY="-6" frameWidth="415" frameHeight="418"/>
	<SubTexture name="BF HEY!!0020" x="808" y="0" width="414" height="412" frameX="-1" frameY="-6" frameWidth="415" frameHeight="418"/>
	<SubTexture name="BF HEY!!0021" x="808" y="0" width="414" height="412" frameX="-1" frameY="-6" frameWidth="415" frameHeight="418"/>
	<SubTexture name="BF HEY!!0022" x="808" y="0" width="414" height="412" frameX="-1" frameY="-6" frameWidth="415" frameHeight="418"/>
	<SubTexture name="BF HEY!!0023" x="808" y="0" width="414" height="412" frameX="-1" frameY="-6" frameWidth="415" frameHeight="418"/>
	<SubTexture name="BF HEY!!0024" x="808" y="0" width="414" height="412" frameX="-1" frameY="-6" frameWidth="415" frameHeight="418"/>
	<SubTexture name="BF HEY!!0025" x="808" y="0" width="414" height="412" frameX="-1" frameY="-6" frameWidth="415" frameHeight="418"/>
	<SubTexture name="BF idle dance white0000" x="1222" y="0" width="406" height="392" frameX="-1" frameY="-20" frameWidth="411" frameHeight="412"/>
	<SubTexture name="BF idle dance white0001" x="1222" y="0" width="406" height="392" frameX="-1" frameY="-20" frameWidth="411" frameHeight="412"/>
	<SubTexture name="BF idle dance white0002" x="1628" y="0" width="408" height="393" frameX="0" frameY="-19" frameWidth="411" frameHeight="412"/>
	<SubTexture name="BF idle dance white0003" x="1628" y="0" width="408" height="393" frameX="0" frameY="-19" frameWidth="411" frameHeight="412"/>
	<SubTexture name="BF idle dance white0004" x="2036" y="0" width="405" height="398" frameX="-3" frameY="-14" frameWidth="411" frameHeight="412"/>
	<SubTexture name="BF idle dance white0005" x="2036" y="0" width="405" height="398" frameX="-3" frameY="-14" frameWidth="411" frameHeight="412"/>
	<SubTexture name="BF idle dance white0006" x="2441" y="0" width="410" height="411" frameX="-1" frameY="-1" frameWidth="411" frameHeight="412"/>
	<SubTexture name="BF idle dance white0007" x="2441" y="0" width="410" height="411" frameX="-1" frameY="-1" frameWidth="411" frameHeight="412"/>
	<SubTexture name="BF idle dance white0008" x="2851" y="0" width="408" height="412" frameX="-2" frameY="0" frameWidth="411" frameHeight="412"/>
	<SubTexture name="BF idle dance white0009" x="2851" y="0" width="408" height="412" frameX="-2" frameY="0" frameWidth="411" frameHeight="412"/>
	<SubTexture name="BF idle dance white0010" x="2851" y="0" width="408" height="412" frameX="-2" frameY="0" frameWidth="411" frameHeight="412"/>
	<SubTexture name="BF idle dance white0011" x="2851" y="0" width="408" height="412" frameX="-2" frameY="0" frameWidth="411" frameHeight="412"/>
	<SubTexture name="BF idle dance white0012" x="2851" y="0" width="408" height="412" frameX="-2" frameY="0" frameWidth="411" frameHeight="412"/>
	<SubTexture name="BF idle dance white0013" x="2851" y="0" width="408" height="412" frameX="-2" frameY="0" frameWidth="411" frameHeight="412"/>
	<SubTexture name="Dad idle dance BLACK LINE0000" x="3259" y="0" width="424" height="768" frameX="0" frameY="0" frameWidth="424" frameHeight="770"/>
	<SubTexture name="Dad idle dance BLACK LINE0001" x="3259" y="0" width="424" height="768" frameX="0" frameY="0" frameWidth="424" frameHeight="770"/>
	<SubTexture name="Dad idle dance BLACK LINE0002" x="3683" y="0" width="424" height="769" frameX="0" frameY="0" frameWidth="424" frameHeight="770"/>
	<SubTexture name="Dad idle dance BLACK LINE0003" x="3683" y="0" width="424" height="769" frameX="0" frameY="0" frameWidth="424" frameHeight="770"/>
	<SubTexture name="Dad idle dance BLACK LINE0004" x="4107" y="0" width="424" height="770"/>
	<SubTexture name="Dad idle dance BLACK LINE0005" x="4107" y="0" width="424" height="770"/>
	<SubTexture name="Dad idle dance BLACK LINE0006" x="4531" y="0" width="424" height="769" frameX="0" frameY="0" frameWidth="424" frameHeight="770"/>
	<SubTexture name="Dad idle dance BLACK LINE0007" x="4531" y="0" width="424" height="769" frameX="0" frameY="0" frameWidth="424" frameHeight="770"/>
	<SubTexture name="Dad idle dance BLACK LINE0008" x="4531" y="0" width="424" height="769" frameX="0" frameY="0" frameWidth="424" frameHeight="770"/>
	<SubTexture name="Dad idle dance BLACK LINE0009" x="4531" y="0" width="424" height="769" frameX="0" frameY="0" frameWidth="424" frameHeight="770"/>
	<SubTexture name="Dad idle dance BLACK LINE0010" x="4531" y="0" width="424" height="769" frameX="0" frameY="0" frameWidth="424" frameHeight="770"/>
	<SubTexture name="Dad idle dance BLACK LINE0011" x="4531" y="0" width="424" height="769" frameX="0" frameY="0" frameWidth="424" frameHeight="770"/>
	<SubTexture name="Dad idle dance BLACK LINE0012" x="4531" y="0" width="424" height="769" frameX="0" frameY="0" frameWidth="424" frameHeight="770"/>
	<SubTexture name="Dad idle dance BLACK LINE0013" x="4531" y="0" width="424" height="769" frameX="0" frameY="0" frameWidth="424" frameHeight="770"/>
	<SubTexture name="GF Dancing Beat WHITE0000" x="4955" y="0" width="699" height="634" frameX="-2" frameY="-14" frameWidth="703" frameHeight="648"/>
	<SubTexture name="GF Dancing Beat WHITE0001" x="5654" y="0" width="703" height="634" frameX="0" frameY="-14" frameWidth="703" frameHeight="648"/>
	<SubTexture name="GF Dancing Beat WHITE0002" x="5654" y="0" width="703" height="634" frameX="0" frameY="-16" frameWidth="703" frameHeight="648"/>
	<SubTexture name="GF Dancing Beat WHITE0003" x="6357" y="0" width="699" height="632" frameX="-2" frameY="-16" frameWidth="703" frameHeight="648"/>
	<SubTexture name="GF Dancing Beat WHITE0004" x="4955" y="0" width="699" height="634" frameX="-2" frameY="-13" frameWidth="703" frameHeight="648"/>
	<SubTexture name="GF Dancing Beat WHITE0005" x="4955" y="0" width="699" height="634" frameX="-2" frameY="-13" frameWidth="703" frameHeight="648"/>
	<SubTexture name="GF Dancing Beat WHITE0006" x="4955" y="0" width="699" height="634" frameX="-2" frameY="-11" frameWidth="703" frameHeight="648"/>
	<SubTexture name="GF Dancing Beat WHITE0007" x="4955" y="0" width="699" height="634" frameX="-2" frameY="0" frameWidth="703" frameHeight="648"/>
	<SubTexture name="GF Dancing Beat WHITE0008" x="4955" y="0" width="699" height="634" frameX="-2" frameY="0" frameWidth="703" frameHeight="648"/>
	<SubTexture name="GF Dancing Beat WHITE0009" x="4955" y="0" width="699" height="634" frameX="-2" frameY="0" frameWidth="703" frameHeight="648"/>
	<SubTexture name="GF Dancing Beat WHITE0010" x="4955" y="0" width="699" height="634" frameX="-2" frameY="0" frameWidth="703" frameHeight="648"/>
	<SubTexture name="GF Dancing Beat WHITE0011" x="4955" y="0" width="699" height="634" frameX="-2" frameY="0" frameWidth="703" frameHeight="648"/>
	<SubTexture name="GF Dancing Beat WHITE0012" x="4955" y="0" width="699" height="634" frameX="-2" frameY="0" frameWidth="703" frameHeight="648"/>
	<SubTexture name="GF Dancing Beat WHITE0013" x="4955" y="0" width="699" height="634" frameX="-2" frameY="0" frameWidth="703" frameHeight="648"/>
	<SubTexture name="GF Dancing Beat WHITE0014" x="4955" y="0" width="699" height="634" frameX="-2" frameY="0" frameWidth="703" frameHeight="648"/>
	<SubTexture name="GF Dancing Beat WHITE0015" x="4955" y="0" width="699" height="634" frameX="-2" frameY="-12" frameWidth="703" frameHeight="648"/>
	<SubTexture name="GF Dancing Beat WHITE0016" x="5654" y="0" width="703" height="634" frameX="0" frameY="-12" frameWidth="703" frameHeight="648"/>
	<SubTexture name="GF Dancing Beat WHITE0017" x="5654" y="0" width="703" height="634" frameX="0" frameY="-12" frameWidth="703" frameHeight="648"/>
	<SubTexture name="GF Dancing Beat WHITE0018" x="6357" y="0" width="699" height="632" frameX="-2" frameY="-12" frameWidth="703" frameHeight="648"/>
	<SubTexture name="GF Dancing Beat WHITE0019" x="4955" y="0" width="699" height="634" frameX="-2" frameY="-11" frameWidth="703" frameHeight="648"/>
	<SubTexture name="GF Dancing Beat WHITE0020" x="4955" y="0" width="699" height="634" frameX="-2" frameY="-11" frameWidth="703" frameHeight="648"/>
	<SubTexture name="GF Dancing Beat WHITE0021" x="4955" y="0" width="699" height="634" frameX="-2" frameY="-9" frameWidth="703" frameHeight="648"/>
	<SubTexture name="GF Dancing Beat WHITE0022" x="4955" y="0" width="699" height="634" frameX="-2" frameY="-5" frameWidth="703" frameHeight="648"/>
	<SubTexture name="GF Dancing Beat WHITE0023" x="4955" y="0" width="699" height="634" frameX="-2" frameY="-5" frameWidth="703" frameHeight="648"/>
	<SubTexture name="GF Dancing Beat WHITE0024" x="4955" y="0" width="699" height="634" frameX="-2" frameY="-5" frameWidth="703" frameHeight="648"/>
	<SubTexture name="GF Dancing Beat WHITE0025" x="4955" y="0" width="699" height="634" frameX="-2" frameY="-6" frameWidth="703" frameHeight="648"/>
	<SubTexture name="GF Dancing Beat WHITE0026" x="4955" y="0" width="699" height="634" frameX="-2" frameY="-6" frameWidth="703" frameHeight="648"/>
	<SubTexture name="GF Dancing Beat WHITE0027" x="4955" y="0" width="699" height="634" frameX="-2" frameY="-6" frameWidth="703" frameHeight="648"/>
	<SubTexture name="GF Dancing Beat WHITE0028" x="4955" y="0" width="699" height="634" frameX="-2" frameY="-6" frameWidth="703" frameHeight="648"/>
	<SubTexture name="GF Dancing Beat WHITE0029" x="4955" y="0" width="699" height="634" frameX="-2" frameY="-6" frameWidth="703" frameHeight="648"/>
	<SubTexture name="Mom Idle BLACK LINES0000" x="7056" y="0" width="386" height="826" frameX="-4" frameY="-2" frameWidth="390" frameHeight="829"/>
	<SubTexture name="Mom Idle BLACK LINES0001" x="7056" y="0" width="386" height="826" frameX="-4" frameY="-2" frameWidth="390" frameHeight="829"/>
	<SubTexture name="Mom Idle BLACK LINES0002" x="7442" y="0" width="386" height="815" frameX="-4" frameY="-14" frameWidth="390" frameHeight="829"/>
	<SubTexture name="Mom Idle BLACK LINES0003" x="7442" y="0" width="386" height="815" frameX="-4" frameY="-14" frameWidth="390" frameHeight="829"/>
	<SubTexture name="Mom Idle BLACK LINES0004" x="0" y="826" width="386" height="822" frameX="-1" frameY="-7" frameWidth="390" frameHeight="829"/>
	<SubTexture name="Mom Idle BLACK LINES0005" x="0" y="826" width="386" height="822" frameX="-1" frameY="-7" frameWidth="390" frameHeight="829"/>
	<SubTexture name="Mom Idle BLACK LINES0006" x="386" y="826" width="386" height="824" frameX="0" frameY="-5" frameWidth="390" frameHeight="829"/>
	<SubTexture name="Mom Idle BLACK LINES0007" x="386" y="826" width="386" height="824" frameX="0" frameY="-5" frameWidth="390" frameHeight="829"/>
	<SubTexture name="Mom Idle BLACK LINES0008" x="772" y="826" width="386" height="828" frameX="0" frameY="-1" frameWidth="390" frameHeight="829"/>
	<SubTexture name="Mom Idle BLACK LINES0009" x="772" y="826" width="386" height="828" frameX="0" frameY="-1" frameWidth="390" frameHeight="829"/>
	<SubTexture name="Mom Idle BLACK LINES0010" x="1158" y="826" width="386" height="829" frameX="0" frameY="0" frameWidth="390" frameHeight="829"/>
	<SubTexture name="Mom Idle BLACK LINES0011" x="1158" y="826" width="386" height="829" frameX="0" frameY="0" frameWidth="390" frameHeight="829"/>
	<SubTexture name="Mom Idle BLACK LINES0012" x="1544" y="826" width="386" height="829" frameX="0" frameY="0" frameWidth="390" frameHeight="829"/>
	<SubTexture name="Mom Idle BLACK LINES0013" x="1544" y="826" width="386" height="829" frameX="0" frameY="0" frameWidth="390" frameHeight="829"/>
	<SubTexture name="Parent Christmas Idle Black Lines0000" x="1930" y="826" width="873" height="777" frameX="-6" frameY="-5" frameWidth="884" frameHeight="782"/>
	<SubTexture name="Parent Christmas Idle Black Lines0001" x="1930" y="826" width="873" height="777" frameX="-6" frameY="-5" frameWidth="884" frameHeight="782"/>
	<SubTexture name="Parent Christmas Idle Black Lines0002" x="2803" y="826" width="876" height="760" frameX="0" frameY="-22" frameWidth="884" frameHeight="782"/>
	<SubTexture name="Parent Christmas Idle Black Lines0003" x="2803" y="826" width="876" height="760" frameX="0" frameY="-22" frameWidth="884" frameHeight="782"/>
	<SubTexture name="Parent Christmas Idle Black Lines0004" x="3679" y="826" width="877" height="766" frameX="-5" frameY="-16" frameWidth="884" frameHeight="782"/>
	<SubTexture name="Parent Christmas Idle Black Lines0005" x="3679" y="826" width="877" height="766" frameX="-5" frameY="-16" frameWidth="884" frameHeight="782"/>
	<SubTexture name="Parent Christmas Idle Black Lines0006" x="4556" y="826" width="866" height="777" frameX="-18" frameY="-5" frameWidth="884" frameHeight="782"/>
	<SubTexture name="Parent Christmas Idle Black Lines0007" x="4556" y="826" width="866" height="777" frameX="-18" frameY="-5" frameWidth="884" frameHeight="782"/>
	<SubTexture name="Parent Christmas Idle Black Lines0008" x="5422" y="826" width="865" height="781" frameX="-19" frameY="-1" frameWidth="884" frameHeight="782"/>
	<SubTexture name="Parent Christmas Idle Black Lines0009" x="5422" y="826" width="865" height="781" frameX="-19" frameY="-1" frameWidth="884" frameHeight="782"/>
	<SubTexture name="Parent Christmas Idle Black Lines0010" x="6287" y="826" width="865" height="782" frameX="-19" frameY="0" frameWidth="884" frameHeight="782"/>
	<SubTexture name="Parent Christmas Idle Black Lines0011" x="6287" y="826" width="865" height="782" frameX="-19" frameY="0" frameWidth="884" frameHeight="782"/>
	<SubTexture name="Parent Christmas Idle Black Lines0012" x="6287" y="826" width="865" height="782" frameX="-19" frameY="0" frameWidth="884" frameHeight="782"/>
	<SubTexture name="Parent Christmas Idle Black Lines0013" x="6287" y="826" width="865" height="782" frameX="-19" frameY="0" frameWidth="884" frameHeight="782"/>
	<SubTexture name="Pico Idle Dance0000" x="7152" y="826" width="435" height="461" frameX="-18" frameY="-13" frameWidth="453" frameHeight="475"/>
	<SubTexture name="Pico Idle Dance0001" x="7152" y="826" width="435" height="461" frameX="-18" frameY="-13" frameWidth="453" frameHeight="475"/>
	<SubTexture name="Pico Idle Dance0002" x="7587" y="826" width="442" height="468" frameX="-11" frameY="-6" frameWidth="453" frameHeight="475"/>
	<SubTexture name="Pico Idle Dance0003" x="7587" y="826" width="442" height="468" frameX="-11" frameY="-6" frameWidth="453" frameHeight="475"/>
	<SubTexture name="Pico Idle Dance0004" x="0" y="1655" width="448" height="469" frameX="-1" frameY="-6" frameWidth="453" frameHeight="475"/>
	<SubTexture name="Pico Idle Dance0005" x="448" y="1655" width="444" height="469" frameX="-1" frameY="-6" frameWidth="453" frameHeight="475"/>
	<SubTexture name="Pico Idle Dance0006" x="892" y="1655" width="444" height="474" frameX="-1" frameY="-1" frameWidth="453" frameHeight="475"/>
	<SubTexture name="Pico Idle Dance0007" x="1336" y="1655" width="442" height="474" frameX="-1" frameY="-1" frameWidth="453" frameHeight="475"/>
	<SubTexture name="Pico Idle Dance0008" x="1778" y="1655" width="443" height="475" frameX="0" frameY="0" frameWidth="453" frameHeight="475"/>
	<SubTexture name="Pico Idle Dance0009" x="1778" y="1655" width="443" height="475" frameX="0" frameY="0" frameWidth="453" frameHeight="475"/>
	<SubTexture name="Pico Idle Dance0010" x="1778" y="1655" width="443" height="475" frameX="0" frameY="0" frameWidth="453" frameHeight="475"/>
	<SubTexture name="Pico Idle Dance0011" x="1778" y="1655" width="443" height="475" frameX="0" frameY="0" frameWidth="453" frameHeight="475"/>
	<SubTexture name="Pico Idle Dance0012" x="1778" y="1655" width="443" height="475" frameX="0" frameY="0" frameWidth="453" frameHeight="475"/>
	<SubTexture name="Pico Idle Dance0013" x="1778" y="1655" width="443" height="475" frameX="0" frameY="0" frameWidth="453" frameHeight="475"/>
	<SubTexture name="SENPAI idle Black Lines0000" x="2221" y="1655" width="336" height="288"/>
	<SubTexture name="SENPAI idle Black Lines0001" x="2221" y="1655" width="336" height="288"/>
	<SubTexture name="SENPAI idle Black Lines0002" x="2557" y="1655" width="336" height="288"/>
	<SubTexture name="SENPAI idle Black Lines0003" x="2557" y="1655" width="336" height="288"/>
	<SubTexture name="SENPAI idle Black Lines0004" x="2893" y="1655" width="336" height="288"/>
	<SubTexture name="SENPAI idle Black Lines0005" x="2893" y="1655" width="336" height="288"/>
	<SubTexture name="SENPAI idle Black Lines0006" x="3229" y="1655" width="336" height="288"/>
	<SubTexture name="SENPAI idle Black Lines0007" x="3229" y="1655" width="336" height="288"/>
	<SubTexture name="SENPAI idle Black Lines0008" x="3565" y="1655" width="336" height="288"/>
	<SubTexture name="SENPAI idle Black Lines0009" x="3565" y="1655" width="336" height="288"/>
	<SubTexture name="SENPAI idle Black Lines0010" x="3565" y="1655" width="336" height="288"/>
	<SubTexture name="SENPAI idle Black Lines0011" x="3565" y="1655" width="336" height="288"/>
	<SubTexture name="SENPAI idle Black Lines0012" x="3565" y="1655" width="336" height="288"/>
	<SubTexture name="SENPAI idle Black Lines0013" x="3565" y="1655" width="336" height="288"/>
	<SubTexture name="spooky dance idle BLACK LINES0000" x="3901" y="1655" width="381" height="549" frameX="-50" frameY="0" frameWidth="492" frameHeight="549"/>
	<SubTexture name="spooky dance idle BLACK LINES0001" x="3901" y="1655" width="381" height="549" frameX="-50" frameY="0" frameWidth="492" frameHeight="549"/>
	<SubTexture name="spooky dance idle BLACK LINES0002" x="4282" y="1655" width="379" height="541" frameX="-55" frameY="-8" frameWidth="492" frameHeight="549"/>
	<SubTexture name="spooky dance idle BLACK LINES0003" x="4282" y="1655" width="379" height="541" frameX="-55" frameY="-8" frameWidth="492" frameHeight="549"/>
	<SubTexture name="spooky dance idle BLACK LINES0004" x="4661" y="1655" width="357" height="484" frameX="-79" frameY="-61" frameWidth="492" frameHeight="549"/>
	<SubTexture name="spooky dance idle BLACK LINES0005" x="4661" y="1655" width="357" height="484" frameX="-79" frameY="-61" frameWidth="492" frameHeight="549"/>
	<SubTexture name="spooky dance idle BLACK LINES0006" x="5018" y="1655" width="354" height="494" frameX="-78" frameY="-52" frameWidth="492" frameHeight="549"/>
	<SubTexture name="spooky dance idle BLACK LINES0007" x="5018" y="1655" width="354" height="494" frameX="-78" frameY="-52" frameWidth="492" frameHeight="549"/>
	<SubTexture name="spooky dance idle BLACK LINES0008" x="5372" y="1655" width="492" height="532" frameX="0" frameY="-16" frameWidth="492" frameHeight="549"/>
	<SubTexture name="spooky dance idle BLACK LINES0009" x="5372" y="1655" width="492" height="532" frameX="0" frameY="-16" frameWidth="492" frameHeight="549"/>
	<SubTexture name="spooky dance idle BLACK LINES0010" x="5864" y="1655" width="481" height="524" frameX="-7" frameY="-20" frameWidth="492" frameHeight="549"/>
	<SubTexture name="spooky dance idle BLACK LINES0011" x="5864" y="1655" width="481" height="524" frameX="-7" frameY="-20" frameWidth="492" frameHeight="549"/>
	<SubTexture name="spooky dance idle BLACK LINES0012" x="4661" y="1655" width="357" height="484" frameX="-79" frameY="-61" frameWidth="492" frameHeight="549"/>
	<SubTexture name="spooky dance idle BLACK LINES0013" x="4661" y="1655" width="357" height="484" frameX="-79" frameY="-61" frameWidth="492" frameHeight="549"/>
	<SubTexture name="spooky dance idle BLACK LINES0014" x="5018" y="1655" width="354" height="494" frameX="-78" frameY="-52" frameWidth="492" frameHeight="549"/>
	<SubTexture name="spooky dance idle BLACK LINES0015" x="5018" y="1655" width="354" height="494" frameX="-78" frameY="-52" frameWidth="492" frameHeight="549"/>
</TextureAtlas>
