﻿<?xml version="1.0" encoding="utf-8"?>
<TextureAtlas imagePath="gfDanceTitle.png">
	<!-- Created with Adobe Animate version 20.0.3.25487 -->
	<!-- http://www.adobe.com/products/animate.html -->
	<SubTexture name="gfDance0000" x="0" y="0" width="716" height="641" frameX="-2" frameY="-14" frameWidth="721" frameHeight="655"/>
	<SubTexture name="gfDance0001" x="716" y="0" width="721" height="641" frameX="0" frameY="-14" frameWidth="721" frameHeight="655"/>
	<SubTexture name="gfDance0002" x="1437" y="0" width="721" height="639" frameX="0" frameY="-16" frameWidth="721" frameHeight="655"/>
	<SubTexture name="gfDance0003" x="2158" y="0" width="716" height="639" frameX="-2" frameY="-16" frameWidth="721" frameHeight="655"/>
	<SubTexture name="gfDance0004" x="2874" y="0" width="716" height="642" frameX="-2" frameY="-13" frameWidth="721" frameHeight="655"/>
	<SubTexture name="gfDance0005" x="0" y="642" width="716" height="642" frameX="-2" frameY="-13" frameWidth="721" frameHeight="655"/>
	<SubTexture name="gfDance0006" x="716" y="642" width="716" height="644" frameX="-2" frameY="-11" frameWidth="721" frameHeight="655"/>
	<SubTexture name="gfDance0007" x="1432" y="642" width="716" height="655" frameX="-2" frameY="0" frameWidth="721" frameHeight="655"/>
	<SubTexture name="gfDance0008" x="1432" y="642" width="716" height="655" frameX="-2" frameY="0" frameWidth="721" frameHeight="655"/>
	<SubTexture name="gfDance0009" x="1432" y="642" width="716" height="655" frameX="-2" frameY="0" frameWidth="721" frameHeight="655"/>
	<SubTexture name="gfDance0010" x="2148" y="642" width="716" height="655" frameX="-2" frameY="0" frameWidth="721" frameHeight="655"/>
	<SubTexture name="gfDance0011" x="2148" y="642" width="716" height="655" frameX="-2" frameY="0" frameWidth="721" frameHeight="655"/>
	<SubTexture name="gfDance0012" x="2148" y="642" width="716" height="655" frameX="-2" frameY="0" frameWidth="721" frameHeight="655"/>
	<SubTexture name="gfDance0013" x="2864" y="642" width="716" height="655" frameX="-2" frameY="0" frameWidth="721" frameHeight="655"/>
	<SubTexture name="gfDance0014" x="2864" y="642" width="716" height="655" frameX="-2" frameY="0" frameWidth="721" frameHeight="655"/>
	<SubTexture name="gfDance0015" x="0" y="1297" width="716" height="643" frameX="-2" frameY="-12" frameWidth="721" frameHeight="655"/>
	<SubTexture name="gfDance0016" x="716" y="1297" width="721" height="643" frameX="0" frameY="-12" frameWidth="721" frameHeight="655"/>
	<SubTexture name="gfDance0017" x="1437" y="1297" width="721" height="643" frameX="0" frameY="-12" frameWidth="721" frameHeight="655"/>
	<SubTexture name="gfDance0018" x="2158" y="1297" width="716" height="643" frameX="-2" frameY="-12" frameWidth="721" frameHeight="655"/>
	<SubTexture name="gfDance0019" x="2874" y="1297" width="716" height="644" frameX="-2" frameY="-11" frameWidth="721" frameHeight="655"/>
	<SubTexture name="gfDance0020" x="0" y="1941" width="716" height="644" frameX="-2" frameY="-11" frameWidth="721" frameHeight="655"/>
	<SubTexture name="gfDance0021" x="716" y="1941" width="716" height="645" frameX="-2" frameY="-10" frameWidth="721" frameHeight="655"/>
	<SubTexture name="gfDance0022" x="1432" y="1941" width="716" height="650" frameX="-2" frameY="-5" frameWidth="721" frameHeight="655"/>
	<SubTexture name="gfDance0023" x="1432" y="1941" width="716" height="650" frameX="-2" frameY="-5" frameWidth="721" frameHeight="655"/>
	<SubTexture name="gfDance0024" x="1432" y="1941" width="716" height="650" frameX="-2" frameY="-5" frameWidth="721" frameHeight="655"/>
	<SubTexture name="gfDance0025" x="2148" y="1941" width="716" height="649" frameX="-2" frameY="-6" frameWidth="721" frameHeight="655"/>
	<SubTexture name="gfDance0026" x="2148" y="1941" width="716" height="649" frameX="-2" frameY="-6" frameWidth="721" frameHeight="655"/>
	<SubTexture name="gfDance0027" x="2148" y="1941" width="716" height="649" frameX="-2" frameY="-6" frameWidth="721" frameHeight="655"/>
	<SubTexture name="gfDance0028" x="2864" y="1941" width="716" height="649" frameX="-2" frameY="-6" frameWidth="721" frameHeight="655"/>
	<SubTexture name="gfDance0029" x="2864" y="1941" width="716" height="649" frameX="-2" frameY="-6" frameWidth="721" frameHeight="655"/>
</TextureAtlas>
