{"song":{"sectionLengths":[],"player1":"bf","player2":"dad","notes":[{"typeOfSection":0,"sectionNotes":[[0,1,0],[480,3,0],[840,3,0],[1320,2,0],[1680,0,0]],"lengthInSteps":16,"bpm":95,"changeBPM":false,"mustHitSection":false},{"typeOfSection":0,"sectionNotes":[[1920,1,0],[2400,3,0],[3240,2,0],[3600,0,0],[2760,3,0]],"lengthInSteps":16,"bpm":125,"changeBPM":false,"mustHitSection":true},{"typeOfSection":0,"sectionNotes":[[3840,0,0],[4320,0,0],[4560,3,0],[4920,0,0],[5160,3,0],[5520,0,0]],"lengthInSteps":16,"bpm":125,"changeBPM":false,"mustHitSection":false},{"typeOfSection":0,"sectionNotes":[[5760,0,0],[6240,0,0],[6480,3,0],[6840,0,0],[7080,3,0],[7440,0,0]],"lengthInSteps":16,"bpm":125,"changeBPM":false,"mustHitSection":false},{"typeOfSection":0,"sectionNotes":[[7680,0,0],[8160,0,0],[8400,3,0],[8760,3,0],[9000,0,0],[9360,3,0]],"lengthInSteps":16,"bpm":125,"changeBPM":false,"mustHitSection":false},{"typeOfSection":0,"sectionNotes":[[9600,2,0],[9960,3,0],[10080,0,0],[10320,0,0],[10560,3,0],[10800,2,0],[11160,3,0],[11280,0,0]],"lengthInSteps":16,"bpm":125,"changeBPM":false,"mustHitSection":false},{"typeOfSection":0,"sectionNotes":[[11520,0,0],[12000,0,0],[12240,3,0],[12600,0,0],[12840,3,0],[13200,0,0]],"lengthInSteps":16,"bpm":125,"changeBPM":false,"mustHitSection":true},{"typeOfSection":0,"sectionNotes":[[13440,0,0],[13920,0,0],[14160,3,0],[14520,0,0],[14760,3,0],[15120,0,0]],"lengthInSteps":16,"bpm":125,"changeBPM":false,"mustHitSection":true},{"typeOfSection":0,"sectionNotes":[[15360,0,0],[15840,0,0],[16080,3,0],[16440,3,0],[16680,0,0],[17040,3,0]],"lengthInSteps":16,"bpm":125,"changeBPM":false,"mustHitSection":true},{"typeOfSection":0,"sectionNotes":[[17280,2,0],[17640,3,0],[17760,0,0],[18000,0,0],[18240,3,0],[18480,2,0],[18720,2,0],[18960,0,0],[17280,6,360],[17760,7,360],[18240,5,360],[18720,7,360]],"lengthInSteps":16,"bpm":125,"changeBPM":false,"mustHitSection":true},{"typeOfSection":0,"sectionNotes":[[19200,2,0],[19440,1,0],[19680,3,0],[20040,1,0],[20160,3,0],[20520,3,0],[20760,3,0]],"lengthInSteps":16,"bpm":125,"changeBPM":false,"mustHitSection":false},{"typeOfSection":0,"sectionNotes":[[21120,2,0],[21360,1,0],[21600,3,0],[21960,1,0],[22440,3,0],[22800,2,0],[22200,1,0]],"lengthInSteps":16,"bpm":125,"changeBPM":false,"mustHitSection":false},{"typeOfSection":0,"sectionNotes":[[23280,0,0],[23520,3,0],[23880,3,0],[24000,2,0],[24360,2,0],[24720,2,0]],"lengthInSteps":16,"bpm":125,"changeBPM":false,"mustHitSection":false},{"typeOfSection":0,"sectionNotes":[[24960,2,0],[25200,0,0],[25440,2,0],[25680,0,0],[25920,2,0],[26160,0,0],[26400,3,0],[26520,0,0],[26760,3,0],[24960,6,360],[25440,7,360],[25920,4,360],[26400,7,360]],"lengthInSteps":16,"bpm":125,"changeBPM":false,"mustHitSection":false},{"typeOfSection":0,"sectionNotes":[[26880,2,0],[27120,1,0],[27360,3,0],[27720,1,0],[28200,3,0],[28440,3,0],[27840,3,0]],"lengthInSteps":16,"bpm":125,"changeBPM":false,"mustHitSection":true},{"typeOfSection":0,"sectionNotes":[[28800,2,0],[29040,1,0],[29280,3,0],[29640,1,0],[29760,0,0],[30120,3,0],[30480,2,0]],"lengthInSteps":16,"bpm":125,"changeBPM":false,"mustHitSection":true},{"typeOfSection":0,"sectionNotes":[[30960,0,0],[31200,3,0],[31560,3,0],[31680,2,0],[32040,2,0],[32400,2,0]],"lengthInSteps":16,"bpm":125,"changeBPM":false,"mustHitSection":true},{"typeOfSection":0,"sectionNotes":[[32640,2,0],[32880,0,0],[33120,2,0],[33360,0,0],[33600,2,0],[33840,0,0],[34080,3,0],[34200,0,0],[34440,3,0]],"lengthInSteps":16,"bpm":125,"changeBPM":false,"mustHitSection":true},{"typeOfSection":0,"sectionNotes":[[34560,0,0],[35040,1,360],[35520,0,360],[36000,3,360],[34560,5,0],[35040,7,0],[35400,7,0],[35880,6,0],[36240,4,0],[34920,3,0]],"lengthInSteps":16,"bpm":125,"changeBPM":false,"mustHitSection":false},{"typeOfSection":0,"sectionNotes":[[36480,3,0],[36840,1,0],[37080,2,0],[37320,1,0],[37440,3,240],[38280,1,0],[37920,0,240],[36480,5,0],[37320,7,0],[37800,6,0],[38160,4,0],[36960,7,0]],"lengthInSteps":16,"bpm":125,"changeBPM":false,"mustHitSection":false},{"typeOfSection":0,"sectionNotes":[[38400,2,360],[38880,3,360],[39360,0,360],[38400,5,0],[38880,7,0],[39240,7,0],[39720,6,0],[40080,4,0],[39840,2,360]],"lengthInSteps":16,"bpm":125,"changeBPM":false,"mustHitSection":false},{"typeOfSection":0,"sectionNotes":[[40320,3,0],[40800,0,0],[41040,3,0],[41280,0,240],[41640,3,0],[41760,1,240],[42120,2,0],[40320,5,0],[40800,7,0],[41160,7,0],[41640,6,0],[42000,4,0],[40920,2,0],[40560,2,0]],"lengthInSteps":16,"bpm":125,"changeBPM":false,"mustHitSection":false},{"typeOfSection":0,"sectionNotes":[[42240,7,420],[42720,5,360],[43200,4,360],[43680,7,360],[42240,0,0],[42360,3,0],[42600,3,0],[42720,1,360],[43200,0,360],[43680,3,360]],"lengthInSteps":16,"bpm":125,"changeBPM":false,"mustHitSection":true},{"typeOfSection":0,"sectionNotes":[[44160,6,240],[44160,3,0],[44520,1,0],[44640,3,0],[45000,1,0],[45120,3,240],[45480,1,0],[45960,1,0],[45600,0,240],[45120,7,240],[45480,5,0],[45600,4,240],[45960,5,0]],"lengthInSteps":16,"bpm":125,"changeBPM":false,"mustHitSection":true},{"typeOfSection":0,"sectionNotes":[[46080,2,360],[46560,3,360],[47040,0,360],[47520,2,360],[46080,6,360],[46560,7,840],[47520,6,360]],"lengthInSteps":16,"bpm":125,"changeBPM":false,"mustHitSection":true},{"typeOfSection":0,"sectionNotes":[[48000,3,0],[48480,0,0],[48600,2,0],[48720,3,0],[48960,0,240],[49320,3,0],[49440,1,240],[49800,2,0],[48240,2,0]],"lengthInSteps":16,"bpm":125,"changeBPM":false,"mustHitSection":true},{"typeOfSection":0,"sectionNotes":[[49920,1,600],[50640,3,0],[51240,2,0],[51360,0,180],[49920,5,0],[50400,7,0],[50760,7,0],[51240,6,0],[51600,4,0],[51720,0,0],[51000,3,0]],"lengthInSteps":16,"bpm":125,"changeBPM":false,"mustHitSection":false},{"typeOfSection":0,"sectionNotes":[[51840,2,360],[52320,1,360],[52560,3,0],[52920,3,0],[53160,2,0],[53280,0,0],[51840,5,0],[52320,7,0],[52680,7,0],[53160,6,0],[53520,4,0],[53640,0,0]],"lengthInSteps":16,"bpm":125,"changeBPM":false,"mustHitSection":false},{"typeOfSection":0,"sectionNotes":[[53760,1,360],[54240,0,0],[54480,3,0],[54840,3,0],[55080,2,0],[55200,0,0],[53760,5,0],[54240,7,0],[54600,7,0],[55080,6,0],[55440,4,0],[55560,0,0]],"lengthInSteps":16,"bpm":125,"changeBPM":false,"mustHitSection":false},{"typeOfSection":0,"sectionNotes":[[55680,0,0],[55920,0,0],[56160,0,0],[56280,3,0],[56520,0,0],[56640,3,0],[57360,3,0],[55680,5,0],[56160,7,0],[56520,7,0],[57000,6,0],[57360,4,0],[57240,1,0]],"lengthInSteps":16,"bpm":125,"changeBPM":false,"mustHitSection":false},{"typeOfSection":0,"sectionNotes":[[57600,1,600],[58320,3,0],[58680,3,0],[58920,2,0],[59040,0,180],[57600,5,0],[58080,7,0],[58440,7,0],[58920,6,0],[59280,4,0],[59400,0,0]],"lengthInSteps":16,"bpm":125,"changeBPM":false,"mustHitSection":true},{"typeOfSection":0,"sectionNotes":[[59520,2,360],[60000,1,360],[60240,3,0],[60600,3,0],[60840,2,0],[60960,0,0],[59520,5,0],[60000,7,0],[60360,7,0],[60840,6,0],[61200,4,0],[61320,0,0]],"lengthInSteps":16,"bpm":125,"changeBPM":false,"mustHitSection":true},{"typeOfSection":0,"sectionNotes":[[61440,1,360],[61920,0,0],[62160,3,0],[62520,3,0],[62760,2,0],[62880,0,0],[61440,5,0],[61920,7,0],[62280,7,0],[62760,6,0],[63120,4,0],[63240,0,0]],"lengthInSteps":16,"bpm":125,"changeBPM":false,"mustHitSection":true},{"typeOfSection":0,"sectionNotes":[[63360,0,0],[63600,0,0],[63840,0,0],[63960,3,0],[64200,0,0],[64320,3,0],[65040,3,0],[64800,1,0],[63360,5,0],[63840,7,0],[64200,7,0],[64680,6,0],[65040,4,0],[64440,1,120]],"lengthInSteps":16,"bpm":125,"changeBPM":false,"mustHitSection":true},{"typeOfSection":0,"sectionNotes":[[65280,0,0],[65400,3,0],[65640,3,0],[65760,1,360],[66240,0,360],[66720,3,360]],"lengthInSteps":16,"bpm":125,"changeBPM":false,"mustHitSection":false},{"typeOfSection":0,"sectionNotes":[[67200,3,0],[67560,1,0],[67680,3,0],[68040,1,0],[68160,3,240],[68520,1,0],[69000,1,0],[68640,0,240]],"lengthInSteps":16,"bpm":125,"changeBPM":false,"mustHitSection":false},{"typeOfSection":0,"sectionNotes":[[69120,2,360],[69600,3,360],[70080,0,360],[70560,2,360]],"lengthInSteps":16,"bpm":125,"changeBPM":false,"mustHitSection":false},{"typeOfSection":0,"sectionNotes":[[71040,3,0],[71520,0,0],[71640,2,0],[71760,3,0],[72000,0,240],[72360,3,0],[72480,1,240],[72840,2,0],[71280,2,0]],"lengthInSteps":16,"bpm":125,"changeBPM":false,"mustHitSection":false},{"typeOfSection":0,"sectionNotes":[[72960,7,420],[73440,5,360],[73920,4,360],[74400,7,360],[72960,0,0],[73080,3,0],[73320,3,0],[73440,1,360],[73920,0,360],[74400,3,360]],"lengthInSteps":16,"bpm":125,"changeBPM":false,"mustHitSection":true},{"typeOfSection":0,"sectionNotes":[[74880,6,240],[74880,3,0],[75240,1,0],[75360,3,0],[75720,1,0],[75840,3,240],[76200,1,0],[76680,1,0],[76320,0,240],[75840,7,240],[76200,5,0],[76320,4,240],[76680,5,0]],"lengthInSteps":16,"bpm":125,"changeBPM":false,"mustHitSection":true},{"typeOfSection":0,"sectionNotes":[[76800,2,360],[77280,3,360],[77760,0,360],[78240,2,360],[76800,6,360],[77280,7,840],[78240,6,360]],"lengthInSteps":16,"bpm":125,"changeBPM":false,"mustHitSection":true},{"typeOfSection":0,"sectionNotes":[[78720,3,0],[78960,2,0],[79200,0,0],[79320,2,0],[79440,3,0],[79680,0,240],[80040,3,0],[80160,1,240],[80520,2,0]],"lengthInSteps":16,"bpm":125,"changeBPM":false,"mustHitSection":true},{"typeOfSection":0,"sectionNotes":[[80640,7,960],[80640,3,960],[82080,6,360],[82080,2,360]],"lengthInSteps":16,"bpm":125,"changeBPM":false,"mustHitSection":true},{"typeOfSection":0,"sectionNotes":[[82560,5,720],[82560,1,360],[83040,1,0],[83280,2,0],[83760,2,0],[84000,3,240],[83280,6,360],[84000,7,240]],"lengthInSteps":16,"bpm":125,"changeBPM":false,"mustHitSection":true},{"typeOfSection":0,"sectionNotes":[[84480,2,360],[84960,1,360],[85440,3,360],[85920,0,360],[84480,6,0],[84720,7,0],[84960,7,0],[85200,7,0],[85320,4,0],[85560,4,0],[85800,4,0],[85920,7,0],[86160,7,0],[86280,4,0]],"lengthInSteps":16,"bpm":125,"changeBPM":false,"mustHitSection":true},{"typeOfSection":0,"sectionNotes":[[86400,2,360],[86880,1,360],[87360,3,360],[86400,6,0],[86640,7,0],[86880,7,0],[87120,7,0],[87240,4,0],[87480,4,0],[87720,4,0],[87840,7,0],[88080,7,0],[88200,4,0],[87840,0,0],[87960,2,0],[88080,3,0]],"lengthInSteps":16,"bpm":125,"changeBPM":false,"mustHitSection":true},{"typeOfSection":0,"sectionNotes":[[88320,7,960],[88320,3,960],[89760,6,360],[89760,2,360]],"lengthInSteps":16,"bpm":125,"changeBPM":false,"mustHitSection":true},{"typeOfSection":0,"sectionNotes":[[90240,5,720],[90240,1,360],[90720,1,0],[90960,2,0],[91440,2,0],[91680,3,240],[90960,6,360],[91680,7,240]],"lengthInSteps":16,"bpm":125,"changeBPM":false,"mustHitSection":false},{"typeOfSection":0,"sectionNotes":[[92160,6,360],[92640,5,360],[93120,7,360],[93600,4,360],[92160,2,0],[92400,3,0],[92640,3,0],[92880,3,0],[93000,0,0],[93240,0,0],[93480,0,0],[93600,3,0],[93840,3,0],[93960,0,0]],"lengthInSteps":16,"bpm":125,"changeBPM":false,"mustHitSection":true},{"typeOfSection":0,"sectionNotes":[[94080,6,360],[94560,5,360],[95040,7,360],[94080,2,0],[94320,3,0],[94560,3,0],[94800,3,0],[94920,0,0],[95160,0,0],[95400,0,0],[95520,3,0],[95760,3,0],[95880,0,0],[95520,4,0],[95640,7,0],[95760,6,0]],"lengthInSteps":16,"bpm":125,"changeBPM":false,"mustHitSection":true},{"typeOfSection":0,"sectionNotes":[[96000,2,960],[96000,6,960]],"lengthInSteps":16,"bpm":125,"changeBPM":false,"mustHitSection":true},{"typeOfSection":0,"sectionNotes":[],"lengthInSteps":16,"bpm":125,"changeBPM":false,"mustHitSection":true},{"typeOfSection":0,"sectionNotes":[],"lengthInSteps":16,"bpm":125,"changeBPM":false,"mustHitSection":true},{"typeOfSection":0,"sectionNotes":[],"lengthInSteps":16,"bpm":125,"changeBPM":false,"mustHitSection":true},{"typeOfSection":0,"sectionNotes":[],"lengthInSteps":16,"bpm":125,"changeBPM":false,"mustHitSection":true},{"typeOfSection":0,"sectionNotes":[],"lengthInSteps":16,"bpm":125,"changeBPM":false,"mustHitSection":true},{"typeOfSection":0,"sectionNotes":[],"lengthInSteps":16,"bpm":125,"changeBPM":false,"mustHitSection":true},{"typeOfSection":0,"sectionNotes":[],"lengthInSteps":16,"bpm":125,"changeBPM":false,"mustHitSection":true},{"typeOfSection":0,"sectionNotes":[],"lengthInSteps":16,"bpm":125,"changeBPM":false,"mustHitSection":true},{"typeOfSection":0,"sectionNotes":[],"lengthInSteps":16,"bpm":125,"changeBPM":false,"mustHitSection":true},{"typeOfSection":0,"sectionNotes":[],"lengthInSteps":16,"bpm":125,"changeBPM":false,"mustHitSection":true},{"typeOfSection":0,"sectionNotes":[],"lengthInSteps":16,"bpm":125,"changeBPM":false,"mustHitSection":true},{"typeOfSection":0,"sectionNotes":[],"lengthInSteps":16,"bpm":125,"changeBPM":false,"mustHitSection":true},{"typeOfSection":0,"sectionNotes":[],"lengthInSteps":16,"bpm":125,"changeBPM":false,"mustHitSection":true},{"typeOfSection":0,"sectionNotes":[],"lengthInSteps":16,"bpm":125,"changeBPM":false,"mustHitSection":true},{"lengthInSteps":16,"typeOfSection":0,"sectionNotes":[],"altAnim":false,"bpm":125,"changeBPM":false,"mustHitSection":true},{"sectionNotes":[],"typeOfSection":0,"lengthInSteps":16,"altAnim":false,"mustHitSection":true,"changeBPM":false,"bpm":125},{"lengthInSteps":16,"typeOfSection":0,"sectionNotes":[],"altAnim":false,"bpm":125,"changeBPM":false,"mustHitSection":true},{"lengthInSteps":16,"typeOfSection":0,"sectionNotes":[],"altAnim":false,"bpm":125,"changeBPM":false,"mustHitSection":true},{"sectionNotes":[],"typeOfSection":0,"lengthInSteps":16,"altAnim":false,"mustHitSection":true,"changeBPM":false,"bpm":125},{"sectionNotes":[],"typeOfSection":0,"lengthInSteps":16,"altAnim":false,"mustHitSection":true,"changeBPM":false,"bpm":125},{"lengthInSteps":16,"altAnim":false,"typeOfSection":0,"sectionNotes":[],"bpm":125,"changeBPM":false,"mustHitSection":true},{"lengthInSteps":16,"altAnim":false,"typeOfSection":0,"sectionNotes":[],"bpm":125,"changeBPM":false,"mustHitSection":true}],"song":"Fresh","validScore":true,"sections":0,"needsVoices":true,"speed":0.999999999999999,"bpm":125}}