﻿<?xml version="1.0" encoding="utf-8"?>
<TextureAtlas imagePath="fireglow.png">
	<!-- Created with Adobe Animate version 19.2.1.408 -->
	<!-- http://www.adobe.com/products/animate.html -->
	<SubTexture name="FireStage0000" x="9" y="9" width="630" height="365" frameX="-33" frameY="-103" frameWidth="678" frameHeight="470"/>
	<SubTexture name="FireStage0001" x="9" y="9" width="630" height="365" frameX="-33" frameY="-103" frameWidth="678" frameHeight="470"/>
	<SubTexture name="FireStage0002" x="644" y="9" width="608" height="386" frameX="-36" frameY="-82" frameWidth="678" frameHeight="470"/>
	<SubTexture name="FireStage0003" x="644" y="9" width="608" height="386" frameX="-36" frameY="-82" frameWidth="678" frameHeight="470"/>
	<SubTexture name="FireStage0004" x="1257" y="9" width="637" height="417" frameX="-2" frameY="-51" frameWidth="678" frameHeight="470"/>
	<SubTexture name="FireStage0005" x="1257" y="9" width="637" height="417" frameX="-2" frameY="-51" frameWidth="678" frameHeight="470"/>
	<SubTexture name="FireStage0006" x="1899" y="9" width="645" height="424" frameX="-28" frameY="-44" frameWidth="678" frameHeight="470"/>
	<SubTexture name="FireStage0007" x="1899" y="9" width="645" height="424" frameX="-28" frameY="-44" frameWidth="678" frameHeight="470"/>
	<SubTexture name="FireStage0008" x="2549" y="9" width="642" height="439" frameX="-6" frameY="-29" frameWidth="678" frameHeight="470"/>
	<SubTexture name="FireStage0009" x="2549" y="9" width="642" height="439" frameX="-6" frameY="-29" frameWidth="678" frameHeight="470"/>
	<SubTexture name="FireStage0010" x="3196" y="9" width="626" height="456" frameX="-7" frameY="-12" frameWidth="678" frameHeight="470"/>
	<SubTexture name="FireStage0011" x="3196" y="9" width="626" height="456" frameX="-7" frameY="-12" frameWidth="678" frameHeight="470"/>
	<SubTexture name="FireStage0012" x="9" y="470" width="505" height="422" frameX="-73" frameY="-48" frameWidth="678" frameHeight="470"/>
	<SubTexture name="FireStage0013" x="9" y="470" width="505" height="422" frameX="-73" frameY="-48" frameWidth="678" frameHeight="470"/>
	<SubTexture name="FireStage0014" x="519" y="470" width="550" height="453" frameX="-49" frameY="-17" frameWidth="678" frameHeight="470"/>
	<SubTexture name="FireStage0015" x="519" y="470" width="550" height="453" frameX="-49" frameY="-17" frameWidth="678" frameHeight="470"/>
	<SubTexture name="FireStage0016" x="1074" y="470" width="542" height="457" frameX="-37" frameY="-13" frameWidth="678" frameHeight="470"/>
	<SubTexture name="FireStage0017" x="1074" y="470" width="542" height="457" frameX="-37" frameY="-13" frameWidth="678" frameHeight="470"/>
	<SubTexture name="FireStage0018" x="1621" y="470" width="579" height="468" frameX="0" frameY="-2" frameWidth="678" frameHeight="470"/>
	<SubTexture name="FireStage0019" x="1621" y="470" width="579" height="468" frameX="0" frameY="-2" frameWidth="678" frameHeight="470"/>
	<SubTexture name="FireStage0020" x="2205" y="470" width="548" height="466" frameX="-44" frameY="-3" frameWidth="678" frameHeight="470"/>
	<SubTexture name="FireStage0021" x="2205" y="470" width="548" height="466" frameX="-44" frameY="-3" frameWidth="678" frameHeight="470"/>
	<SubTexture name="FireStage0022" x="2758" y="470" width="561" height="467" frameX="-42" frameY="-3" frameWidth="678" frameHeight="470"/>
	<SubTexture name="FireStage0023" x="2758" y="470" width="561" height="467" frameX="-42" frameY="-3" frameWidth="678" frameHeight="470"/>
	<SubTexture name="FireStage0024" x="3324" y="470" width="595" height="363" frameX="-24" frameY="-105" frameWidth="678" frameHeight="470"/>
	<SubTexture name="FireStage0025" x="3324" y="470" width="595" height="363" frameX="-24" frameY="-105" frameWidth="678" frameHeight="470"/>
	<SubTexture name="FireStage0026" x="9" y="943" width="580" height="377" frameX="-55" frameY="-89" frameWidth="678" frameHeight="470"/>
	<SubTexture name="FireStage0027" x="9" y="943" width="580" height="377" frameX="-55" frameY="-89" frameWidth="678" frameHeight="470"/>
	<SubTexture name="FireStage0028" x="594" y="943" width="630" height="365" frameX="-16" frameY="-105" frameWidth="678" frameHeight="470"/>
	<SubTexture name="FireStage0029" x="594" y="943" width="630" height="365" frameX="-16" frameY="-105" frameWidth="678" frameHeight="470"/>
	<SubTexture name="FireStage0030" x="1229" y="943" width="609" height="386" frameX="-34" frameY="-84" frameWidth="678" frameHeight="470"/>
	<SubTexture name="FireStage0031" x="1229" y="943" width="609" height="386" frameX="-34" frameY="-84" frameWidth="678" frameHeight="470"/>
	<SubTexture name="FireStage0032" x="1843" y="943" width="637" height="417" frameX="-39" frameY="-53" frameWidth="678" frameHeight="470"/>
	<SubTexture name="FireStage0033" x="1843" y="943" width="637" height="417" frameX="-39" frameY="-53" frameWidth="678" frameHeight="470"/>
	<SubTexture name="FireStage0034" x="2485" y="943" width="646" height="424" frameX="-5" frameY="-46" frameWidth="678" frameHeight="470"/>
	<SubTexture name="FireStage0035" x="2485" y="943" width="646" height="424" frameX="-5" frameY="-46" frameWidth="678" frameHeight="470"/>
	<SubTexture name="FireStage0036" x="3136" y="943" width="641" height="439" frameX="-31" frameY="-31" frameWidth="678" frameHeight="470"/>
	<SubTexture name="FireStage0037" x="3136" y="943" width="641" height="439" frameX="-31" frameY="-31" frameWidth="678" frameHeight="470"/>
	<SubTexture name="FireStage0038" x="9" y="1387" width="627" height="456" frameX="-44" frameY="-14" frameWidth="678" frameHeight="470"/>
	<SubTexture name="FireStage0039" x="9" y="1387" width="627" height="456" frameX="-44" frameY="-14" frameWidth="678" frameHeight="470"/>
	<SubTexture name="FireStage0040" x="9" y="470" width="505" height="422" frameX="-73" frameY="-48" frameWidth="678" frameHeight="470"/>
	<SubTexture name="FireStage0041" x="9" y="470" width="505" height="422" frameX="-73" frameY="-48" frameWidth="678" frameHeight="470"/>
	<SubTexture name="FireStage0042" x="519" y="470" width="550" height="453" frameX="-49" frameY="-17" frameWidth="678" frameHeight="470"/>
	<SubTexture name="FireStage0043" x="519" y="470" width="550" height="453" frameX="-49" frameY="-17" frameWidth="678" frameHeight="470"/>
	<SubTexture name="FireStage0044" x="1074" y="470" width="542" height="457" frameX="-37" frameY="-13" frameWidth="678" frameHeight="470"/>
	<SubTexture name="FireStage0045" x="1074" y="470" width="542" height="457" frameX="-37" frameY="-13" frameWidth="678" frameHeight="470"/>
	<SubTexture name="FireStage0046" x="1621" y="470" width="579" height="468" frameX="0" frameY="-2" frameWidth="678" frameHeight="470"/>
	<SubTexture name="FireStage0047" x="1621" y="470" width="579" height="468" frameX="0" frameY="-2" frameWidth="678" frameHeight="470"/>
	<SubTexture name="FireStage0048" x="2205" y="470" width="548" height="466" frameX="-44" frameY="-3" frameWidth="678" frameHeight="470"/>
	<SubTexture name="FireStage0049" x="2205" y="470" width="548" height="466" frameX="-44" frameY="-3" frameWidth="678" frameHeight="470"/>
	<SubTexture name="FireStage0050" x="2758" y="470" width="561" height="467" frameX="-42" frameY="-3" frameWidth="678" frameHeight="470"/>
	<SubTexture name="FireStage0051" x="2758" y="470" width="561" height="467" frameX="-42" frameY="-3" frameWidth="678" frameHeight="470"/>
	<SubTexture name="FireStage0052" x="3324" y="470" width="595" height="363" frameX="-24" frameY="-105" frameWidth="678" frameHeight="470"/>
	<SubTexture name="FireStage0053" x="3324" y="470" width="595" height="363" frameX="-24" frameY="-105" frameWidth="678" frameHeight="470"/>
	<SubTexture name="FireStage0054" x="9" y="943" width="580" height="377" frameX="-55" frameY="-89" frameWidth="678" frameHeight="470"/>
	<SubTexture name="FireStage0055" x="9" y="943" width="580" height="377" frameX="-55" frameY="-89" frameWidth="678" frameHeight="470"/>
	<SubTexture name="FireStage0056" x="594" y="943" width="630" height="365" frameX="-16" frameY="-105" frameWidth="678" frameHeight="470"/>
	<SubTexture name="FireStage0057" x="594" y="943" width="630" height="365" frameX="-16" frameY="-105" frameWidth="678" frameHeight="470"/>
	<SubTexture name="FireStage0058" x="1229" y="943" width="609" height="386" frameX="-34" frameY="-84" frameWidth="678" frameHeight="470"/>
	<SubTexture name="FireStage0059" x="1229" y="943" width="609" height="386" frameX="-34" frameY="-84" frameWidth="678" frameHeight="470"/>
	<SubTexture name="FireStage0060" x="1843" y="943" width="637" height="417" frameX="-39" frameY="-53" frameWidth="678" frameHeight="470"/>
	<SubTexture name="FireStage0061" x="1843" y="943" width="637" height="417" frameX="-39" frameY="-53" frameWidth="678" frameHeight="470"/>
	<SubTexture name="FireStage0062" x="2485" y="943" width="646" height="424" frameX="-5" frameY="-46" frameWidth="678" frameHeight="470"/>
	<SubTexture name="FireStage0063" x="2485" y="943" width="646" height="424" frameX="-5" frameY="-46" frameWidth="678" frameHeight="470"/>
	<SubTexture name="FireStage0064" x="3136" y="943" width="641" height="439" frameX="-31" frameY="-31" frameWidth="678" frameHeight="470"/>
	<SubTexture name="FireStage0065" x="3136" y="943" width="641" height="439" frameX="-31" frameY="-31" frameWidth="678" frameHeight="470"/>
	<SubTexture name="FireStage0066" x="9" y="1387" width="627" height="456" frameX="-44" frameY="-14" frameWidth="678" frameHeight="470"/>
	<SubTexture name="FireStage0067" x="9" y="1387" width="627" height="456" frameX="-44" frameY="-14" frameWidth="678" frameHeight="470"/>
	<SubTexture name="FireStage0068" x="641" y="1387" width="505" height="422" frameX="-99" frameY="-46" frameWidth="678" frameHeight="470"/>
	<SubTexture name="FireStage0069" x="641" y="1387" width="505" height="422" frameX="-99" frameY="-46" frameWidth="678" frameHeight="470"/>
	<SubTexture name="FireStage0070" x="1151" y="1387" width="550" height="453" frameX="-78" frameY="-15" frameWidth="678" frameHeight="470"/>
	<SubTexture name="FireStage0071" x="1151" y="1387" width="550" height="453" frameX="-78" frameY="-15" frameWidth="678" frameHeight="470"/>
	<SubTexture name="FireStage0072" x="1706" y="1387" width="544" height="457" frameX="-98" frameY="-11" frameWidth="678" frameHeight="470"/>
	<SubTexture name="FireStage0073" x="1706" y="1387" width="544" height="457" frameX="-98" frameY="-11" frameWidth="678" frameHeight="470"/>
	<SubTexture name="FireStage0074" x="2255" y="1387" width="580" height="468" frameX="-98" frameY="0" frameWidth="678" frameHeight="470"/>
	<SubTexture name="FireStage0075" x="2255" y="1387" width="580" height="468" frameX="-98" frameY="0" frameWidth="678" frameHeight="470"/>
	<SubTexture name="FireStage0076" x="2840" y="1387" width="549" height="466" frameX="-85" frameY="-1" frameWidth="678" frameHeight="470"/>
	<SubTexture name="FireStage0077" x="2840" y="1387" width="549" height="466" frameX="-85" frameY="-1" frameWidth="678" frameHeight="470"/>
	<SubTexture name="FireStage0078" x="3394" y="1387" width="562" height="467" frameX="-74" frameY="-1" frameWidth="678" frameHeight="470"/>
	<SubTexture name="FireStage0079" x="3394" y="1387" width="562" height="467" frameX="-74" frameY="-1" frameWidth="678" frameHeight="470"/>
	<SubTexture name="FireStage0080" x="9" y="1860" width="596" height="363" frameX="-58" frameY="-103" frameWidth="678" frameHeight="470"/>
	<SubTexture name="FireStage0081" x="9" y="1860" width="596" height="363" frameX="-58" frameY="-103" frameWidth="678" frameHeight="470"/>
	<SubTexture name="FireStage0082" x="610" y="1860" width="579" height="376" frameX="-43" frameY="-88" frameWidth="678" frameHeight="470"/>
	<SubTexture name="FireStage0083" x="610" y="1860" width="579" height="376" frameX="-43" frameY="-88" frameWidth="678" frameHeight="470"/>
	<SubTexture name="FireStage0084" x="9" y="9" width="630" height="365" frameX="-33" frameY="-103" frameWidth="678" frameHeight="470"/>
	<SubTexture name="FireStage0085" x="9" y="9" width="630" height="365" frameX="-33" frameY="-103" frameWidth="678" frameHeight="470"/>
	<SubTexture name="FireStage0086" x="644" y="9" width="608" height="386" frameX="-36" frameY="-82" frameWidth="678" frameHeight="470"/>
	<SubTexture name="FireStage0087" x="644" y="9" width="608" height="386" frameX="-36" frameY="-82" frameWidth="678" frameHeight="470"/>
	<SubTexture name="FireStage0088" x="1257" y="9" width="637" height="417" frameX="-2" frameY="-51" frameWidth="678" frameHeight="470"/>
	<SubTexture name="FireStage0089" x="1257" y="9" width="637" height="417" frameX="-2" frameY="-51" frameWidth="678" frameHeight="470"/>
	<SubTexture name="FireStage0090" x="1899" y="9" width="645" height="424" frameX="-28" frameY="-44" frameWidth="678" frameHeight="470"/>
	<SubTexture name="FireStage0091" x="1899" y="9" width="645" height="424" frameX="-28" frameY="-44" frameWidth="678" frameHeight="470"/>
	<SubTexture name="FireStage0092" x="2549" y="9" width="642" height="439" frameX="-6" frameY="-29" frameWidth="678" frameHeight="470"/>
	<SubTexture name="FireStage0093" x="2549" y="9" width="642" height="439" frameX="-6" frameY="-29" frameWidth="678" frameHeight="470"/>
	<SubTexture name="FireStage0094" x="3196" y="9" width="626" height="456" frameX="-7" frameY="-12" frameWidth="678" frameHeight="470"/>
	<SubTexture name="FireStage0095" x="3196" y="9" width="626" height="456" frameX="-7" frameY="-12" frameWidth="678" frameHeight="470"/>
	<SubTexture name="FireStage0096" x="9" y="470" width="505" height="422" frameX="-73" frameY="-48" frameWidth="678" frameHeight="470"/>
	<SubTexture name="FireStage0097" x="9" y="470" width="505" height="422" frameX="-73" frameY="-48" frameWidth="678" frameHeight="470"/>
	<SubTexture name="FireStage0098" x="519" y="470" width="550" height="453" frameX="-49" frameY="-17" frameWidth="678" frameHeight="470"/>
	<SubTexture name="FireStage0099" x="519" y="470" width="550" height="453" frameX="-49" frameY="-17" frameWidth="678" frameHeight="470"/>
	<SubTexture name="FireStage0100" x="1074" y="470" width="542" height="457" frameX="-37" frameY="-13" frameWidth="678" frameHeight="470"/>
	<SubTexture name="FireStage0101" x="1074" y="470" width="542" height="457" frameX="-37" frameY="-13" frameWidth="678" frameHeight="470"/>
	<SubTexture name="FireStage0102" x="1621" y="470" width="579" height="468" frameX="0" frameY="-2" frameWidth="678" frameHeight="470"/>
	<SubTexture name="FireStage0103" x="1621" y="470" width="579" height="468" frameX="0" frameY="-2" frameWidth="678" frameHeight="470"/>
	<SubTexture name="FireStage0104" x="2205" y="470" width="548" height="466" frameX="-44" frameY="-3" frameWidth="678" frameHeight="470"/>
	<SubTexture name="FireStage0105" x="2205" y="470" width="548" height="466" frameX="-44" frameY="-3" frameWidth="678" frameHeight="470"/>
	<SubTexture name="FireStage0106" x="2758" y="470" width="561" height="467" frameX="-42" frameY="-3" frameWidth="678" frameHeight="470"/>
	<SubTexture name="FireStage0107" x="2758" y="470" width="561" height="467" frameX="-42" frameY="-3" frameWidth="678" frameHeight="470"/>
	<SubTexture name="FireStage0108" x="3324" y="470" width="595" height="363" frameX="-24" frameY="-105" frameWidth="678" frameHeight="470"/>
	<SubTexture name="FireStage0109" x="3324" y="470" width="595" height="363" frameX="-24" frameY="-105" frameWidth="678" frameHeight="470"/>
	<SubTexture name="FireStage0110" x="9" y="943" width="580" height="377" frameX="-55" frameY="-89" frameWidth="678" frameHeight="470"/>
	<SubTexture name="FireStage0111" x="9" y="943" width="580" height="377" frameX="-55" frameY="-89" frameWidth="678" frameHeight="470"/>
	<SubTexture name="FireStage0112" x="594" y="943" width="630" height="365" frameX="-16" frameY="-105" frameWidth="678" frameHeight="470"/>
	<SubTexture name="FireStage0113" x="594" y="943" width="630" height="365" frameX="-16" frameY="-105" frameWidth="678" frameHeight="470"/>
	<SubTexture name="FireStage0114" x="1229" y="943" width="609" height="386" frameX="-34" frameY="-84" frameWidth="678" frameHeight="470"/>
	<SubTexture name="FireStage0115" x="1229" y="943" width="609" height="386" frameX="-34" frameY="-84" frameWidth="678" frameHeight="470"/>
	<SubTexture name="FireStage0116" x="1843" y="943" width="637" height="417" frameX="-39" frameY="-53" frameWidth="678" frameHeight="470"/>
	<SubTexture name="FireStage0117" x="1843" y="943" width="637" height="417" frameX="-39" frameY="-53" frameWidth="678" frameHeight="470"/>
	<SubTexture name="FireStage0118" x="2485" y="943" width="646" height="424" frameX="-5" frameY="-46" frameWidth="678" frameHeight="470"/>
	<SubTexture name="FireStage0119" x="2485" y="943" width="646" height="424" frameX="-5" frameY="-46" frameWidth="678" frameHeight="470"/>
	<SubTexture name="FireStage0120" x="3136" y="943" width="641" height="439" frameX="-31" frameY="-31" frameWidth="678" frameHeight="470"/>
	<SubTexture name="FireStage0121" x="3136" y="943" width="641" height="439" frameX="-31" frameY="-31" frameWidth="678" frameHeight="470"/>
	<SubTexture name="FireStage0122" x="9" y="1387" width="627" height="456" frameX="-44" frameY="-14" frameWidth="678" frameHeight="470"/>
	<SubTexture name="FireStage0123" x="9" y="1387" width="627" height="456" frameX="-44" frameY="-14" frameWidth="678" frameHeight="470"/>
	<SubTexture name="FireStage0124" x="9" y="470" width="505" height="422" frameX="-73" frameY="-48" frameWidth="678" frameHeight="470"/>
	<SubTexture name="FireStage0125" x="9" y="470" width="505" height="422" frameX="-73" frameY="-48" frameWidth="678" frameHeight="470"/>
	<SubTexture name="FireStage0126" x="519" y="470" width="550" height="453" frameX="-49" frameY="-17" frameWidth="678" frameHeight="470"/>
	<SubTexture name="FireStage0127" x="519" y="470" width="550" height="453" frameX="-49" frameY="-17" frameWidth="678" frameHeight="470"/>
	<SubTexture name="FireStage0128" x="1074" y="470" width="542" height="457" frameX="-37" frameY="-13" frameWidth="678" frameHeight="470"/>
	<SubTexture name="FireStage0129" x="1074" y="470" width="542" height="457" frameX="-37" frameY="-13" frameWidth="678" frameHeight="470"/>
	<SubTexture name="FireStage0130" x="1621" y="470" width="579" height="468" frameX="0" frameY="-2" frameWidth="678" frameHeight="470"/>
	<SubTexture name="FireStage0131" x="1621" y="470" width="579" height="468" frameX="0" frameY="-2" frameWidth="678" frameHeight="470"/>
	<SubTexture name="FireStage0132" x="2205" y="470" width="548" height="466" frameX="-44" frameY="-3" frameWidth="678" frameHeight="470"/>
	<SubTexture name="FireStage0133" x="2205" y="470" width="548" height="466" frameX="-44" frameY="-3" frameWidth="678" frameHeight="470"/>
	<SubTexture name="FireStage0134" x="2758" y="470" width="561" height="467" frameX="-42" frameY="-3" frameWidth="678" frameHeight="470"/>
	<SubTexture name="FireStage0135" x="2758" y="470" width="561" height="467" frameX="-42" frameY="-3" frameWidth="678" frameHeight="470"/>
	<SubTexture name="FireStage0136" x="3324" y="470" width="595" height="363" frameX="-24" frameY="-105" frameWidth="678" frameHeight="470"/>
	<SubTexture name="FireStage0137" x="3324" y="470" width="595" height="363" frameX="-24" frameY="-105" frameWidth="678" frameHeight="470"/>
	<SubTexture name="FireStage0138" x="9" y="943" width="580" height="377" frameX="-55" frameY="-89" frameWidth="678" frameHeight="470"/>
	<SubTexture name="FireStage0139" x="9" y="943" width="580" height="377" frameX="-55" frameY="-89" frameWidth="678" frameHeight="470"/>
	<SubTexture name="FireStage0140" x="594" y="943" width="630" height="365" frameX="-16" frameY="-105" frameWidth="678" frameHeight="470"/>
	<SubTexture name="FireStage0141" x="594" y="943" width="630" height="365" frameX="-16" frameY="-105" frameWidth="678" frameHeight="470"/>
	<SubTexture name="FireStage0142" x="1229" y="943" width="609" height="386" frameX="-34" frameY="-84" frameWidth="678" frameHeight="470"/>
	<SubTexture name="FireStage0143" x="1229" y="943" width="609" height="386" frameX="-34" frameY="-84" frameWidth="678" frameHeight="470"/>
	<SubTexture name="FireStage0144" x="1843" y="943" width="637" height="417" frameX="-39" frameY="-53" frameWidth="678" frameHeight="470"/>
	<SubTexture name="FireStage0145" x="1843" y="943" width="637" height="417" frameX="-39" frameY="-53" frameWidth="678" frameHeight="470"/>
	<SubTexture name="FireStage0146" x="2485" y="943" width="646" height="424" frameX="-5" frameY="-46" frameWidth="678" frameHeight="470"/>
	<SubTexture name="FireStage0147" x="2485" y="943" width="646" height="424" frameX="-5" frameY="-46" frameWidth="678" frameHeight="470"/>
	<SubTexture name="FireStage0148" x="3136" y="943" width="641" height="439" frameX="-31" frameY="-31" frameWidth="678" frameHeight="470"/>
	<SubTexture name="FireStage0149" x="3136" y="943" width="641" height="439" frameX="-31" frameY="-31" frameWidth="678" frameHeight="470"/>
	<SubTexture name="FireStage0150" x="9" y="1387" width="627" height="456" frameX="-44" frameY="-14" frameWidth="678" frameHeight="470"/>
	<SubTexture name="FireStage0151" x="9" y="1387" width="627" height="456" frameX="-44" frameY="-14" frameWidth="678" frameHeight="470"/>
</TextureAtlas>
