﻿<?xml version="1.0" encoding="utf-8"?>
<TextureAtlas imagePath="BOYFRIEND.png">
	<!-- Created with Adobe Animate version 19.2.1.408 -->
	<!-- http://www.adobe.com/products/animate.html -->
	<SubTexture name="BF Dead Loop0000" x="0" y="0" width="410" height="425"/>
	<SubTexture name="BF Dead Loop0001" x="410" y="0" width="410" height="425"/>
	<SubTexture name="BF Dead Loop0002" x="410" y="0" width="410" height="425"/>
	<SubTexture name="BF Dead Loop0003" x="820" y="0" width="410" height="425"/>
	<SubTexture name="BF Dead Loop0004" x="820" y="0" width="410" height="425"/>
	<SubTexture name="BF Dead Loop0005" x="1230" y="0" width="410" height="425"/>
	<SubTexture name="BF Dead Loop0006" x="1230" y="0" width="410" height="425"/>
	<SubTexture name="BF Dead Loop0007" x="1640" y="0" width="410" height="425"/>
	<SubTexture name="BF Dead Loop0008" x="2050" y="0" width="410" height="425"/>
	<SubTexture name="BF Dead Loop0009" x="2050" y="0" width="410" height="425"/>
	<SubTexture name="BF Dead Loop0010" x="2050" y="0" width="410" height="425"/>
	<SubTexture name="BF Dead Loop0011" x="2050" y="0" width="410" height="425"/>
	<SubTexture name="BF Dead Loop0012" x="2050" y="0" width="410" height="425"/>
	<SubTexture name="BF Dead Loop0013" x="2050" y="0" width="410" height="425"/>
	<SubTexture name="BF Dead Loop0014" x="2050" y="0" width="410" height="425"/>
	<SubTexture name="BF Dead Loop0015" x="2050" y="0" width="410" height="425"/>
	<SubTexture name="BF Dead Loop0016" x="2050" y="0" width="410" height="425"/>
	<SubTexture name="BF Dead Loop0017" x="0" y="0" width="410" height="425"/>
	<SubTexture name="BF Dead Loop0018" x="410" y="0" width="410" height="425"/>
	<SubTexture name="BF Dead Loop0019" x="410" y="0" width="410" height="425"/>
	<SubTexture name="BF Dead Loop0020" x="820" y="0" width="410" height="425"/>
	<SubTexture name="BF Dead Loop0021" x="820" y="0" width="410" height="425"/>
	<SubTexture name="BF Dead Loop0022" x="1230" y="0" width="410" height="425"/>
	<SubTexture name="BF Dead Loop0023" x="1230" y="0" width="410" height="425"/>
	<SubTexture name="BF Dead Loop0024" x="2050" y="0" width="410" height="425"/>
	<SubTexture name="BF Dead Loop0025" x="2050" y="0" width="410" height="425"/>
	<SubTexture name="BF Dead Loop0026" x="2050" y="0" width="410" height="425"/>
	<SubTexture name="BF Dead Loop0027" x="2050" y="0" width="410" height="425"/>
	<SubTexture name="BF Dead Loop0028" x="2050" y="0" width="410" height="425"/>
	<SubTexture name="BF Dead Loop0029" x="2050" y="0" width="410" height="425"/>
	<SubTexture name="BF Dead Loop0030" x="1640" y="0" width="410" height="425"/>
	<SubTexture name="BF Dead Loop0031" x="2050" y="0" width="410" height="425"/>
	<SubTexture name="BF Dead Loop0032" x="2050" y="0" width="410" height="425"/>
	<SubTexture name="BF Dead Loop0033" x="2050" y="0" width="410" height="425"/>
	<SubTexture name="BF Dead confirm0000" x="2460" y="0" width="410" height="425" frameX="0" frameY="-64" frameWidth="439" frameHeight="489"/>
	<SubTexture name="BF Dead confirm0001" x="2870" y="0" width="419" height="459" frameX="0" frameY="-30" frameWidth="439" frameHeight="489"/>
	<SubTexture name="BF Dead confirm0002" x="3289" y="0" width="419" height="489" frameX="0" frameY="0" frameWidth="439" frameHeight="489"/>
	<SubTexture name="BF Dead confirm0003" x="0" y="489" width="419" height="459" frameX="0" frameY="-30" frameWidth="439" frameHeight="489"/>
	<SubTexture name="BF Dead confirm0004" x="419" y="489" width="419" height="459" frameX="0" frameY="-30" frameWidth="439" frameHeight="489"/>
	<SubTexture name="BF Dead confirm0005" x="838" y="489" width="419" height="459" frameX="0" frameY="-30" frameWidth="439" frameHeight="489"/>
	<SubTexture name="BF Dead confirm0006" x="1257" y="489" width="419" height="459" frameX="0" frameY="-30" frameWidth="439" frameHeight="489"/>
	<SubTexture name="BF Dead confirm0007" x="1676" y="489" width="419" height="459" frameX="0" frameY="-30" frameWidth="439" frameHeight="489"/>
	<SubTexture name="BF Dead confirm0008" x="2095" y="489" width="419" height="459" frameX="0" frameY="-30" frameWidth="439" frameHeight="489"/>
	<SubTexture name="BF Dead confirm0009" x="2514" y="489" width="419" height="459" frameX="0" frameY="-30" frameWidth="439" frameHeight="489"/>
	<SubTexture name="BF Dead confirm0010" x="2933" y="489" width="419" height="459" frameX="0" frameY="-30" frameWidth="439" frameHeight="489"/>
	<SubTexture name="BF Dead confirm0011" x="3352" y="489" width="419" height="459" frameX="0" frameY="-30" frameWidth="439" frameHeight="489"/>
	<SubTexture name="BF Dead confirm0012" x="0" y="948" width="420" height="459" frameX="0" frameY="-30" frameWidth="439" frameHeight="489"/>
	<SubTexture name="BF Dead confirm0013" x="420" y="948" width="422" height="459" frameX="0" frameY="-30" frameWidth="439" frameHeight="489"/>
	<SubTexture name="BF Dead confirm0014" x="842" y="948" width="425" height="459" frameX="0" frameY="-30" frameWidth="439" frameHeight="489"/>
	<SubTexture name="BF Dead confirm0015" x="1267" y="948" width="427" height="459" frameX="0" frameY="-30" frameWidth="439" frameHeight="489"/>
	<SubTexture name="BF Dead confirm0016" x="1694" y="948" width="430" height="459" frameX="0" frameY="-30" frameWidth="439" frameHeight="489"/>
	<SubTexture name="BF Dead confirm0017" x="2124" y="948" width="431" height="459" frameX="0" frameY="-30" frameWidth="439" frameHeight="489"/>
	<SubTexture name="BF Dead confirm0018" x="2555" y="948" width="433" height="459" frameX="0" frameY="-30" frameWidth="439" frameHeight="489"/>
	<SubTexture name="BF Dead confirm0019" x="2988" y="948" width="435" height="459" frameX="0" frameY="-30" frameWidth="439" frameHeight="489"/>
	<SubTexture name="BF Dead confirm0020" x="3423" y="948" width="436" height="459" frameX="0" frameY="-30" frameWidth="439" frameHeight="489"/>
	<SubTexture name="BF Dead confirm0021" x="0" y="1407" width="437" height="459" frameX="0" frameY="-30" frameWidth="439" frameHeight="489"/>
	<SubTexture name="BF Dead confirm0022" x="437" y="1407" width="438" height="459" frameX="0" frameY="-30" frameWidth="439" frameHeight="489"/>
	<SubTexture name="BF Dead confirm0023" x="875" y="1407" width="438" height="459" frameX="0" frameY="-30" frameWidth="439" frameHeight="489"/>
	<SubTexture name="BF Dead confirm0024" x="875" y="1407" width="438" height="459" frameX="0" frameY="-30" frameWidth="439" frameHeight="489"/>
	<SubTexture name="BF Dead confirm0025" x="875" y="1407" width="438" height="459" frameX="0" frameY="-30" frameWidth="439" frameHeight="489"/>
	<SubTexture name="BF Dead confirm0026" x="875" y="1407" width="438" height="459" frameX="0" frameY="-30" frameWidth="439" frameHeight="489"/>
	<SubTexture name="BF Dead confirm0027" x="875" y="1407" width="438" height="459" frameX="0" frameY="-30" frameWidth="439" frameHeight="489"/>
	<SubTexture name="BF Dead confirm0028" x="875" y="1407" width="438" height="459" frameX="0" frameY="-30" frameWidth="439" frameHeight="489"/>
	<SubTexture name="BF Dead confirm0029" x="875" y="1407" width="438" height="459" frameX="0" frameY="-30" frameWidth="439" frameHeight="489"/>
	<SubTexture name="BF Dead confirm0030" x="875" y="1407" width="438" height="459" frameX="0" frameY="-30" frameWidth="439" frameHeight="489"/>
	<SubTexture name="BF Dead confirm0031" x="875" y="1407" width="438" height="459" frameX="0" frameY="-30" frameWidth="439" frameHeight="489"/>
	<SubTexture name="BF Dead confirm0032" x="875" y="1407" width="438" height="459" frameX="0" frameY="-30" frameWidth="439" frameHeight="489"/>
	<SubTexture name="BF Dead confirm0033" x="875" y="1407" width="438" height="459" frameX="0" frameY="-30" frameWidth="439" frameHeight="489"/>
	<SubTexture name="BF HEY!!0000" x="1313" y="1407" width="391" height="407" frameX="-4" frameY="0" frameWidth="395" frameHeight="409"/>
	<SubTexture name="BF HEY!!0001" x="1313" y="1407" width="391" height="407" frameX="-4" frameY="0" frameWidth="395" frameHeight="409"/>
	<SubTexture name="BF HEY!!0002" x="1704" y="1407" width="385" height="405" frameX="0" frameY="-4" frameWidth="395" frameHeight="409"/>
	<SubTexture name="BF HEY!!0003" x="1704" y="1407" width="385" height="405" frameX="0" frameY="-4" frameWidth="395" frameHeight="409"/>
	<SubTexture name="BF HEY!!0004" x="2089" y="1407" width="387" height="407" frameX="0" frameY="-2" frameWidth="395" frameHeight="409"/>
	<SubTexture name="BF HEY!!0005" x="2089" y="1407" width="387" height="407" frameX="0" frameY="-2" frameWidth="395" frameHeight="409"/>
	<SubTexture name="BF HEY!!0006" x="2089" y="1407" width="387" height="407" frameX="0" frameY="-2" frameWidth="395" frameHeight="409"/>
	<SubTexture name="BF HEY!!0007" x="2089" y="1407" width="387" height="407" frameX="0" frameY="-2" frameWidth="395" frameHeight="409"/>
	<SubTexture name="BF HEY!!0008" x="2089" y="1407" width="387" height="407" frameX="0" frameY="-2" frameWidth="395" frameHeight="409"/>
	<SubTexture name="BF HEY!!0009" x="2089" y="1407" width="387" height="407" frameX="0" frameY="-2" frameWidth="395" frameHeight="409"/>
	<SubTexture name="BF HEY!!0010" x="2089" y="1407" width="387" height="407" frameX="0" frameY="-2" frameWidth="395" frameHeight="409"/>
	<SubTexture name="BF HEY!!0011" x="2089" y="1407" width="387" height="407" frameX="0" frameY="-2" frameWidth="395" frameHeight="409"/>
	<SubTexture name="BF HEY!!0012" x="2089" y="1407" width="387" height="407" frameX="0" frameY="-2" frameWidth="395" frameHeight="409"/>
	<SubTexture name="BF HEY!!0013" x="2089" y="1407" width="387" height="407" frameX="0" frameY="-2" frameWidth="395" frameHeight="409"/>
	<SubTexture name="BF HEY!!0014" x="2089" y="1407" width="387" height="407" frameX="0" frameY="-2" frameWidth="395" frameHeight="409"/>
	<SubTexture name="BF HEY!!0015" x="2089" y="1407" width="387" height="407" frameX="0" frameY="-2" frameWidth="395" frameHeight="409"/>
	<SubTexture name="BF HEY!!0016" x="2089" y="1407" width="387" height="407" frameX="0" frameY="-2" frameWidth="395" frameHeight="409"/>
	<SubTexture name="BF HEY!!0017" x="2089" y="1407" width="387" height="407" frameX="0" frameY="-2" frameWidth="395" frameHeight="409"/>
	<SubTexture name="BF HEY!!0018" x="2089" y="1407" width="387" height="407" frameX="0" frameY="-2" frameWidth="395" frameHeight="409"/>
	<SubTexture name="BF HEY!!0019" x="2089" y="1407" width="387" height="407" frameX="0" frameY="-2" frameWidth="395" frameHeight="409"/>
	<SubTexture name="BF HEY!!0020" x="2089" y="1407" width="387" height="407" frameX="0" frameY="-2" frameWidth="395" frameHeight="409"/>
	<SubTexture name="BF HEY!!0021" x="2089" y="1407" width="387" height="407" frameX="0" frameY="-2" frameWidth="395" frameHeight="409"/>
	<SubTexture name="BF HEY!!0022" x="2089" y="1407" width="387" height="407" frameX="0" frameY="-2" frameWidth="395" frameHeight="409"/>
	<SubTexture name="BF HEY!!0023" x="2089" y="1407" width="387" height="407" frameX="0" frameY="-2" frameWidth="395" frameHeight="409"/>
	<SubTexture name="BF HEY!!0024" x="2089" y="1407" width="387" height="407" frameX="0" frameY="-2" frameWidth="395" frameHeight="409"/>
	<SubTexture name="BF HEY!!0025" x="2089" y="1407" width="387" height="407" frameX="0" frameY="-2" frameWidth="395" frameHeight="409"/>
	<SubTexture name="BF NOTE DOWN0000" x="2822" y="1407" width="348" height="352" frameX="-2" frameY="-5" frameWidth="361" frameHeight="392"/>
	<SubTexture name="BF NOTE DOWN0001" x="2822" y="1407" width="348" height="352" frameX="-2" frameY="-5" frameWidth="361" frameHeight="392"/>
	<SubTexture name="BF NOTE DOWN0002" x="2476" y="1407" width="346" height="357" frameX="0" frameY="0" frameWidth="350" frameHeight="357"/>
	<SubTexture name="BF NOTE DOWN0003" x="2476" y="1407" width="346" height="357" frameX="0" frameY="0" frameWidth="350" frameHeight="357"/>
	<SubTexture name="BF NOTE DOWN0004" x="2476" y="1407" width="346" height="357" frameX="0" frameY="0" frameWidth="350" frameHeight="357"/>
	<SubTexture name="BF NOTE DOWN0005" x="2476" y="1407" width="346" height="357" frameX="0" frameY="0" frameWidth="350" frameHeight="357"/>
	<SubTexture name="BF NOTE DOWN0006" x="2476" y="1407" width="346" height="357" frameX="0" frameY="0" frameWidth="350" frameHeight="357"/>
	<SubTexture name="BF NOTE DOWN0007" x="2476" y="1407" width="346" height="357" frameX="0" frameY="0" frameWidth="350" frameHeight="357"/>
	<SubTexture name="BF NOTE DOWN0008" x="2476" y="1407" width="346" height="357" frameX="0" frameY="0" frameWidth="350" frameHeight="357"/>
	<SubTexture name="BF NOTE DOWN0009" x="2476" y="1407" width="346" height="357" frameX="0" frameY="0" frameWidth="350" frameHeight="357"/>
	<SubTexture name="BF NOTE DOWN0010" x="2476" y="1407" width="346" height="357" frameX="0" frameY="0" frameWidth="350" frameHeight="357"/>
	<SubTexture name="BF NOTE DOWN0011" x="2476" y="1407" width="346" height="357" frameX="0" frameY="0" frameWidth="350" frameHeight="357"/>
	<SubTexture name="BF NOTE DOWN0012" x="2476" y="1407" width="346" height="357" frameX="0" frameY="0" frameWidth="350" frameHeight="357"/>
	<SubTexture name="BF NOTE DOWN0013" x="2476" y="1407" width="346" height="357" frameX="0" frameY="0" frameWidth="350" frameHeight="357"/>
	<SubTexture name="BF NOTE DOWN0014" x="2476" y="1407" width="346" height="357" frameX="0" frameY="0" frameWidth="350" frameHeight="357"/>
	<SubTexture name="BF NOTE DOWN0015" x="2476" y="1407" width="346" height="357" frameX="0" frameY="0" frameWidth="350" frameHeight="357"/>
	<SubTexture name="BF NOTE DOWN0016" x="2476" y="1407" width="346" height="357" frameX="0" frameY="0" frameWidth="350" frameHeight="357"/>
	<SubTexture name="BF NOTE DOWN0017" x="2476" y="1407" width="346" height="357" frameX="0" frameY="0" frameWidth="350" frameHeight="357"/>
	<SubTexture name="BF NOTE DOWN0018" x="2476" y="1407" width="346" height="357" frameX="0" frameY="0" frameWidth="350" frameHeight="357"/>
	<SubTexture name="BF NOTE DOWN0019" x="2476" y="1407" width="346" height="357" frameX="0" frameY="0" frameWidth="350" frameHeight="357"/>
	<SubTexture name="BF NOTE DOWN0020" x="2476" y="1407" width="346" height="357" frameX="0" frameY="0" frameWidth="350" frameHeight="357"/>
	<SubTexture name="BF NOTE DOWN0021" x="2476" y="1407" width="346" height="357" frameX="0" frameY="0" frameWidth="350" frameHeight="357"/>
	<SubTexture name="BF NOTE DOWN0022" x="2476" y="1407" width="346" height="357" frameX="0" frameY="0" frameWidth="350" frameHeight="357"/>
	<SubTexture name="BF NOTE DOWN0023" x="2476" y="1407" width="346" height="357" frameX="0" frameY="0" frameWidth="350" frameHeight="357"/>
	<SubTexture name="BF NOTE DOWN0024" x="2476" y="1407" width="346" height="357" frameX="0" frameY="0" frameWidth="350" frameHeight="357"/>
	<SubTexture name="BF NOTE DOWN0025" x="2476" y="1407" width="346" height="357" frameX="0" frameY="0" frameWidth="350" frameHeight="357"/>
	<SubTexture name="BF NOTE DOWN0026" x="2476" y="1407" width="346" height="357" frameX="0" frameY="0" frameWidth="350" frameHeight="357"/>
	<SubTexture name="BF NOTE DOWN0027" x="2476" y="1407" width="346" height="357" frameX="0" frameY="0" frameWidth="350" frameHeight="357"/>
	<SubTexture name="BF NOTE DOWN0028" x="2476" y="1407" width="346" height="357" frameX="0" frameY="0" frameWidth="350" frameHeight="357"/>
	<SubTexture name="BF NOTE DOWN0029" x="2476" y="1407" width="346" height="357" frameX="0" frameY="0" frameWidth="350" frameHeight="357"/>
	<SubTexture name="BF NOTE DOWN MISS0000" x="2822" y="1407" width="348" height="352" frameX="0" frameY="-40" frameWidth="361" frameHeight="392"/>
	<SubTexture name="BF NOTE DOWN MISS0001" x="3170" y="1407" width="359" height="392" frameX="-1" frameY="0" frameWidth="361" frameHeight="392"/>
	<SubTexture name="BF NOTE DOWN MISS0002" x="3170" y="1407" width="359" height="392" frameX="-1" frameY="0" frameWidth="361" frameHeight="392"/>
	<SubTexture name="BF NOTE DOWN MISS0003" x="3529" y="1407" width="361" height="388" frameX="0" frameY="-4" frameWidth="361" frameHeight="392"/>
	<SubTexture name="BF NOTE DOWN MISS0004" x="3529" y="1407" width="361" height="388" frameX="0" frameY="-4" frameWidth="361" frameHeight="392"/>
	<SubTexture name="BF NOTE DOWN MISS0005" x="3529" y="1407" width="361" height="388" frameX="0" frameY="-4" frameWidth="361" frameHeight="392"/>
	<SubTexture name="BF NOTE DOWN MISS0006" x="3529" y="1407" width="361" height="388" frameX="0" frameY="-4" frameWidth="361" frameHeight="392"/>
	<SubTexture name="BF NOTE DOWN MISS0007" x="3529" y="1407" width="361" height="388" frameX="0" frameY="-4" frameWidth="361" frameHeight="392"/>
	<SubTexture name="BF NOTE DOWN MISS0008" x="3529" y="1407" width="361" height="388" frameX="0" frameY="-4" frameWidth="361" frameHeight="392"/>
	<SubTexture name="BF NOTE DOWN MISS0009" x="3529" y="1407" width="361" height="388" frameX="0" frameY="-4" frameWidth="361" frameHeight="392"/>
	<SubTexture name="BF NOTE DOWN MISS0010" x="3529" y="1407" width="361" height="388" frameX="0" frameY="-4" frameWidth="361" frameHeight="392"/>
	<SubTexture name="BF NOTE DOWN MISS0011" x="3529" y="1407" width="361" height="388" frameX="0" frameY="-4" frameWidth="361" frameHeight="392"/>
	<SubTexture name="BF NOTE DOWN MISS0012" x="3529" y="1407" width="361" height="388" frameX="0" frameY="-4" frameWidth="361" frameHeight="392"/>
	<SubTexture name="BF NOTE DOWN MISS0013" x="3529" y="1407" width="361" height="388" frameX="0" frameY="-4" frameWidth="361" frameHeight="392"/>
	<SubTexture name="BF NOTE DOWN MISS0014" x="3529" y="1407" width="361" height="388" frameX="0" frameY="-4" frameWidth="361" frameHeight="392"/>
	<SubTexture name="BF NOTE DOWN MISS0015" x="3529" y="1407" width="361" height="388" frameX="0" frameY="-4" frameWidth="361" frameHeight="392"/>
	<SubTexture name="BF NOTE DOWN MISS0016" x="3529" y="1407" width="361" height="388" frameX="0" frameY="-4" frameWidth="361" frameHeight="392"/>
	<SubTexture name="BF NOTE DOWN MISS0017" x="3529" y="1407" width="361" height="388" frameX="0" frameY="-4" frameWidth="361" frameHeight="392"/>
	<SubTexture name="BF NOTE DOWN MISS0018" x="3529" y="1407" width="361" height="388" frameX="0" frameY="-4" frameWidth="361" frameHeight="392"/>
	<SubTexture name="BF NOTE DOWN MISS0019" x="3529" y="1407" width="361" height="388" frameX="0" frameY="-4" frameWidth="361" frameHeight="392"/>
	<SubTexture name="BF NOTE DOWN MISS0020" x="3529" y="1407" width="361" height="388" frameX="0" frameY="-4" frameWidth="361" frameHeight="392"/>
	<SubTexture name="BF NOTE DOWN MISS0021" x="3529" y="1407" width="361" height="388" frameX="0" frameY="-4" frameWidth="361" frameHeight="392"/>
	<SubTexture name="BF NOTE DOWN MISS0022" x="3529" y="1407" width="361" height="388" frameX="0" frameY="-4" frameWidth="361" frameHeight="392"/>
	<SubTexture name="BF NOTE DOWN MISS0023" x="3529" y="1407" width="361" height="388" frameX="0" frameY="-4" frameWidth="361" frameHeight="392"/>
	<SubTexture name="BF NOTE DOWN MISS0024" x="3529" y="1407" width="361" height="388" frameX="0" frameY="-4" frameWidth="361" frameHeight="392"/>
	<SubTexture name="BF NOTE DOWN MISS0025" x="3529" y="1407" width="361" height="388" frameX="0" frameY="-4" frameWidth="361" frameHeight="392"/>
	<SubTexture name="BF NOTE DOWN MISS0026" x="3529" y="1407" width="361" height="388" frameX="0" frameY="-4" frameWidth="361" frameHeight="392"/>
	<SubTexture name="BF NOTE DOWN MISS0027" x="3529" y="1407" width="361" height="388" frameX="0" frameY="-4" frameWidth="361" frameHeight="392"/>
	<SubTexture name="BF NOTE DOWN MISS0028" x="3529" y="1407" width="361" height="388" frameX="0" frameY="-4" frameWidth="361" frameHeight="392"/>
	<SubTexture name="BF NOTE LEFT0000" x="0" y="1866" width="361" height="399"/>
	<SubTexture name="BF NOTE LEFT0001" x="0" y="1866" width="361" height="399"/>
	<SubTexture name="BF NOTE LEFT0002" x="361" y="1866" width="361" height="398" frameX="0" frameY="-1" frameWidth="361" frameHeight="399"/>
	<SubTexture name="BF NOTE LEFT0003" x="361" y="1866" width="361" height="398" frameX="0" frameY="-1" frameWidth="361" frameHeight="399"/>
	<SubTexture name="BF NOTE LEFT0004" x="361" y="1866" width="361" height="398" frameX="0" frameY="-1" frameWidth="361" frameHeight="399"/>
	<SubTexture name="BF NOTE LEFT0005" x="361" y="1866" width="361" height="398" frameX="0" frameY="-1" frameWidth="361" frameHeight="399"/>
	<SubTexture name="BF NOTE LEFT0006" x="361" y="1866" width="361" height="398" frameX="0" frameY="-1" frameWidth="361" frameHeight="399"/>
	<SubTexture name="BF NOTE LEFT0007" x="361" y="1866" width="361" height="398" frameX="0" frameY="-1" frameWidth="361" frameHeight="399"/>
	<SubTexture name="BF NOTE LEFT0008" x="361" y="1866" width="361" height="398" frameX="0" frameY="-1" frameWidth="361" frameHeight="399"/>
	<SubTexture name="BF NOTE LEFT0009" x="361" y="1866" width="361" height="398" frameX="0" frameY="-1" frameWidth="361" frameHeight="399"/>
	<SubTexture name="BF NOTE LEFT0010" x="361" y="1866" width="361" height="398" frameX="0" frameY="-1" frameWidth="361" frameHeight="399"/>
	<SubTexture name="BF NOTE LEFT0011" x="361" y="1866" width="361" height="398" frameX="0" frameY="-1" frameWidth="361" frameHeight="399"/>
	<SubTexture name="BF NOTE LEFT0012" x="361" y="1866" width="361" height="398" frameX="0" frameY="-1" frameWidth="361" frameHeight="399"/>
	<SubTexture name="BF NOTE LEFT0013" x="361" y="1866" width="361" height="398" frameX="0" frameY="-1" frameWidth="361" frameHeight="399"/>
	<SubTexture name="BF NOTE LEFT0014" x="361" y="1866" width="361" height="398" frameX="0" frameY="-1" frameWidth="361" frameHeight="399"/>
	<SubTexture name="BF NOTE LEFT MISS0000" x="722" y="1866" width="354" height="399" frameX="0" frameY="-25" frameWidth="354" frameHeight="430"/>
	<SubTexture name="BF NOTE LEFT MISS0001" x="1076" y="1866" width="331" height="430" frameX="-18" frameY="0" frameWidth="354" frameHeight="430"/>
	<SubTexture name="BF NOTE LEFT MISS0002" x="1076" y="1866" width="331" height="430" frameX="-18" frameY="0" frameWidth="354" frameHeight="430"/>
	<SubTexture name="BF NOTE LEFT MISS0003" x="1407" y="1866" width="332" height="430" frameX="-16" frameY="0" frameWidth="354" frameHeight="430"/>
	<SubTexture name="BF NOTE LEFT MISS0004" x="1407" y="1866" width="332" height="430" frameX="-16" frameY="0" frameWidth="354" frameHeight="430"/>
	<SubTexture name="BF NOTE LEFT MISS0005" x="1407" y="1866" width="332" height="430" frameX="-16" frameY="0" frameWidth="354" frameHeight="430"/>
	<SubTexture name="BF NOTE LEFT MISS0006" x="1407" y="1866" width="332" height="430" frameX="-16" frameY="0" frameWidth="354" frameHeight="430"/>
	<SubTexture name="BF NOTE LEFT MISS0007" x="1407" y="1866" width="332" height="430" frameX="-16" frameY="0" frameWidth="354" frameHeight="430"/>
	<SubTexture name="BF NOTE LEFT MISS0008" x="1407" y="1866" width="332" height="430" frameX="-16" frameY="0" frameWidth="354" frameHeight="430"/>
	<SubTexture name="BF NOTE LEFT MISS0009" x="1407" y="1866" width="332" height="430" frameX="-16" frameY="0" frameWidth="354" frameHeight="430"/>
	<SubTexture name="BF NOTE LEFT MISS0010" x="1407" y="1866" width="332" height="430" frameX="-16" frameY="0" frameWidth="354" frameHeight="430"/>
	<SubTexture name="BF NOTE LEFT MISS0011" x="1407" y="1866" width="332" height="430" frameX="-16" frameY="0" frameWidth="354" frameHeight="430"/>
	<SubTexture name="BF NOTE LEFT MISS0012" x="1407" y="1866" width="332" height="430" frameX="-16" frameY="0" frameWidth="354" frameHeight="430"/>
	<SubTexture name="BF NOTE LEFT MISS0013" x="1407" y="1866" width="332" height="430" frameX="-16" frameY="0" frameWidth="354" frameHeight="430"/>
	<SubTexture name="BF NOTE LEFT MISS0014" x="1407" y="1866" width="332" height="430" frameX="-16" frameY="0" frameWidth="354" frameHeight="430"/>
	<SubTexture name="BF NOTE LEFT MISS0015" x="1407" y="1866" width="332" height="430" frameX="-16" frameY="0" frameWidth="354" frameHeight="430"/>
	<SubTexture name="BF NOTE LEFT MISS0016" x="1407" y="1866" width="332" height="430" frameX="-16" frameY="0" frameWidth="354" frameHeight="430"/>
	<SubTexture name="BF NOTE LEFT MISS0017" x="1407" y="1866" width="332" height="430" frameX="-16" frameY="0" frameWidth="354" frameHeight="430"/>
	<SubTexture name="BF NOTE LEFT MISS0018" x="1407" y="1866" width="332" height="430" frameX="-16" frameY="0" frameWidth="354" frameHeight="430"/>
	<SubTexture name="BF NOTE LEFT MISS0019" x="1407" y="1866" width="332" height="430" frameX="-16" frameY="0" frameWidth="354" frameHeight="430"/>
	<SubTexture name="BF NOTE LEFT MISS0020" x="1407" y="1866" width="332" height="430" frameX="-16" frameY="0" frameWidth="354" frameHeight="430"/>
	<SubTexture name="BF NOTE LEFT MISS0021" x="1407" y="1866" width="332" height="430" frameX="-16" frameY="0" frameWidth="354" frameHeight="430"/>
	<SubTexture name="BF NOTE LEFT MISS0022" x="1407" y="1866" width="332" height="430" frameX="-16" frameY="0" frameWidth="354" frameHeight="430"/>
	<SubTexture name="BF NOTE LEFT MISS0023" x="1407" y="1866" width="332" height="430" frameX="-16" frameY="0" frameWidth="354" frameHeight="430"/>
	<SubTexture name="BF NOTE LEFT MISS0024" x="1407" y="1866" width="332" height="430" frameX="-16" frameY="0" frameWidth="354" frameHeight="430"/>
	<SubTexture name="BF NOTE LEFT MISS0025" x="1407" y="1866" width="332" height="430" frameX="-16" frameY="0" frameWidth="354" frameHeight="430"/>
	<SubTexture name="BF NOTE LEFT MISS0026" x="1407" y="1866" width="332" height="430" frameX="-16" frameY="0" frameWidth="354" frameHeight="430"/>
	<SubTexture name="BF NOTE LEFT MISS0027" x="1407" y="1866" width="332" height="430" frameX="-16" frameY="0" frameWidth="354" frameHeight="430"/>
	<SubTexture name="BF NOTE LEFT MISS0028" x="1407" y="1866" width="332" height="430" frameX="-16" frameY="0" frameWidth="354" frameHeight="430"/>
	<SubTexture name="BF NOTE LEFT MISS0029" x="1407" y="1866" width="332" height="430" frameX="-16" frameY="0" frameWidth="354" frameHeight="430"/>
	<SubTexture name="BF NOTE LEFT MISS0030" x="1407" y="1866" width="332" height="430" frameX="-16" frameY="0" frameWidth="354" frameHeight="430"/>
	<SubTexture name="BF NOTE LEFT MISS0031" x="1407" y="1866" width="332" height="430" frameX="-16" frameY="0" frameWidth="354" frameHeight="430"/>
	<SubTexture name="BF NOTE LEFT MISS0032" x="1407" y="1866" width="332" height="430" frameX="-16" frameY="0" frameWidth="354" frameHeight="430"/>
	<SubTexture name="BF NOTE LEFT MISS0033" x="1407" y="1866" width="332" height="430" frameX="-16" frameY="0" frameWidth="354" frameHeight="430"/>
	<SubTexture name="BF NOTE RIGHT0000" x="1739" y="1866" width="368" height="399" frameX="0" frameY="-3" frameWidth="368" frameHeight="402"/>
	<SubTexture name="BF NOTE RIGHT0001" x="1739" y="1866" width="368" height="399" frameX="0" frameY="-3" frameWidth="368" frameHeight="402"/>
	<SubTexture name="BF NOTE RIGHT0002" x="2107" y="1866" width="367" height="402" frameX="0" frameY="0" frameWidth="368" frameHeight="402"/>
	<SubTexture name="BF NOTE RIGHT0003" x="2107" y="1866" width="367" height="402" frameX="0" frameY="0" frameWidth="368" frameHeight="402"/>
	<SubTexture name="BF NOTE RIGHT0004" x="2107" y="1866" width="367" height="402" frameX="0" frameY="0" frameWidth="368" frameHeight="402"/>
	<SubTexture name="BF NOTE RIGHT0005" x="2107" y="1866" width="367" height="402" frameX="0" frameY="0" frameWidth="368" frameHeight="402"/>
	<SubTexture name="BF NOTE RIGHT0006" x="2107" y="1866" width="367" height="402" frameX="0" frameY="0" frameWidth="368" frameHeight="402"/>
	<SubTexture name="BF NOTE RIGHT0007" x="2107" y="1866" width="367" height="402" frameX="0" frameY="0" frameWidth="368" frameHeight="402"/>
	<SubTexture name="BF NOTE RIGHT0008" x="2107" y="1866" width="367" height="402" frameX="0" frameY="0" frameWidth="368" frameHeight="402"/>
	<SubTexture name="BF NOTE RIGHT0009" x="2107" y="1866" width="367" height="402" frameX="0" frameY="0" frameWidth="368" frameHeight="402"/>
	<SubTexture name="BF NOTE RIGHT0010" x="2107" y="1866" width="367" height="402" frameX="0" frameY="0" frameWidth="368" frameHeight="402"/>
	<SubTexture name="BF NOTE RIGHT0011" x="2107" y="1866" width="367" height="402" frameX="0" frameY="0" frameWidth="368" frameHeight="402"/>
	<SubTexture name="BF NOTE RIGHT0012" x="2107" y="1866" width="367" height="402" frameX="0" frameY="0" frameWidth="368" frameHeight="402"/>
	<SubTexture name="BF NOTE RIGHT0013" x="2107" y="1866" width="367" height="402" frameX="0" frameY="0" frameWidth="368" frameHeight="402"/>
	<SubTexture name="BF NOTE RIGHT0014" x="2107" y="1866" width="367" height="402" frameX="0" frameY="0" frameWidth="368" frameHeight="402"/>
	<SubTexture name="BF NOTE RIGHT0015" x="2107" y="1866" width="367" height="402" frameX="0" frameY="0" frameWidth="368" frameHeight="402"/>
	<SubTexture name="BF NOTE RIGHT0016" x="2107" y="1866" width="367" height="402" frameX="0" frameY="0" frameWidth="368" frameHeight="402"/>
	<SubTexture name="BF NOTE RIGHT0017" x="2107" y="1866" width="367" height="402" frameX="0" frameY="0" frameWidth="368" frameHeight="402"/>
	<SubTexture name="BF NOTE RIGHT0018" x="2107" y="1866" width="367" height="402" frameX="0" frameY="0" frameWidth="368" frameHeight="402"/>
	<SubTexture name="BF NOTE RIGHT0019" x="2107" y="1866" width="367" height="402" frameX="0" frameY="0" frameWidth="368" frameHeight="402"/>
	<SubTexture name="BF NOTE RIGHT0020" x="2107" y="1866" width="367" height="402" frameX="0" frameY="0" frameWidth="368" frameHeight="402"/>
	<SubTexture name="BF NOTE RIGHT0021" x="2107" y="1866" width="367" height="402" frameX="0" frameY="0" frameWidth="368" frameHeight="402"/>
	<SubTexture name="BF NOTE RIGHT0022" x="2107" y="1866" width="367" height="402" frameX="0" frameY="0" frameWidth="368" frameHeight="402"/>
	<SubTexture name="BF NOTE RIGHT0023" x="2107" y="1866" width="367" height="402" frameX="0" frameY="0" frameWidth="368" frameHeight="402"/>
	<SubTexture name="BF NOTE RIGHT0024" x="2107" y="1866" width="367" height="402" frameX="0" frameY="0" frameWidth="368" frameHeight="402"/>
	<SubTexture name="BF NOTE RIGHT0025" x="2107" y="1866" width="367" height="402" frameX="0" frameY="0" frameWidth="368" frameHeight="402"/>
	<SubTexture name="BF NOTE RIGHT0026" x="2107" y="1866" width="367" height="402" frameX="0" frameY="0" frameWidth="368" frameHeight="402"/>
	<SubTexture name="BF NOTE RIGHT0027" x="2107" y="1866" width="367" height="402" frameX="0" frameY="0" frameWidth="368" frameHeight="402"/>
	<SubTexture name="BF NOTE RIGHT0028" x="2107" y="1866" width="367" height="402" frameX="0" frameY="0" frameWidth="368" frameHeight="402"/>
	<SubTexture name="BF NOTE RIGHT0029" x="2107" y="1866" width="367" height="402" frameX="0" frameY="0" frameWidth="368" frameHeight="402"/>
	<SubTexture name="BF NOTE RIGHT0030" x="2107" y="1866" width="367" height="402" frameX="0" frameY="0" frameWidth="368" frameHeight="402"/>
	<SubTexture name="BF NOTE RIGHT0031" x="2107" y="1866" width="367" height="402" frameX="0" frameY="0" frameWidth="368" frameHeight="402"/>
	<SubTexture name="BF NOTE RIGHT0032" x="2107" y="1866" width="367" height="402" frameX="0" frameY="0" frameWidth="368" frameHeight="402"/>
	<SubTexture name="BF NOTE RIGHT0033" x="2107" y="1866" width="367" height="402" frameX="0" frameY="0" frameWidth="368" frameHeight="402"/>
	<SubTexture name="BF NOTE RIGHT0034" x="2107" y="1866" width="367" height="402" frameX="0" frameY="0" frameWidth="368" frameHeight="402"/>
	<SubTexture name="BF NOTE RIGHT0035" x="2107" y="1866" width="367" height="402" frameX="0" frameY="0" frameWidth="368" frameHeight="402"/>
	<SubTexture name="BF NOTE RIGHT0036" x="2107" y="1866" width="367" height="402" frameX="0" frameY="0" frameWidth="368" frameHeight="402"/>
	<SubTexture name="BF NOTE RIGHT0037" x="2107" y="1866" width="367" height="402" frameX="0" frameY="0" frameWidth="368" frameHeight="402"/>
	<SubTexture name="BF NOTE RIGHT0038" x="2107" y="1866" width="367" height="402" frameX="0" frameY="0" frameWidth="368" frameHeight="402"/>
	<SubTexture name="BF NOTE RIGHT0039" x="2107" y="1866" width="367" height="402" frameX="0" frameY="0" frameWidth="368" frameHeight="402"/>
	<SubTexture name="BF NOTE RIGHT0040" x="2107" y="1866" width="367" height="402" frameX="0" frameY="0" frameWidth="368" frameHeight="402"/>
	<SubTexture name="BF NOTE RIGHT0041" x="2107" y="1866" width="367" height="402" frameX="0" frameY="0" frameWidth="368" frameHeight="402"/>
	<SubTexture name="BF NOTE RIGHT0042" x="2107" y="1866" width="367" height="402" frameX="0" frameY="0" frameWidth="368" frameHeight="402"/>
	<SubTexture name="BF NOTE RIGHT0043" x="2107" y="1866" width="367" height="402" frameX="0" frameY="0" frameWidth="368" frameHeight="402"/>
	<SubTexture name="BF NOTE RIGHT0044" x="2107" y="1866" width="367" height="402" frameX="0" frameY="0" frameWidth="368" frameHeight="402"/>
	<SubTexture name="BF NOTE RIGHT0045" x="2107" y="1866" width="367" height="402" frameX="0" frameY="0" frameWidth="368" frameHeight="402"/>
	<SubTexture name="BF NOTE RIGHT0046" x="2107" y="1866" width="367" height="402" frameX="0" frameY="0" frameWidth="368" frameHeight="402"/>
	<SubTexture name="BF NOTE RIGHT0047" x="2107" y="1866" width="367" height="402" frameX="0" frameY="0" frameWidth="368" frameHeight="402"/>
	<SubTexture name="BF NOTE RIGHT0048" x="2107" y="1866" width="367" height="402" frameX="0" frameY="0" frameWidth="368" frameHeight="402"/>
	<SubTexture name="BF NOTE RIGHT0049" x="2107" y="1866" width="367" height="402" frameX="0" frameY="0" frameWidth="368" frameHeight="402"/>
	<SubTexture name="BF NOTE RIGHT0050" x="2107" y="1866" width="367" height="402" frameX="0" frameY="0" frameWidth="368" frameHeight="402"/>
	<SubTexture name="BF NOTE RIGHT0051" x="2107" y="1866" width="367" height="402" frameX="0" frameY="0" frameWidth="368" frameHeight="402"/>
	<SubTexture name="BF NOTE RIGHT0052" x="2107" y="1866" width="367" height="402" frameX="0" frameY="0" frameWidth="368" frameHeight="402"/>
	<SubTexture name="BF NOTE RIGHT0053" x="2107" y="1866" width="367" height="402" frameX="0" frameY="0" frameWidth="368" frameHeight="402"/>
	<SubTexture name="BF NOTE RIGHT0054" x="2107" y="1866" width="367" height="402" frameX="0" frameY="0" frameWidth="368" frameHeight="402"/>
	<SubTexture name="BF NOTE RIGHT0055" x="2107" y="1866" width="367" height="402" frameX="0" frameY="0" frameWidth="368" frameHeight="402"/>
	<SubTexture name="BF NOTE RIGHT0056" x="2107" y="1866" width="367" height="402" frameX="0" frameY="0" frameWidth="368" frameHeight="402"/>
	<SubTexture name="BF NOTE RIGHT0057" x="2107" y="1866" width="367" height="402" frameX="0" frameY="0" frameWidth="368" frameHeight="402"/>
	<SubTexture name="BF NOTE RIGHT0058" x="2107" y="1866" width="367" height="402" frameX="0" frameY="0" frameWidth="368" frameHeight="402"/>
	<SubTexture name="BF NOTE RIGHT0059" x="2107" y="1866" width="367" height="402" frameX="0" frameY="0" frameWidth="368" frameHeight="402"/>
	<SubTexture name="BF NOTE RIGHT0060" x="2107" y="1866" width="367" height="402" frameX="0" frameY="0" frameWidth="368" frameHeight="402"/>
	<SubTexture name="BF NOTE RIGHT0061" x="2107" y="1866" width="367" height="402" frameX="0" frameY="0" frameWidth="368" frameHeight="402"/>
	<SubTexture name="BF NOTE RIGHT MISS0000" x="1739" y="1866" width="368" height="399" frameX="0" frameY="-36" frameWidth="368" frameHeight="402"/>
	<SubTexture name="BF NOTE RIGHT MISS0001" x="2474" y="1866" width="365" height="432" frameX="-2" frameY="0" frameWidth="372" frameHeight="435"/>
	<SubTexture name="BF NOTE RIGHT MISS0002" x="2474" y="1866" width="365" height="432" frameX="-2" frameY="0" frameWidth="372" frameHeight="435"/>
	<SubTexture name="BF NOTE RIGHT MISS0003" x="2839" y="1866" width="369" height="432" frameX="-3" frameY="0" frameWidth="372" frameHeight="435"/>
	<SubTexture name="BF NOTE RIGHT MISS0004" x="2839" y="1866" width="369" height="432" frameX="-3" frameY="0" frameWidth="372" frameHeight="435"/>
	<SubTexture name="BF NOTE RIGHT MISS0005" x="2839" y="1866" width="369" height="432" frameX="-3" frameY="0" frameWidth="372" frameHeight="435"/>
	<SubTexture name="BF NOTE RIGHT MISS0006" x="2839" y="1866" width="369" height="432" frameX="-3" frameY="0" frameWidth="372" frameHeight="435"/>
	<SubTexture name="BF NOTE RIGHT MISS0007" x="2839" y="1866" width="369" height="432" frameX="-3" frameY="0" frameWidth="372" frameHeight="435"/>
	<SubTexture name="BF NOTE RIGHT MISS0008" x="2839" y="1866" width="369" height="432" frameX="-3" frameY="0" frameWidth="372" frameHeight="435"/>
	<SubTexture name="BF NOTE RIGHT MISS0009" x="2839" y="1866" width="369" height="432" frameX="-3" frameY="0" frameWidth="372" frameHeight="435"/>
	<SubTexture name="BF NOTE RIGHT MISS0010" x="2839" y="1866" width="369" height="432" frameX="-3" frameY="0" frameWidth="372" frameHeight="435"/>
	<SubTexture name="BF NOTE RIGHT MISS0011" x="2839" y="1866" width="369" height="432" frameX="-3" frameY="0" frameWidth="372" frameHeight="435"/>
	<SubTexture name="BF NOTE RIGHT MISS0012" x="2839" y="1866" width="369" height="432" frameX="-3" frameY="0" frameWidth="372" frameHeight="435"/>
	<SubTexture name="BF NOTE RIGHT MISS0013" x="2839" y="1866" width="369" height="432" frameX="-3" frameY="0" frameWidth="372" frameHeight="435"/>
	<SubTexture name="BF NOTE RIGHT MISS0014" x="2839" y="1866" width="369" height="432" frameX="-3" frameY="0" frameWidth="372" frameHeight="435"/>
	<SubTexture name="BF NOTE RIGHT MISS0015" x="2839" y="1866" width="369" height="432" frameX="-3" frameY="0" frameWidth="372" frameHeight="435"/>
	<SubTexture name="BF NOTE RIGHT MISS0016" x="2839" y="1866" width="369" height="432" frameX="-3" frameY="0" frameWidth="372" frameHeight="435"/>
	<SubTexture name="BF NOTE RIGHT MISS0017" x="2839" y="1866" width="369" height="432" frameX="-3" frameY="0" frameWidth="372" frameHeight="435"/>
	<SubTexture name="BF NOTE RIGHT MISS0018" x="2839" y="1866" width="369" height="432" frameX="-3" frameY="0" frameWidth="372" frameHeight="435"/>
	<SubTexture name="BF NOTE RIGHT MISS0019" x="2839" y="1866" width="369" height="432" frameX="-3" frameY="0" frameWidth="372" frameHeight="435"/>
	<SubTexture name="BF NOTE RIGHT MISS0020" x="2839" y="1866" width="369" height="432" frameX="-3" frameY="0" frameWidth="372" frameHeight="435"/>
	<SubTexture name="BF NOTE RIGHT MISS0021" x="2839" y="1866" width="369" height="432" frameX="-3" frameY="0" frameWidth="372" frameHeight="435"/>
	<SubTexture name="BF NOTE RIGHT MISS0022" x="2839" y="1866" width="369" height="432" frameX="-3" frameY="0" frameWidth="372" frameHeight="435"/>
	<SubTexture name="BF NOTE RIGHT MISS0023" x="2839" y="1866" width="369" height="432" frameX="-3" frameY="0" frameWidth="372" frameHeight="435"/>
	<SubTexture name="BF NOTE RIGHT MISS0024" x="2839" y="1866" width="369" height="432" frameX="-3" frameY="0" frameWidth="372" frameHeight="435"/>
	<SubTexture name="BF NOTE RIGHT MISS0025" x="2839" y="1866" width="369" height="432" frameX="-3" frameY="0" frameWidth="372" frameHeight="435"/>
	<SubTexture name="BF NOTE RIGHT MISS0026" x="2839" y="1866" width="369" height="432" frameX="-3" frameY="0" frameWidth="372" frameHeight="435"/>
	<SubTexture name="BF NOTE RIGHT MISS0027" x="2839" y="1866" width="369" height="432" frameX="-3" frameY="0" frameWidth="372" frameHeight="435"/>
	<SubTexture name="BF NOTE RIGHT MISS0028" x="2839" y="1866" width="369" height="432" frameX="-3" frameY="0" frameWidth="372" frameHeight="435"/>
	<SubTexture name="BF NOTE RIGHT MISS0029" x="2839" y="1866" width="369" height="432" frameX="-3" frameY="0" frameWidth="372" frameHeight="435"/>
	<SubTexture name="BF NOTE RIGHT MISS0030" x="2839" y="1866" width="369" height="432" frameX="-3" frameY="0" frameWidth="372" frameHeight="435"/>
	<SubTexture name="BF NOTE RIGHT MISS0031" x="2839" y="1866" width="369" height="432" frameX="-3" frameY="0" frameWidth="372" frameHeight="435"/>
	<SubTexture name="BF NOTE RIGHT MISS0032" x="2839" y="1866" width="369" height="432" frameX="-3" frameY="0" frameWidth="372" frameHeight="435"/>
	<SubTexture name="BF NOTE RIGHT MISS0033" x="2839" y="1866" width="369" height="432" frameX="-3" frameY="0" frameWidth="372" frameHeight="435"/>
	<SubTexture name="BF NOTE RIGHT MISS0034" x="2839" y="1866" width="369" height="432" frameX="-3" frameY="0" frameWidth="372" frameHeight="435"/>
	<SubTexture name="BF NOTE RIGHT MISS0035" x="2839" y="1866" width="369" height="432" frameX="-3" frameY="0" frameWidth="372" frameHeight="435"/>
	<SubTexture name="BF NOTE RIGHT MISS0036" x="2839" y="1866" width="369" height="432" frameX="-3" frameY="0" frameWidth="372" frameHeight="435"/>
	<SubTexture name="BF NOTE RIGHT MISS0037" x="2839" y="1866" width="369" height="432" frameX="-3" frameY="0" frameWidth="372" frameHeight="435"/>
	<SubTexture name="BF NOTE RIGHT MISS0038" x="2839" y="1866" width="369" height="432" frameX="-3" frameY="0" frameWidth="372" frameHeight="435"/>
	<SubTexture name="BF NOTE RIGHT MISS0039" x="2839" y="1866" width="369" height="432" frameX="-3" frameY="0" frameWidth="372" frameHeight="435"/>
	<SubTexture name="BF NOTE RIGHT MISS0040" x="2839" y="1866" width="369" height="432" frameX="-3" frameY="0" frameWidth="372" frameHeight="435"/>
	<SubTexture name="BF NOTE RIGHT MISS0041" x="2839" y="1866" width="369" height="432" frameX="-3" frameY="0" frameWidth="372" frameHeight="435"/>
	<SubTexture name="BF NOTE RIGHT MISS0042" x="2839" y="1866" width="369" height="432" frameX="-3" frameY="0" frameWidth="372" frameHeight="435"/>
	<SubTexture name="BF NOTE RIGHT MISS0043" x="2839" y="1866" width="369" height="432" frameX="-3" frameY="0" frameWidth="372" frameHeight="435"/>
	<SubTexture name="BF NOTE RIGHT MISS0044" x="2839" y="1866" width="369" height="432" frameX="-3" frameY="0" frameWidth="372" frameHeight="435"/>
	<SubTexture name="BF NOTE RIGHT MISS0045" x="2839" y="1866" width="369" height="432" frameX="-3" frameY="0" frameWidth="372" frameHeight="435"/>
	<SubTexture name="BF NOTE UP0000" x="3208" y="1866" width="332" height="434" frameX="-2" frameY="0" frameWidth="335" frameHeight="434"/>
	<SubTexture name="BF NOTE UP0001" x="3208" y="1866" width="332" height="434" frameX="-2" frameY="0" frameWidth="335" frameHeight="434"/>
	<SubTexture name="BF NOTE UP0002" x="3540" y="1866" width="335" height="430" frameX="0" frameY="-4" frameWidth="335" frameHeight="434"/>
	<SubTexture name="BF NOTE UP0003" x="3540" y="1866" width="335" height="430" frameX="0" frameY="-4" frameWidth="335" frameHeight="434"/>
	<SubTexture name="BF NOTE UP0004" x="3540" y="1866" width="335" height="430" frameX="0" frameY="-4" frameWidth="335" frameHeight="434"/>
	<SubTexture name="BF NOTE UP0005" x="3540" y="1866" width="335" height="430" frameX="0" frameY="-4" frameWidth="335" frameHeight="434"/>
	<SubTexture name="BF NOTE UP0006" x="3540" y="1866" width="335" height="430" frameX="0" frameY="-4" frameWidth="335" frameHeight="434"/>
	<SubTexture name="BF NOTE UP0007" x="3540" y="1866" width="335" height="430" frameX="0" frameY="-4" frameWidth="335" frameHeight="434"/>
	<SubTexture name="BF NOTE UP0008" x="3540" y="1866" width="335" height="430" frameX="0" frameY="-4" frameWidth="335" frameHeight="434"/>
	<SubTexture name="BF NOTE UP0009" x="3540" y="1866" width="335" height="430" frameX="0" frameY="-4" frameWidth="335" frameHeight="434"/>
	<SubTexture name="BF NOTE UP0010" x="3540" y="1866" width="335" height="430" frameX="0" frameY="-4" frameWidth="335" frameHeight="434"/>
	<SubTexture name="BF NOTE UP0011" x="3540" y="1866" width="335" height="430" frameX="0" frameY="-4" frameWidth="335" frameHeight="434"/>
	<SubTexture name="BF NOTE UP0012" x="3540" y="1866" width="335" height="430" frameX="0" frameY="-4" frameWidth="335" frameHeight="434"/>
	<SubTexture name="BF NOTE UP0013" x="3540" y="1866" width="335" height="430" frameX="0" frameY="-4" frameWidth="335" frameHeight="434"/>
	<SubTexture name="BF NOTE UP0014" x="3540" y="1866" width="335" height="430" frameX="0" frameY="-4" frameWidth="335" frameHeight="434"/>
	<SubTexture name="BF NOTE UP MISS0000" x="3208" y="1866" width="332" height="434" frameX="-17" frameY="-2" frameWidth="335" frameHeight="434"/>
	<SubTexture name="BF NOTE UP MISS0001" x="0" y="2300" width="344" height="427" frameX="0" frameY="-3" frameWidth="349" frameHeight="436"/>
	<SubTexture name="BF NOTE UP MISS0002" x="0" y="2300" width="344" height="427" frameX="0" frameY="-3" frameWidth="349" frameHeight="436"/>
	<SubTexture name="BF NOTE UP MISS0003" x="344" y="2300" width="340" height="430" frameX="-2" frameY="0" frameWidth="349" frameHeight="436"/>
	<SubTexture name="BF NOTE UP MISS0004" x="344" y="2300" width="340" height="430" frameX="-2" frameY="0" frameWidth="349" frameHeight="436"/>
	<SubTexture name="BF NOTE UP MISS0005" x="344" y="2300" width="340" height="430" frameX="-2" frameY="0" frameWidth="349" frameHeight="436"/>
	<SubTexture name="BF NOTE UP MISS0006" x="344" y="2300" width="340" height="430" frameX="-2" frameY="0" frameWidth="349" frameHeight="436"/>
	<SubTexture name="BF NOTE UP MISS0007" x="344" y="2300" width="340" height="430" frameX="-2" frameY="0" frameWidth="349" frameHeight="436"/>
	<SubTexture name="BF NOTE UP MISS0008" x="344" y="2300" width="340" height="430" frameX="-2" frameY="0" frameWidth="349" frameHeight="436"/>
	<SubTexture name="BF NOTE UP MISS0009" x="344" y="2300" width="340" height="430" frameX="-2" frameY="0" frameWidth="349" frameHeight="436"/>
	<SubTexture name="BF NOTE UP MISS0010" x="344" y="2300" width="340" height="430" frameX="-2" frameY="0" frameWidth="349" frameHeight="436"/>
	<SubTexture name="BF NOTE UP MISS0011" x="344" y="2300" width="340" height="430" frameX="-2" frameY="0" frameWidth="349" frameHeight="436"/>
	<SubTexture name="BF NOTE UP MISS0012" x="344" y="2300" width="340" height="430" frameX="-2" frameY="0" frameWidth="349" frameHeight="436"/>
	<SubTexture name="BF NOTE UP MISS0013" x="344" y="2300" width="340" height="430" frameX="-2" frameY="0" frameWidth="349" frameHeight="436"/>
	<SubTexture name="BF NOTE UP MISS0014" x="344" y="2300" width="340" height="430" frameX="-2" frameY="0" frameWidth="349" frameHeight="436"/>
	<SubTexture name="BF NOTE UP MISS0015" x="344" y="2300" width="340" height="430" frameX="-2" frameY="0" frameWidth="349" frameHeight="436"/>
	<SubTexture name="BF NOTE UP MISS0016" x="344" y="2300" width="340" height="430" frameX="-2" frameY="0" frameWidth="349" frameHeight="436"/>
	<SubTexture name="BF NOTE UP MISS0017" x="344" y="2300" width="340" height="430" frameX="-2" frameY="0" frameWidth="349" frameHeight="436"/>
	<SubTexture name="BF NOTE UP MISS0018" x="344" y="2300" width="340" height="430" frameX="-2" frameY="0" frameWidth="349" frameHeight="436"/>
	<SubTexture name="BF NOTE UP MISS0019" x="344" y="2300" width="340" height="430" frameX="-2" frameY="0" frameWidth="349" frameHeight="436"/>
	<SubTexture name="BF NOTE UP MISS0020" x="344" y="2300" width="340" height="430" frameX="-2" frameY="0" frameWidth="349" frameHeight="436"/>
	<SubTexture name="BF NOTE UP MISS0021" x="344" y="2300" width="340" height="430" frameX="-2" frameY="0" frameWidth="349" frameHeight="436"/>
	<SubTexture name="BF NOTE UP MISS0022" x="344" y="2300" width="340" height="430" frameX="-2" frameY="0" frameWidth="349" frameHeight="436"/>
	<SubTexture name="BF NOTE UP MISS0023" x="344" y="2300" width="340" height="430" frameX="-2" frameY="0" frameWidth="349" frameHeight="436"/>
	<SubTexture name="BF dies0000" x="684" y="2300" width="416" height="412" frameX="0" frameY="0" frameWidth="429" frameHeight="431"/>
	<SubTexture name="BF dies0001" x="1100" y="2300" width="416" height="412" frameX="0" frameY="0" frameWidth="429" frameHeight="431"/>
	<SubTexture name="BF dies0002" x="1516" y="2300" width="411" height="412" frameX="0" frameY="0" frameWidth="429" frameHeight="431"/>
	<SubTexture name="BF dies0003" x="1927" y="2300" width="429" height="412" frameX="0" frameY="0" frameWidth="429" frameHeight="431"/>
	<SubTexture name="BF dies0004" x="2356" y="2300" width="429" height="412" frameX="0" frameY="0" frameWidth="429" frameHeight="431"/>
	<SubTexture name="BF dies0005" x="2785" y="2300" width="429" height="412" frameX="0" frameY="0" frameWidth="429" frameHeight="431"/>
	<SubTexture name="BF dies0006" x="3214" y="2300" width="410" height="412" frameX="0" frameY="0" frameWidth="429" frameHeight="431"/>
	<SubTexture name="BF dies0007" x="3214" y="2300" width="410" height="412" frameX="0" frameY="0" frameWidth="429" frameHeight="431"/>
	<SubTexture name="BF dies0008" x="3214" y="2300" width="410" height="412" frameX="0" frameY="0" frameWidth="429" frameHeight="431"/>
	<SubTexture name="BF dies0009" x="3214" y="2300" width="410" height="412" frameX="0" frameY="0" frameWidth="429" frameHeight="431"/>
	<SubTexture name="BF dies0010" x="3214" y="2300" width="410" height="412" frameX="0" frameY="0" frameWidth="429" frameHeight="431"/>
	<SubTexture name="BF dies0011" x="3214" y="2300" width="410" height="412" frameX="0" frameY="0" frameWidth="429" frameHeight="431"/>
	<SubTexture name="BF dies0012" x="3214" y="2300" width="410" height="412" frameX="0" frameY="0" frameWidth="429" frameHeight="431"/>
	<SubTexture name="BF dies0013" x="3214" y="2300" width="410" height="412" frameX="0" frameY="0" frameWidth="429" frameHeight="431"/>
	<SubTexture name="BF dies0014" x="3214" y="2300" width="410" height="412" frameX="0" frameY="0" frameWidth="429" frameHeight="431"/>
	<SubTexture name="BF dies0015" x="3624" y="2300" width="410" height="412" frameX="0" frameY="0" frameWidth="429" frameHeight="431"/>
	<SubTexture name="BF dies0016" x="3624" y="2300" width="410" height="412" frameX="0" frameY="0" frameWidth="429" frameHeight="431"/>
	<SubTexture name="BF dies0017" x="3624" y="2300" width="410" height="412" frameX="0" frameY="0" frameWidth="429" frameHeight="431"/>
	<SubTexture name="BF dies0018" x="0" y="2730" width="410" height="412" frameX="0" frameY="0" frameWidth="429" frameHeight="431"/>
	<SubTexture name="BF dies0019" x="0" y="2730" width="410" height="412" frameX="0" frameY="0" frameWidth="429" frameHeight="431"/>
	<SubTexture name="BF dies0020" x="410" y="2730" width="410" height="412" frameX="0" frameY="0" frameWidth="429" frameHeight="431"/>
	<SubTexture name="BF dies0021" x="410" y="2730" width="410" height="412" frameX="0" frameY="0" frameWidth="429" frameHeight="431"/>
	<SubTexture name="BF dies0022" x="820" y="2730" width="410" height="412" frameX="0" frameY="0" frameWidth="429" frameHeight="431"/>
	<SubTexture name="BF dies0023" x="820" y="2730" width="410" height="412" frameX="0" frameY="0" frameWidth="429" frameHeight="431"/>
	<SubTexture name="BF dies0024" x="1230" y="2730" width="410" height="412" frameX="0" frameY="0" frameWidth="429" frameHeight="431"/>
	<SubTexture name="BF dies0025" x="1640" y="2730" width="410" height="431" frameX="0" frameY="0" frameWidth="429" frameHeight="431"/>
	<SubTexture name="BF dies0026" x="1640" y="2730" width="410" height="431" frameX="0" frameY="0" frameWidth="429" frameHeight="431"/>
	<SubTexture name="BF dies0027" x="2050" y="2730" width="410" height="424" frameX="0" frameY="0" frameWidth="429" frameHeight="431"/>
	<SubTexture name="BF dies0028" x="2050" y="2730" width="410" height="424" frameX="0" frameY="0" frameWidth="429" frameHeight="431"/>
	<SubTexture name="BF dies0029" x="2460" y="2730" width="410" height="426" frameX="0" frameY="0" frameWidth="429" frameHeight="431"/>
	<SubTexture name="BF dies0030" x="2460" y="2730" width="410" height="426" frameX="0" frameY="0" frameWidth="429" frameHeight="431"/>
	<SubTexture name="BF dies0031" x="2870" y="2730" width="410" height="425" frameX="0" frameY="0" frameWidth="429" frameHeight="431"/>
	<SubTexture name="BF dies0032" x="2870" y="2730" width="410" height="425" frameX="0" frameY="0" frameWidth="429" frameHeight="431"/>
	<SubTexture name="BF dies0033" x="2870" y="2730" width="410" height="425" frameX="0" frameY="0" frameWidth="429" frameHeight="431"/>
	<SubTexture name="BF dies0034" x="2870" y="2730" width="410" height="425" frameX="0" frameY="0" frameWidth="429" frameHeight="431"/>
	<SubTexture name="BF dies0035" x="3280" y="2730" width="410" height="425" frameX="0" frameY="0" frameWidth="429" frameHeight="431"/>
	<SubTexture name="BF dies0036" x="0" y="3161" width="410" height="425" frameX="0" frameY="0" frameWidth="429" frameHeight="431"/>
	<SubTexture name="BF dies0037" x="410" y="3161" width="410" height="425" frameX="0" frameY="0" frameWidth="429" frameHeight="431"/>
	<SubTexture name="BF dies0038" x="820" y="3161" width="410" height="425" frameX="0" frameY="0" frameWidth="429" frameHeight="431"/>
	<SubTexture name="BF dies0039" x="1230" y="3161" width="410" height="425" frameX="0" frameY="0" frameWidth="429" frameHeight="431"/>
	<SubTexture name="BF dies0040" x="1640" y="3161" width="410" height="425" frameX="0" frameY="0" frameWidth="429" frameHeight="431"/>
	<SubTexture name="BF dies0041" x="2050" y="3161" width="410" height="425" frameX="0" frameY="0" frameWidth="429" frameHeight="431"/>
	<SubTexture name="BF dies0042" x="2460" y="3161" width="410" height="425" frameX="0" frameY="0" frameWidth="429" frameHeight="431"/>
	<SubTexture name="BF dies0043" x="2870" y="3161" width="410" height="425" frameX="0" frameY="0" frameWidth="429" frameHeight="431"/>
	<SubTexture name="BF dies0044" x="3280" y="3161" width="410" height="425" frameX="0" frameY="0" frameWidth="429" frameHeight="431"/>
	<SubTexture name="BF dies0045" x="0" y="3586" width="410" height="425" frameX="0" frameY="0" frameWidth="429" frameHeight="431"/>
	<SubTexture name="BF dies0046" x="410" y="3586" width="410" height="425" frameX="0" frameY="0" frameWidth="429" frameHeight="431"/>
	<SubTexture name="BF dies0047" x="820" y="3586" width="410" height="425" frameX="0" frameY="0" frameWidth="429" frameHeight="431"/>
	<SubTexture name="BF dies0048" x="1230" y="3586" width="410" height="425" frameX="0" frameY="0" frameWidth="429" frameHeight="431"/>
	<SubTexture name="BF dies0049" x="1640" y="3586" width="410" height="425" frameX="0" frameY="0" frameWidth="429" frameHeight="431"/>
	<SubTexture name="BF dies0050" x="2050" y="3586" width="410" height="425" frameX="0" frameY="0" frameWidth="429" frameHeight="431"/>
	<SubTexture name="BF dies0051" x="2460" y="3586" width="410" height="425" frameX="0" frameY="0" frameWidth="429" frameHeight="431"/>
	<SubTexture name="BF dies0052" x="2870" y="3586" width="410" height="425" frameX="0" frameY="0" frameWidth="429" frameHeight="431"/>
	<SubTexture name="BF dies0053" x="2050" y="0" width="410" height="425"/>
	<SubTexture name="BF dies0054" x="3280" y="3586" width="410" height="425" frameX="0" frameY="0" frameWidth="429" frameHeight="431"/>
	<SubTexture name="BF dies0055" x="3280" y="3586" width="410" height="425" frameX="0" frameY="0" frameWidth="429" frameHeight="431"/>
	<SubTexture name="BF dies0056" x="3280" y="3586" width="410" height="425" frameX="0" frameY="0" frameWidth="429" frameHeight="431"/>
	<SubTexture name="BF dies0057" x="3280" y="3586" width="410" height="425" frameX="0" frameY="0" frameWidth="429" frameHeight="431"/>
	<SubTexture name="BF idle dance0000" x="3690" y="3586" width="393" height="386" frameX="0" frameY="-21" frameWidth="399" frameHeight="407"/>
	<SubTexture name="BF idle dance0001" x="3690" y="3586" width="393" height="386" frameX="0" frameY="-21" frameWidth="399" frameHeight="407"/>
	<SubTexture name="BF idle dance0002" x="0" y="4011" width="393" height="388" frameX="-1" frameY="-19" frameWidth="399" frameHeight="407"/>
	<SubTexture name="BF idle dance0003" x="0" y="4011" width="393" height="388" frameX="-1" frameY="-19" frameWidth="399" frameHeight="407"/>
	<SubTexture name="BF idle dance0004" x="393" y="4011" width="389" height="393" frameX="-6" frameY="-14" frameWidth="399" frameHeight="407"/>
	<SubTexture name="BF idle dance0005" x="393" y="4011" width="389" height="393" frameX="-6" frameY="-14" frameWidth="399" frameHeight="407"/>
	<SubTexture name="BF idle dance0006" x="782" y="4011" width="389" height="406" frameX="-10" frameY="-1" frameWidth="399" frameHeight="407"/>
	<SubTexture name="BF idle dance0007" x="782" y="4011" width="389" height="406" frameX="-10" frameY="-1" frameWidth="399" frameHeight="407"/>
	<SubTexture name="BF idle dance0008" x="1171" y="4011" width="390" height="407" frameX="-9" frameY="0" frameWidth="399" frameHeight="407"/>
	<SubTexture name="BF idle dance0009" x="1171" y="4011" width="390" height="407" frameX="-9" frameY="0" frameWidth="399" frameHeight="407"/>
	<SubTexture name="BF idle dance0010" x="1171" y="4011" width="390" height="407" frameX="-9" frameY="0" frameWidth="399" frameHeight="407"/>
	<SubTexture name="BF idle dance0011" x="1171" y="4011" width="390" height="407" frameX="-9" frameY="0" frameWidth="399" frameHeight="407"/>
	<SubTexture name="BF idle dance0012" x="1171" y="4011" width="390" height="407" frameX="-9" frameY="0" frameWidth="399" frameHeight="407"/>
	<SubTexture name="BF idle dance0013" x="1171" y="4011" width="390" height="407" frameX="-9" frameY="0" frameWidth="399" frameHeight="407"/>
	<SubTexture name="BF idle shaking0000" x="1561" y="4011" width="390" height="407" frameX="0" frameY="-1" frameWidth="391" frameHeight="408"/>
	<SubTexture name="BF idle shaking0001" x="1951" y="4011" width="391" height="407" frameX="0" frameY="-1" frameWidth="391" frameHeight="408"/>
	<SubTexture name="BF idle shaking0002" x="2342" y="4011" width="389" height="408" frameX="-1" frameY="0" frameWidth="391" frameHeight="408"/>
	<SubTexture name="BF idle shaking0003" x="2731" y="4011" width="391" height="408"/>
</TextureAtlas>
