﻿<?xml version="1.0" encoding="utf-8"?>
<TextureAtlas imagePath="DADDY_DEAREST.png">
	<!-- Created with Adobe Animate version 19.2.1.408 -->
	<!-- http://www.adobe.com/products/animate.html -->
	<SubTexture name="Dad Sing Note DOWN0000" x="0" y="0" width="470" height="619"/>
	<SubTexture name="Dad Sing Note DOWN0001" x="0" y="0" width="470" height="619"/>
	<SubTexture name="Dad Sing Note DOWN0002" x="470" y="0" width="462" height="615" frameX="-6" frameY="-4" frameWidth="470" frameHeight="619"/>
	<SubTexture name="Dad Sing Note DOWN0003" x="470" y="0" width="462" height="615" frameX="-6" frameY="-4" frameWidth="470" frameHeight="619"/>
	<SubTexture name="Dad Sing Note DOWN0004" x="470" y="0" width="462" height="615" frameX="-6" frameY="-4" frameWidth="470" frameHeight="619"/>
	<SubTexture name="Dad Sing Note DOWN0005" x="470" y="0" width="462" height="615" frameX="-6" frameY="-4" frameWidth="470" frameHeight="619"/>
	<SubTexture name="Dad Sing Note DOWN0006" x="470" y="0" width="462" height="615" frameX="-6" frameY="-4" frameWidth="470" frameHeight="619"/>
	<SubTexture name="Dad Sing Note DOWN0007" x="470" y="0" width="462" height="615" frameX="-6" frameY="-4" frameWidth="470" frameHeight="619"/>
	<SubTexture name="Dad Sing Note DOWN0008" x="470" y="0" width="462" height="615" frameX="-6" frameY="-4" frameWidth="470" frameHeight="619"/>
	<SubTexture name="Dad Sing Note DOWN0009" x="470" y="0" width="462" height="615" frameX="-6" frameY="-4" frameWidth="470" frameHeight="619"/>
	<SubTexture name="Dad Sing Note DOWN0010" x="470" y="0" width="462" height="615" frameX="-6" frameY="-4" frameWidth="470" frameHeight="619"/>
	<SubTexture name="Dad Sing Note DOWN0011" x="470" y="0" width="462" height="615" frameX="-6" frameY="-4" frameWidth="470" frameHeight="619"/>
	<SubTexture name="Dad Sing Note DOWN0012" x="470" y="0" width="462" height="615" frameX="-6" frameY="-4" frameWidth="470" frameHeight="619"/>
	<SubTexture name="Dad Sing Note DOWN0013" x="470" y="0" width="462" height="615" frameX="-6" frameY="-4" frameWidth="470" frameHeight="619"/>
	<SubTexture name="Dad Sing Note DOWN0014" x="470" y="0" width="462" height="615" frameX="-6" frameY="-4" frameWidth="470" frameHeight="619"/>
	<SubTexture name="Dad Sing Note DOWN0015" x="470" y="0" width="462" height="615" frameX="-6" frameY="-4" frameWidth="470" frameHeight="619"/>
	<SubTexture name="Dad Sing Note LEFT0000" x="932" y="0" width="410" height="696" frameX="0" frameY="-1" frameWidth="410" frameHeight="697"/>
	<SubTexture name="Dad Sing Note LEFT0001" x="932" y="0" width="410" height="696" frameX="0" frameY="-1" frameWidth="410" frameHeight="697"/>
	<SubTexture name="Dad Sing Note LEFT0002" x="1342" y="0" width="409" height="697" frameX="0" frameY="0" frameWidth="410" frameHeight="697"/>
	<SubTexture name="Dad Sing Note LEFT0003" x="1342" y="0" width="409" height="697" frameX="0" frameY="0" frameWidth="410" frameHeight="697"/>
	<SubTexture name="Dad Sing Note LEFT0004" x="1342" y="0" width="409" height="697" frameX="0" frameY="0" frameWidth="410" frameHeight="697"/>
	<SubTexture name="Dad Sing Note LEFT0005" x="1342" y="0" width="409" height="697" frameX="0" frameY="0" frameWidth="410" frameHeight="697"/>
	<SubTexture name="Dad Sing Note LEFT0006" x="1342" y="0" width="409" height="697" frameX="0" frameY="0" frameWidth="410" frameHeight="697"/>
	<SubTexture name="Dad Sing Note LEFT0007" x="1342" y="0" width="409" height="697" frameX="0" frameY="0" frameWidth="410" frameHeight="697"/>
	<SubTexture name="Dad Sing Note LEFT0008" x="1342" y="0" width="409" height="697" frameX="0" frameY="0" frameWidth="410" frameHeight="697"/>
	<SubTexture name="Dad Sing Note LEFT0009" x="1342" y="0" width="409" height="697" frameX="0" frameY="0" frameWidth="410" frameHeight="697"/>
	<SubTexture name="Dad Sing Note LEFT0010" x="1342" y="0" width="409" height="697" frameX="0" frameY="0" frameWidth="410" frameHeight="697"/>
	<SubTexture name="Dad Sing Note LEFT0011" x="1342" y="0" width="409" height="697" frameX="0" frameY="0" frameWidth="410" frameHeight="697"/>
	<SubTexture name="Dad Sing Note LEFT0012" x="1342" y="0" width="409" height="697" frameX="0" frameY="0" frameWidth="410" frameHeight="697"/>
	<SubTexture name="Dad Sing Note LEFT0013" x="1342" y="0" width="409" height="697" frameX="0" frameY="0" frameWidth="410" frameHeight="697"/>
	<SubTexture name="Dad Sing Note LEFT0014" x="1342" y="0" width="409" height="697" frameX="0" frameY="0" frameWidth="410" frameHeight="697"/>
	<SubTexture name="Dad Sing Note LEFT0015" x="1342" y="0" width="409" height="697" frameX="0" frameY="0" frameWidth="410" frameHeight="697"/>
	<SubTexture name="Dad Sing Note RIGHT0000" x="0" y="697" width="466" height="712" frameX="-3" frameY="0" frameWidth="469" frameHeight="712"/>
	<SubTexture name="Dad Sing Note RIGHT0001" x="0" y="697" width="466" height="712" frameX="-3" frameY="0" frameWidth="469" frameHeight="712"/>
	<SubTexture name="Dad Sing Note RIGHT0002" x="466" y="697" width="469" height="708" frameX="0" frameY="-4" frameWidth="469" frameHeight="712"/>
	<SubTexture name="Dad Sing Note RIGHT0003" x="466" y="697" width="469" height="708" frameX="0" frameY="-4" frameWidth="469" frameHeight="712"/>
	<SubTexture name="Dad Sing Note RIGHT0004" x="466" y="697" width="469" height="708" frameX="0" frameY="-4" frameWidth="469" frameHeight="712"/>
	<SubTexture name="Dad Sing Note RIGHT0005" x="466" y="697" width="469" height="708" frameX="0" frameY="-4" frameWidth="469" frameHeight="712"/>
	<SubTexture name="Dad Sing Note RIGHT0006" x="466" y="697" width="469" height="708" frameX="0" frameY="-4" frameWidth="469" frameHeight="712"/>
	<SubTexture name="Dad Sing Note RIGHT0007" x="466" y="697" width="469" height="708" frameX="0" frameY="-4" frameWidth="469" frameHeight="712"/>
	<SubTexture name="Dad Sing Note RIGHT0008" x="466" y="697" width="469" height="708" frameX="0" frameY="-4" frameWidth="469" frameHeight="712"/>
	<SubTexture name="Dad Sing Note RIGHT0009" x="466" y="697" width="469" height="708" frameX="0" frameY="-4" frameWidth="469" frameHeight="712"/>
	<SubTexture name="Dad Sing Note RIGHT0010" x="466" y="697" width="469" height="708" frameX="0" frameY="-4" frameWidth="469" frameHeight="712"/>
	<SubTexture name="Dad Sing Note RIGHT0011" x="466" y="697" width="469" height="708" frameX="0" frameY="-4" frameWidth="469" frameHeight="712"/>
	<SubTexture name="Dad Sing Note RIGHT0012" x="466" y="697" width="469" height="708" frameX="0" frameY="-4" frameWidth="469" frameHeight="712"/>
	<SubTexture name="Dad Sing Note RIGHT0013" x="466" y="697" width="469" height="708" frameX="0" frameY="-4" frameWidth="469" frameHeight="712"/>
	<SubTexture name="Dad Sing Note RIGHT0014" x="466" y="697" width="469" height="708" frameX="0" frameY="-4" frameWidth="469" frameHeight="712"/>
	<SubTexture name="Dad Sing Note RIGHT0015" x="466" y="697" width="469" height="708" frameX="0" frameY="-4" frameWidth="469" frameHeight="712"/>
	<SubTexture name="Dad Sing Note RIGHT0016" x="466" y="697" width="469" height="708" frameX="0" frameY="-4" frameWidth="469" frameHeight="712"/>
	<SubTexture name="Dad Sing Note RIGHT0017" x="466" y="697" width="469" height="708" frameX="0" frameY="-4" frameWidth="469" frameHeight="712"/>
	<SubTexture name="Dad Sing Note RIGHT0018" x="466" y="697" width="469" height="708" frameX="0" frameY="-4" frameWidth="469" frameHeight="712"/>
	<SubTexture name="Dad Sing Note UP0000" x="935" y="697" width="331" height="733" frameX="-9" frameY="0" frameWidth="340" frameHeight="733"/>
	<SubTexture name="Dad Sing Note UP0001" x="935" y="697" width="331" height="733" frameX="-9" frameY="0" frameWidth="340" frameHeight="733"/>
	<SubTexture name="Dad Sing Note UP0002" x="1266" y="697" width="340" height="715" frameX="0" frameY="-17" frameWidth="340" frameHeight="733"/>
	<SubTexture name="Dad Sing Note UP0003" x="1266" y="697" width="340" height="715" frameX="0" frameY="-17" frameWidth="340" frameHeight="733"/>
	<SubTexture name="Dad Sing Note UP0004" x="1266" y="697" width="340" height="715" frameX="0" frameY="-17" frameWidth="340" frameHeight="733"/>
	<SubTexture name="Dad Sing Note UP0005" x="1266" y="697" width="340" height="715" frameX="0" frameY="-17" frameWidth="340" frameHeight="733"/>
	<SubTexture name="Dad Sing Note UP0006" x="1266" y="697" width="340" height="715" frameX="0" frameY="-17" frameWidth="340" frameHeight="733"/>
	<SubTexture name="Dad Sing Note UP0007" x="1266" y="697" width="340" height="715" frameX="0" frameY="-17" frameWidth="340" frameHeight="733"/>
	<SubTexture name="Dad Sing Note UP0008" x="1266" y="697" width="340" height="715" frameX="0" frameY="-17" frameWidth="340" frameHeight="733"/>
	<SubTexture name="Dad Sing Note UP0009" x="1266" y="697" width="340" height="715" frameX="0" frameY="-17" frameWidth="340" frameHeight="733"/>
	<SubTexture name="Dad Sing Note UP0010" x="1266" y="697" width="340" height="715" frameX="0" frameY="-17" frameWidth="340" frameHeight="733"/>
	<SubTexture name="Dad Sing Note UP0011" x="1266" y="697" width="340" height="715" frameX="0" frameY="-17" frameWidth="340" frameHeight="733"/>
	<SubTexture name="Dad Sing Note UP0012" x="1266" y="697" width="340" height="715" frameX="0" frameY="-17" frameWidth="340" frameHeight="733"/>
	<SubTexture name="Dad Sing Note UP0013" x="1266" y="697" width="340" height="715" frameX="0" frameY="-17" frameWidth="340" frameHeight="733"/>
	<SubTexture name="Dad Sing Note UP0014" x="1266" y="697" width="340" height="715" frameX="0" frameY="-17" frameWidth="340" frameHeight="733"/>
	<SubTexture name="Dad Sing Note UP0015" x="1266" y="697" width="340" height="715" frameX="0" frameY="-17" frameWidth="340" frameHeight="733"/>
	<SubTexture name="Dad Sing Note UP0016" x="1266" y="697" width="340" height="715" frameX="0" frameY="-17" frameWidth="340" frameHeight="733"/>
	<SubTexture name="Dad Sing Note UP0017" x="1266" y="697" width="340" height="715" frameX="0" frameY="-17" frameWidth="340" frameHeight="733"/>
	<SubTexture name="Dad Sing Note UP0018" x="1266" y="697" width="340" height="715" frameX="0" frameY="-17" frameWidth="340" frameHeight="733"/>
	<SubTexture name="Dad Sing Note UP0019" x="1266" y="697" width="340" height="715" frameX="0" frameY="-17" frameWidth="340" frameHeight="733"/>
	<SubTexture name="Dad Sing Note UP0020" x="1266" y="697" width="340" height="715" frameX="0" frameY="-17" frameWidth="340" frameHeight="733"/>
	<SubTexture name="Dad Sing Note UP0021" x="1266" y="697" width="340" height="715" frameX="0" frameY="-17" frameWidth="340" frameHeight="733"/>
	<SubTexture name="Dad Sing Note UP0022" x="1266" y="697" width="340" height="715" frameX="0" frameY="-17" frameWidth="340" frameHeight="733"/>
	<SubTexture name="Dad Sing Note UP0023" x="1266" y="697" width="340" height="715" frameX="0" frameY="-17" frameWidth="340" frameHeight="733"/>
	<SubTexture name="Dad Sing Note UP0024" x="1266" y="697" width="340" height="715" frameX="0" frameY="-17" frameWidth="340" frameHeight="733"/>
	<SubTexture name="Dad Sing Note UP0025" x="1266" y="697" width="340" height="715" frameX="0" frameY="-17" frameWidth="340" frameHeight="733"/>
	<SubTexture name="Dad Sing Note UP0026" x="1266" y="697" width="340" height="715" frameX="0" frameY="-17" frameWidth="340" frameHeight="733"/>
	<SubTexture name="Dad Sing Note UP0027" x="1266" y="697" width="340" height="715" frameX="0" frameY="-17" frameWidth="340" frameHeight="733"/>
	<SubTexture name="Dad Sing Note UP0028" x="1266" y="697" width="340" height="715" frameX="0" frameY="-17" frameWidth="340" frameHeight="733"/>
	<SubTexture name="Dad Sing Note UP0029" x="1266" y="697" width="340" height="715" frameX="0" frameY="-17" frameWidth="340" frameHeight="733"/>
	<SubTexture name="Dad Sing Note UP0030" x="1266" y="697" width="340" height="715" frameX="0" frameY="-17" frameWidth="340" frameHeight="733"/>
	<SubTexture name="Dad Sing Note UP0031" x="1266" y="697" width="340" height="715" frameX="0" frameY="-17" frameWidth="340" frameHeight="733"/>
	<SubTexture name="Dad Sing Note UP0032" x="1266" y="697" width="340" height="715" frameX="0" frameY="-17" frameWidth="340" frameHeight="733"/>
	<SubTexture name="Dad Sing Note UP0033" x="1266" y="697" width="340" height="715" frameX="0" frameY="-17" frameWidth="340" frameHeight="733"/>
	<SubTexture name="Dad Sing Note UP0034" x="1266" y="697" width="340" height="715" frameX="0" frameY="-17" frameWidth="340" frameHeight="733"/>
	<SubTexture name="Dad Sing Note UP0035" x="1266" y="697" width="340" height="715" frameX="0" frameY="-17" frameWidth="340" frameHeight="733"/>
	<SubTexture name="Dad Sing Note UP0036" x="1266" y="697" width="340" height="715" frameX="0" frameY="-17" frameWidth="340" frameHeight="733"/>
	<SubTexture name="Dad Sing Note UP0037" x="1266" y="697" width="340" height="715" frameX="0" frameY="-17" frameWidth="340" frameHeight="733"/>
	<SubTexture name="Dad Sing Note UP0038" x="1266" y="697" width="340" height="715" frameX="0" frameY="-17" frameWidth="340" frameHeight="733"/>
	<SubTexture name="Dad Sing Note UP0039" x="1266" y="697" width="340" height="715" frameX="0" frameY="-17" frameWidth="340" frameHeight="733"/>
	<SubTexture name="Dad Sing Note UP0040" x="1266" y="697" width="340" height="715" frameX="0" frameY="-17" frameWidth="340" frameHeight="733"/>
	<SubTexture name="Dad Sing Note UP0041" x="1266" y="697" width="340" height="715" frameX="0" frameY="-17" frameWidth="340" frameHeight="733"/>
	<SubTexture name="Dad Sing Note UP0042" x="1266" y="697" width="340" height="715" frameX="0" frameY="-17" frameWidth="340" frameHeight="733"/>
	<SubTexture name="Dad Sing Note UP0043" x="1266" y="697" width="340" height="715" frameX="0" frameY="-17" frameWidth="340" frameHeight="733"/>
	<SubTexture name="Dad Sing Note UP0044" x="1266" y="697" width="340" height="715" frameX="0" frameY="-17" frameWidth="340" frameHeight="733"/>
	<SubTexture name="Dad Sing Note UP0045" x="1266" y="697" width="340" height="715" frameX="0" frameY="-17" frameWidth="340" frameHeight="733"/>
	<SubTexture name="Dad Sing Note UP0046" x="1266" y="697" width="340" height="715" frameX="0" frameY="-17" frameWidth="340" frameHeight="733"/>
	<SubTexture name="Dad Sing Note UP0047" x="1266" y="697" width="340" height="715" frameX="0" frameY="-17" frameWidth="340" frameHeight="733"/>
	<SubTexture name="Dad Sing Note UP0048" x="1266" y="697" width="340" height="715" frameX="0" frameY="-17" frameWidth="340" frameHeight="733"/>
	<SubTexture name="Dad Sing Note UP0049" x="1266" y="697" width="340" height="715" frameX="0" frameY="-17" frameWidth="340" frameHeight="733"/>
	<SubTexture name="Dad Sing Note UP0050" x="1266" y="697" width="340" height="715" frameX="0" frameY="-17" frameWidth="340" frameHeight="733"/>
	<SubTexture name="Dad Sing Note UP0051" x="1266" y="697" width="340" height="715" frameX="0" frameY="-17" frameWidth="340" frameHeight="733"/>
	<SubTexture name="Dad Sing Note UP0052" x="1266" y="697" width="340" height="715" frameX="0" frameY="-17" frameWidth="340" frameHeight="733"/>
	<SubTexture name="Dad Sing Note UP0053" x="1266" y="697" width="340" height="715" frameX="0" frameY="-17" frameWidth="340" frameHeight="733"/>
	<SubTexture name="Dad Sing Note UP0054" x="1266" y="697" width="340" height="715" frameX="0" frameY="-17" frameWidth="340" frameHeight="733"/>
	<SubTexture name="Dad Sing Note UP0055" x="1266" y="697" width="340" height="715" frameX="0" frameY="-17" frameWidth="340" frameHeight="733"/>
	<SubTexture name="Dad Sing Note UP0056" x="1266" y="697" width="340" height="715" frameX="0" frameY="-17" frameWidth="340" frameHeight="733"/>
	<SubTexture name="Dad Sing Note UP0057" x="1266" y="697" width="340" height="715" frameX="0" frameY="-17" frameWidth="340" frameHeight="733"/>
	<SubTexture name="Dad Sing Note UP0058" x="1266" y="697" width="340" height="715" frameX="0" frameY="-17" frameWidth="340" frameHeight="733"/>
	<SubTexture name="Dad Sing Note UP0059" x="1266" y="697" width="340" height="715" frameX="0" frameY="-17" frameWidth="340" frameHeight="733"/>
	<SubTexture name="Dad idle dance0000" x="1606" y="697" width="440" height="713" frameX="-20" frameY="0" frameWidth="462" frameHeight="713"/>
	<SubTexture name="Dad idle dance0001" x="1606" y="697" width="440" height="713" frameX="-20" frameY="0" frameWidth="462" frameHeight="713"/>
	<SubTexture name="Dad idle dance0002" x="0" y="1430" width="461" height="700" frameX="-1" frameY="-12" frameWidth="462" frameHeight="713"/>
	<SubTexture name="Dad idle dance0003" x="0" y="1430" width="461" height="700" frameX="-1" frameY="-12" frameWidth="462" frameHeight="713"/>
	<SubTexture name="Dad idle dance0004" x="461" y="1430" width="462" height="697" frameX="0" frameY="-15" frameWidth="462" frameHeight="713"/>
	<SubTexture name="Dad idle dance0005" x="461" y="1430" width="462" height="697" frameX="0" frameY="-15" frameWidth="462" frameHeight="713"/>
	<SubTexture name="Dad idle dance0006" x="923" y="1430" width="458" height="699" frameX="-4" frameY="-13" frameWidth="462" frameHeight="713"/>
	<SubTexture name="Dad idle dance0007" x="923" y="1430" width="458" height="699" frameX="-4" frameY="-13" frameWidth="462" frameHeight="713"/>
	<SubTexture name="Dad idle dance0008" x="1381" y="1430" width="446" height="711" frameX="-13" frameY="-2" frameWidth="462" frameHeight="713"/>
	<SubTexture name="Dad idle dance0009" x="1381" y="1430" width="446" height="711" frameX="-13" frameY="-2" frameWidth="462" frameHeight="713"/>
	<SubTexture name="Dad idle dance0010" x="1606" y="697" width="440" height="713" frameX="-20" frameY="0" frameWidth="462" frameHeight="713"/>
	<SubTexture name="Dad idle dance0011" x="1606" y="697" width="440" height="713" frameX="-20" frameY="0" frameWidth="462" frameHeight="713"/>
	<SubTexture name="Dad idle dance0012" x="1606" y="697" width="440" height="713" frameX="-20" frameY="0" frameWidth="462" frameHeight="713"/>
</TextureAtlas>
