﻿<?xml version="1.0" encoding="utf-8"?>
<TextureAtlas imagePath="GF_assets.png">
	<!-- Created with Adobe Animate version 19.2.1.408 -->
	<!-- http://www.adobe.com/products/animate.html -->
	<SubTexture name="GF Dancing Beat0000" x="0" y="0" width="692" height="667" frameX="0" frameY="-14" frameWidth="692" frameHeight="681"/>
	<SubTexture name="GF Dancing Beat0001" x="692" y="0" width="689" height="667" frameX="0" frameY="-14" frameWidth="692" frameHeight="681"/>
	<SubTexture name="GF Dancing Beat0002" x="1381" y="0" width="689" height="665" frameX="0" frameY="-16" frameWidth="692" frameHeight="681"/>
	<SubTexture name="GF Dancing Beat0003" x="2070" y="0" width="692" height="665" frameX="0" frameY="-16" frameWidth="692" frameHeight="681"/>
	<SubTexture name="GF Dancing Beat0004" x="2762" y="0" width="692" height="668" frameX="0" frameY="-13" frameWidth="692" frameHeight="681"/>
	<SubTexture name="GF Dancing Beat0005" x="3454" y="0" width="692" height="668" frameX="0" frameY="-13" frameWidth="692" frameHeight="681"/>
	<SubTexture name="GF Dancing Beat0006" x="4146" y="0" width="692" height="670" frameX="0" frameY="-11" frameWidth="692" frameHeight="681"/>
	<SubTexture name="GF Dancing Beat0007" x="4838" y="0" width="692" height="681"/>
	<SubTexture name="GF Dancing Beat0008" x="4838" y="0" width="692" height="681"/>
	<SubTexture name="GF Dancing Beat0009" x="4838" y="0" width="692" height="681"/>
	<SubTexture name="GF Dancing Beat0010" x="5530" y="0" width="692" height="681"/>
	<SubTexture name="GF Dancing Beat0011" x="5530" y="0" width="692" height="681"/>
	<SubTexture name="GF Dancing Beat0012" x="5530" y="0" width="692" height="681"/>
	<SubTexture name="GF Dancing Beat0013" x="6222" y="0" width="692" height="681"/>
	<SubTexture name="GF Dancing Beat0014" x="6222" y="0" width="692" height="681"/>
	<SubTexture name="GF Dancing Beat0015" x="6914" y="0" width="692" height="669" frameX="0" frameY="-12" frameWidth="692" frameHeight="681"/>
	<SubTexture name="GF Dancing Beat0016" x="0" y="681" width="689" height="669" frameX="0" frameY="-12" frameWidth="692" frameHeight="681"/>
	<SubTexture name="GF Dancing Beat0017" x="689" y="681" width="689" height="669" frameX="0" frameY="-12" frameWidth="692" frameHeight="681"/>
	<SubTexture name="GF Dancing Beat0018" x="1378" y="681" width="692" height="669" frameX="0" frameY="-12" frameWidth="692" frameHeight="681"/>
	<SubTexture name="GF Dancing Beat0019" x="2070" y="681" width="692" height="670" frameX="0" frameY="-11" frameWidth="692" frameHeight="681"/>
	<SubTexture name="GF Dancing Beat0020" x="2762" y="681" width="692" height="670" frameX="0" frameY="-11" frameWidth="692" frameHeight="681"/>
	<SubTexture name="GF Dancing Beat0021" x="3454" y="681" width="692" height="671" frameX="0" frameY="-10" frameWidth="692" frameHeight="681"/>
	<SubTexture name="GF Dancing Beat0022" x="4146" y="681" width="692" height="676" frameX="0" frameY="-5" frameWidth="692" frameHeight="681"/>
	<SubTexture name="GF Dancing Beat0023" x="4146" y="681" width="692" height="676" frameX="0" frameY="-5" frameWidth="692" frameHeight="681"/>
	<SubTexture name="GF Dancing Beat0024" x="4146" y="681" width="692" height="676" frameX="0" frameY="-5" frameWidth="692" frameHeight="681"/>
	<SubTexture name="GF Dancing Beat0025" x="4838" y="681" width="692" height="675" frameX="0" frameY="-6" frameWidth="692" frameHeight="681"/>
	<SubTexture name="GF Dancing Beat0026" x="4838" y="681" width="692" height="675" frameX="0" frameY="-6" frameWidth="692" frameHeight="681"/>
	<SubTexture name="GF Dancing Beat0027" x="4838" y="681" width="692" height="675" frameX="0" frameY="-6" frameWidth="692" frameHeight="681"/>
	<SubTexture name="GF Dancing Beat0028" x="5530" y="681" width="692" height="675" frameX="0" frameY="-6" frameWidth="692" frameHeight="681"/>
	<SubTexture name="GF Dancing Beat0029" x="5530" y="681" width="692" height="675" frameX="0" frameY="-6" frameWidth="692" frameHeight="681"/>
	<SubTexture name="GF Dancing Beat Hair Landing0000" x="6222" y="681" width="692" height="660" frameX="0" frameY="-21" frameWidth="692" frameHeight="681"/>
	<SubTexture name="GF Dancing Beat Hair Landing0001" x="6914" y="681" width="689" height="660" frameX="0" frameY="-21" frameWidth="692" frameHeight="681"/>
	<SubTexture name="GF Dancing Beat Hair Landing0002" x="0" y="1357" width="689" height="658" frameX="0" frameY="-23" frameWidth="692" frameHeight="681"/>
	<SubTexture name="GF Dancing Beat Hair Landing0003" x="689" y="1357" width="692" height="658" frameX="0" frameY="-23" frameWidth="692" frameHeight="681"/>
	<SubTexture name="GF Dancing Beat Hair Landing0004" x="1381" y="1357" width="692" height="657" frameX="0" frameY="-24" frameWidth="692" frameHeight="681"/>
	<SubTexture name="GF Dancing Beat Hair Landing0005" x="2073" y="1357" width="692" height="657" frameX="0" frameY="-24" frameWidth="692" frameHeight="681"/>
	<SubTexture name="GF Dancing Beat Hair Landing0006" x="2765" y="1357" width="692" height="664" frameX="0" frameY="-17" frameWidth="692" frameHeight="681"/>
	<SubTexture name="GF Dancing Beat Hair Landing0007" x="4838" y="0" width="692" height="681"/>
	<SubTexture name="GF Dancing Beat Hair Landing0008" x="4838" y="0" width="692" height="681"/>
	<SubTexture name="GF Dancing Beat Hair Landing0009" x="4838" y="0" width="692" height="681"/>
	<SubTexture name="GF Dancing Beat Hair Landing0010" x="5530" y="0" width="692" height="681"/>
	<SubTexture name="GF Dancing Beat Hair Landing0011" x="5530" y="0" width="692" height="681"/>
	<SubTexture name="GF Dancing Beat Hair Landing0012" x="5530" y="0" width="692" height="681"/>
	<SubTexture name="GF Dancing Beat Hair Landing0013" x="6222" y="0" width="692" height="681"/>
	<SubTexture name="GF Dancing Beat Hair Landing0014" x="6222" y="0" width="692" height="681"/>
	<SubTexture name="GF Dancing Beat Hair Landing0015" x="6914" y="0" width="692" height="669" frameX="0" frameY="-12" frameWidth="692" frameHeight="681"/>
	<SubTexture name="GF Dancing Beat Hair Landing0016" x="0" y="681" width="689" height="669" frameX="0" frameY="-12" frameWidth="692" frameHeight="681"/>
	<SubTexture name="GF Dancing Beat Hair Landing0017" x="689" y="681" width="689" height="669" frameX="0" frameY="-12" frameWidth="692" frameHeight="681"/>
	<SubTexture name="GF Dancing Beat Hair Landing0018" x="1378" y="681" width="692" height="669" frameX="0" frameY="-12" frameWidth="692" frameHeight="681"/>
	<SubTexture name="GF Dancing Beat Hair Landing0019" x="2070" y="681" width="692" height="670" frameX="0" frameY="-11" frameWidth="692" frameHeight="681"/>
	<SubTexture name="GF Dancing Beat Hair Landing0020" x="2762" y="681" width="692" height="670" frameX="0" frameY="-11" frameWidth="692" frameHeight="681"/>
	<SubTexture name="GF Dancing Beat Hair Landing0021" x="3454" y="681" width="692" height="671" frameX="0" frameY="-10" frameWidth="692" frameHeight="681"/>
	<SubTexture name="GF Dancing Beat Hair Landing0022" x="4146" y="681" width="692" height="676" frameX="0" frameY="-5" frameWidth="692" frameHeight="681"/>
	<SubTexture name="GF Dancing Beat Hair Landing0023" x="4146" y="681" width="692" height="676" frameX="0" frameY="-5" frameWidth="692" frameHeight="681"/>
	<SubTexture name="GF Dancing Beat Hair Landing0024" x="4146" y="681" width="692" height="676" frameX="0" frameY="-5" frameWidth="692" frameHeight="681"/>
	<SubTexture name="GF Dancing Beat Hair Landing0025" x="4838" y="681" width="692" height="675" frameX="0" frameY="-6" frameWidth="692" frameHeight="681"/>
	<SubTexture name="GF Dancing Beat Hair Landing0026" x="4838" y="681" width="692" height="675" frameX="0" frameY="-6" frameWidth="692" frameHeight="681"/>
	<SubTexture name="GF Dancing Beat Hair Landing0027" x="4838" y="681" width="692" height="675" frameX="0" frameY="-6" frameWidth="692" frameHeight="681"/>
	<SubTexture name="GF Dancing Beat Hair Landing0028" x="5530" y="681" width="692" height="675" frameX="0" frameY="-6" frameWidth="692" frameHeight="681"/>
	<SubTexture name="GF Dancing Beat Hair Landing0029" x="5530" y="681" width="692" height="675" frameX="0" frameY="-6" frameWidth="692" frameHeight="681"/>
	<SubTexture name="GF Dancing Beat Hair blowing0000" x="3457" y="1357" width="692" height="662" frameX="0" frameY="-13" frameWidth="692" frameHeight="675"/>
	<SubTexture name="GF Dancing Beat Hair blowing0001" x="4149" y="1357" width="689" height="662" frameX="0" frameY="-13" frameWidth="692" frameHeight="675"/>
	<SubTexture name="GF Dancing Beat Hair blowing0002" x="4838" y="1357" width="689" height="662" frameX="0" frameY="-13" frameWidth="692" frameHeight="675"/>
	<SubTexture name="GF Dancing Beat Hair blowing0003" x="5527" y="1357" width="692" height="662" frameX="0" frameY="-13" frameWidth="692" frameHeight="675"/>
	<SubTexture name="GF Dancing Beat Hair blowing0004" x="6219" y="1357" width="692" height="664" frameX="0" frameY="-11" frameWidth="692" frameHeight="675"/>
	<SubTexture name="GF Dancing Beat Hair blowing0005" x="6911" y="1357" width="692" height="664" frameX="0" frameY="-11" frameWidth="692" frameHeight="675"/>
	<SubTexture name="GF Dancing Beat Hair blowing0006" x="0" y="2021" width="692" height="670" frameX="0" frameY="-5" frameWidth="692" frameHeight="675"/>
	<SubTexture name="GF Dancing Beat Hair blowing0007" x="692" y="2021" width="692" height="673" frameX="0" frameY="-2" frameWidth="692" frameHeight="675"/>
	<SubTexture name="GF Dancing Beat Hair blowing0008" x="1384" y="2021" width="692" height="673" frameX="0" frameY="-2" frameWidth="692" frameHeight="675"/>
	<SubTexture name="GF Dancing Beat Hair blowing0009" x="2076" y="2021" width="692" height="673" frameX="0" frameY="-2" frameWidth="692" frameHeight="675"/>
	<SubTexture name="GF Dancing Beat Hair blowing0010" x="2768" y="2021" width="692" height="675"/>
	<SubTexture name="GF Dancing Beat Hair blowing0011" x="2768" y="2021" width="692" height="675"/>
	<SubTexture name="GF Dancing Beat Hair blowing0012" x="3460" y="2021" width="692" height="675"/>
	<SubTexture name="GF Dancing Beat Hair blowing0013" x="4152" y="2021" width="692" height="674" frameX="0" frameY="-1" frameWidth="692" frameHeight="675"/>
	<SubTexture name="GF Dancing Beat Hair blowing0014" x="4844" y="2021" width="692" height="674" frameX="0" frameY="-1" frameWidth="692" frameHeight="675"/>
	<SubTexture name="GF Dancing Beat Hair blowing0015" x="5536" y="2021" width="692" height="660" frameX="0" frameY="-15" frameWidth="692" frameHeight="675"/>
	<SubTexture name="GF Dancing Beat Hair blowing0016" x="6228" y="2021" width="689" height="660" frameX="0" frameY="-15" frameWidth="692" frameHeight="675"/>
	<SubTexture name="GF Dancing Beat Hair blowing0017" x="6917" y="2021" width="689" height="659" frameX="0" frameY="-16" frameWidth="692" frameHeight="675"/>
	<SubTexture name="GF Dancing Beat Hair blowing0018" x="0" y="2696" width="692" height="659" frameX="0" frameY="-16" frameWidth="692" frameHeight="675"/>
	<SubTexture name="GF Dancing Beat Hair blowing0019" x="692" y="2696" width="692" height="660" frameX="0" frameY="-15" frameWidth="692" frameHeight="675"/>
	<SubTexture name="GF Dancing Beat Hair blowing0020" x="1384" y="2696" width="692" height="660" frameX="0" frameY="-15" frameWidth="692" frameHeight="675"/>
	<SubTexture name="GF Dancing Beat Hair blowing0021" x="2076" y="2696" width="692" height="665" frameX="0" frameY="-10" frameWidth="692" frameHeight="675"/>
	<SubTexture name="GF Dancing Beat Hair blowing0022" x="2768" y="2696" width="692" height="672" frameX="0" frameY="-3" frameWidth="692" frameHeight="675"/>
	<SubTexture name="GF Dancing Beat Hair blowing0023" x="2768" y="2696" width="692" height="672" frameX="0" frameY="-3" frameWidth="692" frameHeight="675"/>
	<SubTexture name="GF Dancing Beat Hair blowing0024" x="3460" y="2696" width="692" height="672" frameX="0" frameY="-3" frameWidth="692" frameHeight="675"/>
	<SubTexture name="GF Dancing Beat Hair blowing0025" x="4152" y="2696" width="692" height="673" frameX="0" frameY="-2" frameWidth="692" frameHeight="675"/>
	<SubTexture name="GF Dancing Beat Hair blowing0026" x="4844" y="2696" width="692" height="673" frameX="0" frameY="-2" frameWidth="692" frameHeight="675"/>
	<SubTexture name="GF Dancing Beat Hair blowing0027" x="5536" y="2696" width="692" height="673" frameX="0" frameY="-2" frameWidth="692" frameHeight="675"/>
	<SubTexture name="GF Dancing Beat Hair blowing0028" x="6228" y="2696" width="692" height="672" frameX="0" frameY="-3" frameWidth="692" frameHeight="675"/>
	<SubTexture name="GF Dancing Beat Hair blowing0029" x="6228" y="2696" width="692" height="672" frameX="0" frameY="-3" frameWidth="692" frameHeight="675"/>
	<SubTexture name="GF Down Note0000" x="6920" y="2696" width="692" height="664" frameX="0" frameY="-6" frameWidth="692" frameHeight="670"/>
	<SubTexture name="GF Down Note0001" x="0" y="3369" width="689" height="664" frameX="0" frameY="-6" frameWidth="692" frameHeight="670"/>
	<SubTexture name="GF Down Note0002" x="689" y="3369" width="689" height="669" frameX="0" frameY="-1" frameWidth="692" frameHeight="670"/>
	<SubTexture name="GF Down Note0003" x="1378" y="3369" width="692" height="669" frameX="0" frameY="-1" frameWidth="692" frameHeight="670"/>
	<SubTexture name="GF Down Note0004" x="2070" y="3369" width="692" height="670"/>
	<SubTexture name="GF Down Note0005" x="2070" y="3369" width="692" height="670"/>
	<SubTexture name="GF Down Note0006" x="2070" y="3369" width="692" height="670"/>
	<SubTexture name="GF Down Note0007" x="2070" y="3369" width="692" height="670"/>
	<SubTexture name="GF Down Note0008" x="2070" y="3369" width="692" height="670"/>
	<SubTexture name="GF Down Note0009" x="2070" y="3369" width="692" height="670"/>
	<SubTexture name="GF Down Note0010" x="2070" y="3369" width="692" height="670"/>
	<SubTexture name="GF Down Note0011" x="2070" y="3369" width="692" height="670"/>
	<SubTexture name="GF Down Note0012" x="2070" y="3369" width="692" height="670"/>
	<SubTexture name="GF Down Note0013" x="2070" y="3369" width="692" height="670"/>
	<SubTexture name="GF Down Note0014" x="2070" y="3369" width="692" height="670"/>
	<SubTexture name="GF Down Note0015" x="2070" y="3369" width="692" height="670"/>
	<SubTexture name="GF Down Note0016" x="2070" y="3369" width="692" height="670"/>
	<SubTexture name="GF Down Note0017" x="2070" y="3369" width="692" height="670"/>
	<SubTexture name="GF Down Note0018" x="2070" y="3369" width="692" height="670"/>
	<SubTexture name="GF Down Note0019" x="2070" y="3369" width="692" height="670"/>
	<SubTexture name="GF FEAR 0000" x="2762" y="3369" width="692" height="673"/>
	<SubTexture name="GF FEAR 0001" x="3454" y="3369" width="692" height="673"/>
	<SubTexture name="GF FEAR 0002" x="4146" y="3369" width="692" height="671" frameX="0" frameY="-2" frameWidth="692" frameHeight="673"/>
	<SubTexture name="GF FEAR 0003" x="4838" y="3369" width="692" height="673"/>
	<SubTexture name="GF Right Note0000" x="5530" y="3369" width="692" height="665" frameX="0" frameY="-5" frameWidth="692" frameHeight="670"/>
	<SubTexture name="GF Right Note0001" x="6222" y="3369" width="689" height="665" frameX="0" frameY="-5" frameWidth="692" frameHeight="670"/>
	<SubTexture name="GF Right Note0002" x="6911" y="3369" width="689" height="670" frameX="0" frameY="0" frameWidth="692" frameHeight="670"/>
	<SubTexture name="GF Right Note0003" x="0" y="4042" width="692" height="670"/>
	<SubTexture name="GF Right Note0004" x="692" y="4042" width="692" height="670"/>
	<SubTexture name="GF Right Note0005" x="1384" y="4042" width="692" height="670"/>
	<SubTexture name="GF Right Note0006" x="2076" y="4042" width="692" height="670"/>
	<SubTexture name="GF Right Note0007" x="2076" y="4042" width="692" height="670"/>
	<SubTexture name="GF Right Note0008" x="2768" y="4042" width="692" height="670"/>
	<SubTexture name="GF Right Note0009" x="2768" y="4042" width="692" height="670"/>
	<SubTexture name="GF Right Note0010" x="2768" y="4042" width="692" height="670"/>
	<SubTexture name="GF Right Note0011" x="2768" y="4042" width="692" height="670"/>
	<SubTexture name="GF Right Note0012" x="2768" y="4042" width="692" height="670"/>
	<SubTexture name="GF Right Note0013" x="2768" y="4042" width="692" height="670"/>
	<SubTexture name="GF Right Note0014" x="2768" y="4042" width="692" height="670"/>
	<SubTexture name="GF Up Note0000" x="3460" y="4042" width="692" height="694"/>
	<SubTexture name="GF Up Note0001" x="4152" y="4042" width="689" height="694" frameX="0" frameY="0" frameWidth="692" frameHeight="694"/>
	<SubTexture name="GF Up Note0002" x="4841" y="4042" width="689" height="694" frameX="0" frameY="0" frameWidth="692" frameHeight="694"/>
	<SubTexture name="GF Up Note0003" x="5530" y="4042" width="692" height="694"/>
	<SubTexture name="GF Up Note0004" x="6222" y="4042" width="692" height="694"/>
	<SubTexture name="GF Up Note0005" x="6222" y="4042" width="692" height="694"/>
	<SubTexture name="GF Up Note0006" x="6222" y="4042" width="692" height="694"/>
	<SubTexture name="GF left note0000" x="6914" y="4042" width="692" height="666" frameX="0" frameY="-5" frameWidth="692" frameHeight="671"/>
	<SubTexture name="GF left note0001" x="0" y="4736" width="689" height="664" frameX="0" frameY="-7" frameWidth="692" frameHeight="671"/>
	<SubTexture name="GF left note0002" x="689" y="4736" width="689" height="671" frameX="0" frameY="0" frameWidth="692" frameHeight="671"/>
	<SubTexture name="GF left note0003" x="1378" y="4736" width="692" height="671"/>
	<SubTexture name="GF left note0004" x="2070" y="4736" width="692" height="671"/>
	<SubTexture name="GF left note0005" x="2762" y="4736" width="692" height="671"/>
	<SubTexture name="GF left note0006" x="3454" y="4736" width="692" height="670" frameX="0" frameY="-1" frameWidth="692" frameHeight="671"/>
	<SubTexture name="GF left note0007" x="3454" y="4736" width="692" height="670" frameX="0" frameY="-1" frameWidth="692" frameHeight="671"/>
	<SubTexture name="GF left note0008" x="4146" y="4736" width="692" height="670" frameX="0" frameY="-1" frameWidth="692" frameHeight="671"/>
	<SubTexture name="GF left note0009" x="4146" y="4736" width="692" height="670" frameX="0" frameY="-1" frameWidth="692" frameHeight="671"/>
	<SubTexture name="GF left note0010" x="4146" y="4736" width="692" height="670" frameX="0" frameY="-1" frameWidth="692" frameHeight="671"/>
	<SubTexture name="GF left note0011" x="4146" y="4736" width="692" height="670" frameX="0" frameY="-1" frameWidth="692" frameHeight="671"/>
	<SubTexture name="GF left note0012" x="4146" y="4736" width="692" height="670" frameX="0" frameY="-1" frameWidth="692" frameHeight="671"/>
	<SubTexture name="GF left note0013" x="4146" y="4736" width="692" height="670" frameX="0" frameY="-1" frameWidth="692" frameHeight="671"/>
	<SubTexture name="GF left note0014" x="4146" y="4736" width="692" height="670" frameX="0" frameY="-1" frameWidth="692" frameHeight="671"/>
	<SubTexture name="gf sad0000" x="4838" y="4736" width="692" height="677"/>
	<SubTexture name="gf sad0001" x="4838" y="4736" width="692" height="677"/>
	<SubTexture name="gf sad0002" x="5530" y="4736" width="692" height="677"/>
	<SubTexture name="gf sad0003" x="5530" y="4736" width="692" height="677"/>
	<SubTexture name="gf sad0004" x="6222" y="4736" width="692" height="677"/>
	<SubTexture name="gf sad0005" x="6222" y="4736" width="692" height="677"/>
	<SubTexture name="gf sad0006" x="6914" y="4736" width="692" height="677"/>
	<SubTexture name="gf sad0007" x="6914" y="4736" width="692" height="677"/>
	<SubTexture name="gf sad0008" x="0" y="5413" width="692" height="677"/>
	<SubTexture name="gf sad0009" x="0" y="5413" width="692" height="677"/>
	<SubTexture name="gf sad0010" x="5530" y="4736" width="692" height="677"/>
	<SubTexture name="gf sad0011" x="5530" y="4736" width="692" height="677"/>
	<SubTexture name="gf sad0012" x="6222" y="4736" width="692" height="677"/>
	<SubTexture name="gf sad0013" x="6222" y="4736" width="692" height="677"/>
	<SubTexture name="gf sad0014" x="6914" y="4736" width="692" height="677"/>
	<SubTexture name="gf sad0015" x="6914" y="4736" width="692" height="677"/>
	<SubTexture name="gf sad0016" x="0" y="5413" width="692" height="677"/>
	<SubTexture name="gf sad0017" x="0" y="5413" width="692" height="677"/>
	<SubTexture name="gf sad0018" x="5530" y="4736" width="692" height="677"/>
	<SubTexture name="gf sad0019" x="5530" y="4736" width="692" height="677"/>
	<SubTexture name="gf sad0020" x="6222" y="4736" width="692" height="677"/>
	<SubTexture name="gf sad0021" x="6222" y="4736" width="692" height="677"/>
	<SubTexture name="gf sad0022" x="6914" y="4736" width="692" height="677"/>
	<SubTexture name="gf sad0023" x="6914" y="4736" width="692" height="677"/>
	<SubTexture name="gf sad0024" x="0" y="5413" width="692" height="677"/>
	<SubTexture name="gf sad0025" x="0" y="5413" width="692" height="677"/>
	<SubTexture name="gf sad0026" x="5530" y="4736" width="692" height="677"/>
	<SubTexture name="gf sad0027" x="5530" y="4736" width="692" height="677"/>
	<SubTexture name="gf sad0028" x="6222" y="4736" width="692" height="677"/>
	<SubTexture name="gf sad0029" x="6222" y="4736" width="692" height="677"/>
	<SubTexture name="gf sad0030" x="6914" y="4736" width="692" height="677"/>
	<SubTexture name="gf sad0031" x="6914" y="4736" width="692" height="677"/>
	<SubTexture name="gf sad0032" x="0" y="5413" width="692" height="677"/>
	<SubTexture name="gf sad0033" x="0" y="5413" width="692" height="677"/>
	<SubTexture name="gf sad0034" x="5530" y="4736" width="692" height="677"/>
	<SubTexture name="gf sad0035" x="5530" y="4736" width="692" height="677"/>
	<SubTexture name="gf sad0036" x="6222" y="4736" width="692" height="677"/>
	<SubTexture name="gf sad0037" x="6222" y="4736" width="692" height="677"/>
	<SubTexture name="gf sad0038" x="6914" y="4736" width="692" height="677"/>
	<SubTexture name="gf sad0039" x="6914" y="4736" width="692" height="677"/>
	<SubTexture name="gf sad0040" x="0" y="5413" width="692" height="677"/>
	<SubTexture name="gf sad0041" x="0" y="5413" width="692" height="677"/>
	<SubTexture name="gf sad0042" x="5530" y="4736" width="692" height="677"/>
	<SubTexture name="gf sad0043" x="5530" y="4736" width="692" height="677"/>
	<SubTexture name="gf sad0044" x="6222" y="4736" width="692" height="677"/>
	<SubTexture name="gf sad0045" x="6222" y="4736" width="692" height="677"/>
	<SubTexture name="gf sad0046" x="6914" y="4736" width="692" height="677"/>
	<SubTexture name="gf sad0047" x="6914" y="4736" width="692" height="677"/>
	<SubTexture name="gf sad0048" x="0" y="5413" width="692" height="677"/>
	<SubTexture name="gf sad0049" x="0" y="5413" width="692" height="677"/>
	<SubTexture name="gf sad0050" x="5530" y="4736" width="692" height="677"/>
	<SubTexture name="gf sad0051" x="5530" y="4736" width="692" height="677"/>
	<SubTexture name="gf sad0052" x="6222" y="4736" width="692" height="677"/>
	<SubTexture name="gf sad0053" x="6222" y="4736" width="692" height="677"/>
	<SubTexture name="gf sad0054" x="6914" y="4736" width="692" height="677"/>
	<SubTexture name="gf sad0055" x="6914" y="4736" width="692" height="677"/>
	<SubTexture name="gf sad0056" x="0" y="5413" width="692" height="677"/>
	<SubTexture name="gf sad0057" x="0" y="5413" width="692" height="677"/>
	<SubTexture name="gf sad0058" x="5530" y="4736" width="692" height="677"/>
	<SubTexture name="gf sad0059" x="5530" y="4736" width="692" height="677"/>
	<SubTexture name="gf sad0060" x="6222" y="4736" width="692" height="677"/>
	<SubTexture name="gf sad0061" x="6222" y="4736" width="692" height="677"/>
	<SubTexture name="gf sad0062" x="6914" y="4736" width="692" height="677"/>
	<SubTexture name="gf sad0063" x="6914" y="4736" width="692" height="677"/>
	<SubTexture name="gf sad0064" x="0" y="5413" width="692" height="677"/>
	<SubTexture name="gf sad0065" x="0" y="5413" width="692" height="677"/>
	<SubTexture name="gf sad0066" x="5530" y="4736" width="692" height="677"/>
	<SubTexture name="gf sad0067" x="5530" y="4736" width="692" height="677"/>
	<SubTexture name="gf sad0068" x="6222" y="4736" width="692" height="677"/>
	<SubTexture name="gf sad0069" x="6222" y="4736" width="692" height="677"/>
	<SubTexture name="gf sad0070" x="6914" y="4736" width="692" height="677"/>
	<SubTexture name="gf sad0071" x="6914" y="4736" width="692" height="677"/>
	<SubTexture name="gf sad0072" x="0" y="5413" width="692" height="677"/>
	<SubTexture name="gf sad0073" x="0" y="5413" width="692" height="677"/>
	<SubTexture name="gf sad0074" x="5530" y="4736" width="692" height="677"/>
	<SubTexture name="gf sad0075" x="5530" y="4736" width="692" height="677"/>
	<SubTexture name="gf sad0076" x="6222" y="4736" width="692" height="677"/>
	<SubTexture name="gf sad0077" x="6222" y="4736" width="692" height="677"/>
	<SubTexture name="gf sad0078" x="6914" y="4736" width="692" height="677"/>
	<SubTexture name="gf sad0079" x="6914" y="4736" width="692" height="677"/>
</TextureAtlas>
