﻿<?xml version="1.0" encoding="utf-8"?>
<TextureAtlas imagePath="campaign_menu_UI_assets.png">
	<!-- Created with Adobe Animate version 20.0.0.17400 -->
	<!-- http://www.adobe.com/products/animate.html -->
	<SubTexture name="BF HEY!!0000" x="0" y="0" width="395" height="416" pivotX="-298.8" pivotY="206.95" frameX="0" frameY="0" frameWidth="415" frameHeight="418"/>
	<SubTexture name="BF HEY!!0001" x="0" y="0" width="395" height="416" frameX="0" frameY="0" frameWidth="415" frameHeight="418"/>
	<SubTexture name="BF HEY!!0002" x="395" y="0" width="413" height="410" frameX="-1" frameY="-8" frameWidth="415" frameHeight="418"/>
	<SubTexture name="BF HEY!!0003" x="395" y="0" width="413" height="410" frameX="-1" frameY="-8" frameWidth="415" frameHeight="418"/>
	<SubTexture name="BF HEY!!0004" x="808" y="0" width="414" height="412" frameX="-1" frameY="-6" frameWidth="415" frameHeight="418"/>
	<SubTexture name="BF HEY!!0005" x="808" y="0" width="414" height="412" frameX="-1" frameY="-6" frameWidth="415" frameHeight="418"/>
	<SubTexture name="BF HEY!!0006" x="808" y="0" width="414" height="412" frameX="-1" frameY="-6" frameWidth="415" frameHeight="418"/>
	<SubTexture name="BF HEY!!0007" x="808" y="0" width="414" height="412" frameX="-1" frameY="-6" frameWidth="415" frameHeight="418"/>
	<SubTexture name="BF HEY!!0008" x="808" y="0" width="414" height="412" frameX="-1" frameY="-6" frameWidth="415" frameHeight="418"/>
	<SubTexture name="BF HEY!!0009" x="808" y="0" width="414" height="412" frameX="-1" frameY="-6" frameWidth="415" frameHeight="418"/>
	<SubTexture name="BF HEY!!0010" x="808" y="0" width="414" height="412" frameX="-1" frameY="-6" frameWidth="415" frameHeight="418"/>
	<SubTexture name="BF HEY!!0011" x="808" y="0" width="414" height="412" frameX="-1" frameY="-6" frameWidth="415" frameHeight="418"/>
	<SubTexture name="BF HEY!!0012" x="808" y="0" width="414" height="412" frameX="-1" frameY="-6" frameWidth="415" frameHeight="418"/>
	<SubTexture name="BF HEY!!0013" x="808" y="0" width="414" height="412" frameX="-1" frameY="-6" frameWidth="415" frameHeight="418"/>
	<SubTexture name="BF HEY!!0014" x="808" y="0" width="414" height="412" frameX="-1" frameY="-6" frameWidth="415" frameHeight="418"/>
	<SubTexture name="BF HEY!!0015" x="808" y="0" width="414" height="412" frameX="-1" frameY="-6" frameWidth="415" frameHeight="418"/>
	<SubTexture name="BF HEY!!0016" x="808" y="0" width="414" height="412" frameX="-1" frameY="-6" frameWidth="415" frameHeight="418"/>
	<SubTexture name="BF HEY!!0017" x="808" y="0" width="414" height="412" frameX="-1" frameY="-6" frameWidth="415" frameHeight="418"/>
	<SubTexture name="BF HEY!!0018" x="808" y="0" width="414" height="412" frameX="-1" frameY="-6" frameWidth="415" frameHeight="418"/>
	<SubTexture name="BF HEY!!0019" x="808" y="0" width="414" height="412" frameX="-1" frameY="-6" frameWidth="415" frameHeight="418"/>
	<SubTexture name="BF HEY!!0020" x="808" y="0" width="414" height="412" frameX="-1" frameY="-6" frameWidth="415" frameHeight="418"/>
	<SubTexture name="BF HEY!!0021" x="808" y="0" width="414" height="412" frameX="-1" frameY="-6" frameWidth="415" frameHeight="418"/>
	<SubTexture name="BF HEY!!0022" x="808" y="0" width="414" height="412" frameX="-1" frameY="-6" frameWidth="415" frameHeight="418"/>
	<SubTexture name="BF HEY!!0023" x="808" y="0" width="414" height="412" frameX="-1" frameY="-6" frameWidth="415" frameHeight="418"/>
	<SubTexture name="BF HEY!!0024" x="808" y="0" width="414" height="412" frameX="-1" frameY="-6" frameWidth="415" frameHeight="418"/>
	<SubTexture name="BF HEY!!0025" x="808" y="0" width="414" height="412" frameX="-1" frameY="-6" frameWidth="415" frameHeight="418"/>
	<SubTexture name="BF idle dance white0000" x="1222" y="0" width="406" height="392" pivotX="-299.8" pivotY="201.6" frameX="-1" frameY="-20" frameWidth="411" frameHeight="412"/>
	<SubTexture name="BF idle dance white0001" x="1222" y="0" width="406" height="392" frameX="-1" frameY="-20" frameWidth="411" frameHeight="412"/>
	<SubTexture name="BF idle dance white0002" x="1628" y="0" width="408" height="393" frameX="0" frameY="-19" frameWidth="411" frameHeight="412"/>
	<SubTexture name="BF idle dance white0003" x="1628" y="0" width="408" height="393" frameX="0" frameY="-19" frameWidth="411" frameHeight="412"/>
	<SubTexture name="BF idle dance white0004" x="2036" y="0" width="405" height="398" frameX="-3" frameY="-14" frameWidth="411" frameHeight="412"/>
	<SubTexture name="BF idle dance white0005" x="2036" y="0" width="405" height="398" frameX="-3" frameY="-14" frameWidth="411" frameHeight="412"/>
	<SubTexture name="BF idle dance white0006" x="2441" y="0" width="410" height="411" frameX="-1" frameY="-1" frameWidth="411" frameHeight="412"/>
	<SubTexture name="BF idle dance white0007" x="2441" y="0" width="410" height="411" frameX="-1" frameY="-1" frameWidth="411" frameHeight="412"/>
	<SubTexture name="BF idle dance white0008" x="2851" y="0" width="408" height="412" frameX="-2" frameY="0" frameWidth="411" frameHeight="412"/>
	<SubTexture name="BF idle dance white0009" x="2851" y="0" width="408" height="412" frameX="-2" frameY="0" frameWidth="411" frameHeight="412"/>
	<SubTexture name="BF idle dance white0010" x="2851" y="0" width="408" height="412" frameX="-2" frameY="0" frameWidth="411" frameHeight="412"/>
	<SubTexture name="BF idle dance white0011" x="2851" y="0" width="408" height="412" frameX="-2" frameY="0" frameWidth="411" frameHeight="412"/>
	<SubTexture name="BF idle dance white0012" x="2851" y="0" width="408" height="412" frameX="-2" frameY="0" frameWidth="411" frameHeight="412"/>
	<SubTexture name="BF idle dance white0013" x="2851" y="0" width="408" height="412" frameX="-2" frameY="0" frameWidth="411" frameHeight="412"/>
	<SubTexture name="Dad idle dance BLACK LINE0000" x="3259" y="0" width="326" height="701" pivotX="184.65" pivotY="413.95" frameX="0" frameY="-54" frameWidth="354" frameHeight="756"/>
	<SubTexture name="Dad idle dance BLACK LINE0001" x="3259" y="0" width="326" height="701" frameX="0" frameY="-54" frameWidth="354" frameHeight="756"/>
	<SubTexture name="Dad idle dance BLACK LINE0002" x="3585" y="0" width="322" height="704" frameX="-5" frameY="-51" frameWidth="354" frameHeight="756"/>
	<SubTexture name="Dad idle dance BLACK LINE0003" x="0" y="704" width="330" height="713" frameX="-7" frameY="-42" frameWidth="354" frameHeight="756"/>
	<SubTexture name="Dad idle dance BLACK LINE0004" x="0" y="704" width="330" height="713" frameX="-7" frameY="-42" frameWidth="354" frameHeight="756"/>
	<SubTexture name="Dad idle dance BLACK LINE0005" x="330" y="704" width="337" height="726" frameX="-12" frameY="-29" frameWidth="354" frameHeight="756"/>
	<SubTexture name="Dad idle dance BLACK LINE0006" x="330" y="704" width="337" height="726" frameX="-12" frameY="-29" frameWidth="354" frameHeight="756"/>
	<SubTexture name="Dad idle dance BLACK LINE0007" x="667" y="704" width="337" height="755" frameX="-15" frameY="-1" frameWidth="354" frameHeight="756"/>
	<SubTexture name="Dad idle dance BLACK LINE0008" x="667" y="704" width="337" height="755" frameX="-15" frameY="-1" frameWidth="354" frameHeight="756"/>
	<SubTexture name="Dad idle dance BLACK LINE0009" x="667" y="704" width="337" height="755" frameX="-15" frameY="-1" frameWidth="354" frameHeight="756"/>
	<SubTexture name="Dad idle dance BLACK LINE0010" x="667" y="704" width="337" height="755" frameX="-15" frameY="-1" frameWidth="354" frameHeight="756"/>
	<SubTexture name="Dad idle dance BLACK LINE0011" x="1004" y="704" width="341" height="756" frameX="-13" frameY="0" frameWidth="354" frameHeight="756"/>
	<SubTexture name="Dad idle dance BLACK LINE0012" x="1004" y="704" width="341" height="756" frameX="-13" frameY="0" frameWidth="354" frameHeight="756"/>
	<SubTexture name="Dad idle dance BLACK LINE0013" x="1004" y="704" width="341" height="756" frameX="-13" frameY="0" frameWidth="354" frameHeight="756"/>
	<SubTexture name="Dad idle dance BLACK LINE0014" x="1004" y="704" width="341" height="756" frameX="-13" frameY="0" frameWidth="354" frameHeight="756"/>
	<SubTexture name="Dad idle dance BLACK LINE0015" x="1345" y="704" width="326" height="702" frameX="0" frameY="-54" frameWidth="354" frameHeight="756"/>
	<SubTexture name="Dad idle dance BLACK LINE0016" x="1345" y="704" width="326" height="702" frameX="0" frameY="-54" frameWidth="354" frameHeight="756"/>
	<SubTexture name="Dad idle dance BLACK LINE0017" x="1671" y="704" width="321" height="703" frameX="-2" frameY="-53" frameWidth="354" frameHeight="756"/>
	<SubTexture name="Dad idle dance BLACK LINE0018" x="1992" y="704" width="317" height="710" frameX="-4" frameY="-46" frameWidth="354" frameHeight="756"/>
	<SubTexture name="Dad idle dance BLACK LINE0019" x="1992" y="704" width="317" height="710" frameX="-4" frameY="-46" frameWidth="354" frameHeight="756"/>
	<SubTexture name="Dad idle dance BLACK LINE0020" x="2309" y="704" width="304" height="725" frameX="-10" frameY="-31" frameWidth="354" frameHeight="756"/>
	<SubTexture name="Dad idle dance BLACK LINE0021" x="2309" y="704" width="304" height="725" frameX="-10" frameY="-31" frameWidth="354" frameHeight="756"/>
	<SubTexture name="Dad idle dance BLACK LINE0022" x="2613" y="704" width="292" height="754" frameX="-17" frameY="-2" frameWidth="354" frameHeight="756"/>
	<SubTexture name="Dad idle dance BLACK LINE0023" x="2613" y="704" width="292" height="754" frameX="-17" frameY="-2" frameWidth="354" frameHeight="756"/>
	<SubTexture name="Dad idle dance BLACK LINE0024" x="2613" y="704" width="292" height="754" frameX="-17" frameY="-2" frameWidth="354" frameHeight="756"/>
	<SubTexture name="Dad idle dance BLACK LINE0025" x="2613" y="704" width="292" height="754" frameX="-17" frameY="-2" frameWidth="354" frameHeight="756"/>
	<SubTexture name="Dad idle dance BLACK LINE0026" x="2905" y="704" width="287" height="756" frameX="-19" frameY="0" frameWidth="354" frameHeight="756"/>
	<SubTexture name="Dad idle dance BLACK LINE0027" x="2905" y="704" width="287" height="756" frameX="-19" frameY="0" frameWidth="354" frameHeight="756"/>
	<SubTexture name="Dad idle dance BLACK LINE0028" x="2905" y="704" width="287" height="756" frameX="-19" frameY="0" frameWidth="354" frameHeight="756"/>
	<SubTexture name="Dad idle dance BLACK LINE0029" x="2905" y="704" width="287" height="756" frameX="-19" frameY="0" frameWidth="354" frameHeight="756"/>
	<SubTexture name="GF Dancing Beat WHITE0000" x="3192" y="704" width="699" height="634" pivotX="149.4" pivotY="309.7" frameX="-2" frameY="-14" frameWidth="703" frameHeight="648"/>
	<SubTexture name="GF Dancing Beat WHITE0001" x="0" y="1460" width="703" height="634" frameX="0" frameY="-14" frameWidth="703" frameHeight="648"/>
	<SubTexture name="GF Dancing Beat WHITE0002" x="703" y="1460" width="703" height="632" frameX="0" frameY="-16" frameWidth="703" frameHeight="648"/>
	<SubTexture name="GF Dancing Beat WHITE0003" x="1406" y="1460" width="699" height="632" frameX="-2" frameY="-16" frameWidth="703" frameHeight="648"/>
	<SubTexture name="GF Dancing Beat WHITE0004" x="2105" y="1460" width="699" height="635" frameX="-2" frameY="-13" frameWidth="703" frameHeight="648"/>
	<SubTexture name="GF Dancing Beat WHITE0005" x="2804" y="1460" width="699" height="635" frameX="-2" frameY="-13" frameWidth="703" frameHeight="648"/>
	<SubTexture name="GF Dancing Beat WHITE0006" x="0" y="2095" width="699" height="637" frameX="-2" frameY="-11" frameWidth="703" frameHeight="648"/>
	<SubTexture name="GF Dancing Beat WHITE0007" x="699" y="2095" width="699" height="648" frameX="-2" frameY="0" frameWidth="703" frameHeight="648"/>
	<SubTexture name="GF Dancing Beat WHITE0008" x="699" y="2095" width="699" height="648" frameX="-2" frameY="0" frameWidth="703" frameHeight="648"/>
	<SubTexture name="GF Dancing Beat WHITE0009" x="699" y="2095" width="699" height="648" frameX="-2" frameY="0" frameWidth="703" frameHeight="648"/>
	<SubTexture name="GF Dancing Beat WHITE0010" x="1398" y="2095" width="699" height="648" frameX="-2" frameY="0" frameWidth="703" frameHeight="648"/>
	<SubTexture name="GF Dancing Beat WHITE0011" x="1398" y="2095" width="699" height="648" frameX="-2" frameY="0" frameWidth="703" frameHeight="648"/>
	<SubTexture name="GF Dancing Beat WHITE0012" x="1398" y="2095" width="699" height="648" frameX="-2" frameY="0" frameWidth="703" frameHeight="648"/>
	<SubTexture name="GF Dancing Beat WHITE0013" x="2097" y="2095" width="699" height="648" frameX="-2" frameY="0" frameWidth="703" frameHeight="648"/>
	<SubTexture name="GF Dancing Beat WHITE0014" x="2097" y="2095" width="699" height="648" frameX="-2" frameY="0" frameWidth="703" frameHeight="648"/>
	<SubTexture name="GF Dancing Beat WHITE0015" x="2796" y="2095" width="699" height="636" frameX="-2" frameY="-12" frameWidth="703" frameHeight="648"/>
	<SubTexture name="GF Dancing Beat WHITE0016" x="0" y="2743" width="703" height="636" frameX="0" frameY="-12" frameWidth="703" frameHeight="648"/>
	<SubTexture name="GF Dancing Beat WHITE0017" x="703" y="2743" width="703" height="636" frameX="0" frameY="-12" frameWidth="703" frameHeight="648"/>
	<SubTexture name="GF Dancing Beat WHITE0018" x="1406" y="2743" width="699" height="636" frameX="-2" frameY="-12" frameWidth="703" frameHeight="648"/>
	<SubTexture name="GF Dancing Beat WHITE0019" x="2105" y="2743" width="699" height="637" frameX="-2" frameY="-11" frameWidth="703" frameHeight="648"/>
	<SubTexture name="GF Dancing Beat WHITE0020" x="2804" y="2743" width="699" height="637" frameX="-2" frameY="-11" frameWidth="703" frameHeight="648"/>
	<SubTexture name="GF Dancing Beat WHITE0021" x="0" y="3380" width="699" height="638" frameX="-2" frameY="-10" frameWidth="703" frameHeight="648"/>
	<SubTexture name="GF Dancing Beat WHITE0022" x="699" y="3380" width="699" height="643" frameX="-2" frameY="-5" frameWidth="703" frameHeight="648"/>
	<SubTexture name="GF Dancing Beat WHITE0023" x="699" y="3380" width="699" height="643" frameX="-2" frameY="-5" frameWidth="703" frameHeight="648"/>
	<SubTexture name="GF Dancing Beat WHITE0024" x="699" y="3380" width="699" height="643" frameX="-2" frameY="-5" frameWidth="703" frameHeight="648"/>
	<SubTexture name="GF Dancing Beat WHITE0025" x="1398" y="3380" width="699" height="642" frameX="-2" frameY="-6" frameWidth="703" frameHeight="648"/>
	<SubTexture name="GF Dancing Beat WHITE0026" x="1398" y="3380" width="699" height="642" frameX="-2" frameY="-6" frameWidth="703" frameHeight="648"/>
	<SubTexture name="GF Dancing Beat WHITE0027" x="1398" y="3380" width="699" height="642" frameX="-2" frameY="-6" frameWidth="703" frameHeight="648"/>
	<SubTexture name="GF Dancing Beat WHITE0028" x="2097" y="3380" width="699" height="642" frameX="-2" frameY="-6" frameWidth="703" frameHeight="648"/>
	<SubTexture name="GF Dancing Beat WHITE0029" x="2097" y="3380" width="699" height="642" frameX="-2" frameY="-6" frameWidth="703" frameHeight="648"/>
</TextureAtlas>
