﻿<?xml version="1.0" encoding="utf-8"?>
<TextureAtlas imagePath="shaggy.png">
	<!-- Created with Adobe Animate version 20.0.0.17400 -->
	<!-- http://www.adobe.com/products/animate.html -->
	<SubTexture name="burst0000" x="0" y="0" width="545" height="268" frameX="-313" frameY="-305" frameWidth="1218" frameHeight="633"/>
	<SubTexture name="burst0001" x="545" y="0" width="818" height="400" frameX="-186" frameY="-233" frameWidth="1218" frameHeight="633"/>
	<SubTexture name="burst0002" x="545" y="0" width="818" height="400" frameX="-186" frameY="-233" frameWidth="1218" frameHeight="633"/>
	<SubTexture name="burst0003" x="1363" y="0" width="1096" height="536" frameX="-56" frameY="-68" frameWidth="1218" frameHeight="633"/>
	<SubTexture name="burst0004" x="1363" y="0" width="1096" height="536" frameX="-56" frameY="-68" frameWidth="1218" frameHeight="633"/>
	<SubTexture name="burst0005" x="2459" y="0" width="1183" height="555" frameX="-12" frameY="-20" frameWidth="1218" frameHeight="633"/>
	<SubTexture name="burst0006" x="2459" y="0" width="1183" height="555" frameX="-12" frameY="-20" frameWidth="1218" frameHeight="633"/>
	<SubTexture name="burst0007" x="3642" y="0" width="1218" height="570" frameX="0" frameY="-10" frameWidth="1218" frameHeight="633"/>
	<SubTexture name="burst0008" x="3642" y="0" width="1218" height="570" frameX="0" frameY="-10" frameWidth="1218" frameHeight="633"/>
	<SubTexture name="burst0009" x="4860" y="0" width="8" height="6" frameX="-631" frameY="0" frameWidth="1218" frameHeight="633"/>
	<SubTexture name="burst0010" x="4860" y="0" width="8" height="6" frameX="-631" frameY="0" frameWidth="1218" frameHeight="633"/>
	<SubTexture name="burst0011" x="4860" y="0" width="8" height="6" frameX="-631" frameY="0" frameWidth="1218" frameHeight="633"/>
	<SubTexture name="burst0012" x="4860" y="0" width="8" height="6" frameX="-631" frameY="0" frameWidth="1218" frameHeight="633"/>
	<SubTexture name="burst0013" x="4860" y="0" width="8" height="6" frameX="-631" frameY="0" frameWidth="1218" frameHeight="633"/>
	<SubTexture name="burst0014" x="4860" y="0" width="8" height="6" frameX="-631" frameY="0" frameWidth="1218" frameHeight="633"/>
	<SubTexture name="burst0015" x="4860" y="0" width="8" height="6" frameX="-631" frameY="0" frameWidth="1218" frameHeight="633"/>
	<SubTexture name="burst0016" x="4860" y="0" width="8" height="6" frameX="-631" frameY="0" frameWidth="1218" frameHeight="633"/>
	<SubTexture name="burst0017" x="4860" y="0" width="8" height="6" frameX="-631" frameY="0" frameWidth="1218" frameHeight="633"/>
	<SubTexture name="burst0018" x="4860" y="0" width="8" height="6" frameX="-631" frameY="0" frameWidth="1218" frameHeight="633"/>
	<SubTexture name="burst0019" x="4860" y="0" width="8" height="6" frameX="-631" frameY="0" frameWidth="1218" frameHeight="633"/>
	<SubTexture name="burst0020" x="4860" y="0" width="8" height="6" frameX="-631" frameY="0" frameWidth="1218" frameHeight="633"/>
	<SubTexture name="burst0021" x="4860" y="0" width="8" height="6" frameX="-631" frameY="0" frameWidth="1218" frameHeight="633"/>
	<SubTexture name="burst0022" x="4860" y="0" width="8" height="6" frameX="-631" frameY="0" frameWidth="1218" frameHeight="633"/>
	<SubTexture name="burst0023" x="4860" y="0" width="8" height="6" frameX="-631" frameY="0" frameWidth="1218" frameHeight="633"/>
	<SubTexture name="burst0024" x="4860" y="0" width="8" height="6" frameX="-631" frameY="0" frameWidth="1218" frameHeight="633"/>
	<SubTexture name="burst0025" x="4860" y="0" width="8" height="6" frameX="-631" frameY="0" frameWidth="1218" frameHeight="633"/>
	<SubTexture name="burst0026" x="4860" y="0" width="8" height="6" frameX="-631" frameY="0" frameWidth="1218" frameHeight="633"/>
	<SubTexture name="burst0027" x="4860" y="0" width="8" height="6" frameX="-631" frameY="0" frameWidth="1218" frameHeight="633"/>
	<SubTexture name="burst0028" x="4860" y="0" width="8" height="6" frameX="-631" frameY="0" frameWidth="1218" frameHeight="633"/>
	<SubTexture name="burst0029" x="4860" y="0" width="8" height="6" frameX="-631" frameY="0" frameWidth="1218" frameHeight="633"/>
	<SubTexture name="burst0030" x="4860" y="0" width="8" height="6" frameX="-631" frameY="0" frameWidth="1218" frameHeight="633"/>
	<SubTexture name="burst0031" x="4860" y="0" width="8" height="6" frameX="-631" frameY="0" frameWidth="1218" frameHeight="633"/>
	<SubTexture name="burst0032" x="4860" y="0" width="8" height="6" frameX="-631" frameY="0" frameWidth="1218" frameHeight="633"/>
	<SubTexture name="burst0033" x="4860" y="0" width="8" height="6" frameX="-631" frameY="0" frameWidth="1218" frameHeight="633"/>
	<SubTexture name="burst0034" x="4860" y="0" width="8" height="6" frameX="-631" frameY="0" frameWidth="1218" frameHeight="633"/>
	<SubTexture name="burst0035" x="4860" y="0" width="8" height="6" frameX="-631" frameY="0" frameWidth="1218" frameHeight="633"/>
	<SubTexture name="burst0036" x="4860" y="0" width="8" height="6" frameX="-631" frameY="0" frameWidth="1218" frameHeight="633"/>
	<SubTexture name="burst0037" x="4860" y="0" width="8" height="6" frameX="-631" frameY="0" frameWidth="1218" frameHeight="633"/>
	<SubTexture name="burst0038" x="4860" y="0" width="8" height="6" frameX="-631" frameY="0" frameWidth="1218" frameHeight="633"/>
	<SubTexture name="burst0039" x="4860" y="0" width="8" height="6" frameX="-631" frameY="0" frameWidth="1218" frameHeight="633"/>
	<SubTexture name="burst0040" x="4860" y="0" width="8" height="6" frameX="-631" frameY="0" frameWidth="1218" frameHeight="633"/>
	<SubTexture name="burst0041" x="4860" y="0" width="8" height="6" frameX="-631" frameY="0" frameWidth="1218" frameHeight="633"/>
	<SubTexture name="burst0042" x="4860" y="0" width="8" height="6" frameX="-631" frameY="0" frameWidth="1218" frameHeight="633"/>
	<SubTexture name="burst0043" x="4860" y="0" width="8" height="6" frameX="-631" frameY="0" frameWidth="1218" frameHeight="633"/>
	<SubTexture name="burst0044" x="4860" y="0" width="8" height="6" frameX="-631" frameY="0" frameWidth="1218" frameHeight="633"/>
	<SubTexture name="burst0045" x="4860" y="0" width="8" height="6" frameX="-631" frameY="0" frameWidth="1218" frameHeight="633"/>
	<SubTexture name="shaggy_down0000" x="4868" y="0" width="437" height="565" frameX="0" frameY="-25" frameWidth="438" frameHeight="590"/>
	<SubTexture name="shaggy_down0001" x="5305" y="0" width="433" height="569" frameX="-3" frameY="-21" frameWidth="438" frameHeight="590"/>
	<SubTexture name="shaggy_down0002" x="5738" y="0" width="428" height="585" frameX="-10" frameY="-5" frameWidth="438" frameHeight="590"/>
	<SubTexture name="shaggy_down0003" x="6166" y="0" width="420" height="590" frameX="-13" frameY="0" frameWidth="438" frameHeight="590"/>
	<SubTexture name="shaggy_down0004" x="6166" y="0" width="420" height="590" frameX="-13" frameY="0" frameWidth="438" frameHeight="590"/>
	<SubTexture name="shaggy_down0005" x="6166" y="0" width="420" height="590" frameX="-13" frameY="0" frameWidth="438" frameHeight="590"/>
	<SubTexture name="shaggy_down0006" x="6166" y="0" width="420" height="590" frameX="-13" frameY="0" frameWidth="438" frameHeight="590"/>
	<SubTexture name="shaggy_down0007" x="6166" y="0" width="420" height="590" frameX="-13" frameY="0" frameWidth="438" frameHeight="590"/>
	<SubTexture name="shaggy_down0008" x="6166" y="0" width="420" height="590" frameX="-13" frameY="0" frameWidth="438" frameHeight="590"/>
	<SubTexture name="shaggy_down0009" x="6166" y="0" width="420" height="590" frameX="-13" frameY="0" frameWidth="438" frameHeight="590"/>
	<SubTexture name="shaggy_down0010" x="6166" y="0" width="420" height="590" frameX="-13" frameY="0" frameWidth="438" frameHeight="590"/>
	<SubTexture name="shaggy_down0011" x="6166" y="0" width="420" height="590" frameX="-13" frameY="0" frameWidth="438" frameHeight="590"/>
	<SubTexture name="shaggy_down0012" x="6166" y="0" width="420" height="590" frameX="-13" frameY="0" frameWidth="438" frameHeight="590"/>
	<SubTexture name="shaggy_down0013" x="6166" y="0" width="420" height="590" frameX="-13" frameY="0" frameWidth="438" frameHeight="590"/>
	<SubTexture name="shaggy_down0014" x="6166" y="0" width="420" height="590" frameX="-13" frameY="0" frameWidth="438" frameHeight="590"/>
	<SubTexture name="shaggy_down0015" x="6166" y="0" width="420" height="590" frameX="-13" frameY="0" frameWidth="438" frameHeight="590"/>
	<SubTexture name="shaggy_down0016" x="6166" y="0" width="420" height="590" frameX="-13" frameY="0" frameWidth="438" frameHeight="590"/>
	<SubTexture name="shaggy_down0017" x="6166" y="0" width="420" height="590" frameX="-13" frameY="0" frameWidth="438" frameHeight="590"/>
	<SubTexture name="shaggy_down0018" x="6166" y="0" width="420" height="590" frameX="-13" frameY="0" frameWidth="438" frameHeight="590"/>
	<SubTexture name="shaggy_down0019" x="6166" y="0" width="420" height="590" frameX="-13" frameY="0" frameWidth="438" frameHeight="590"/>
	<SubTexture name="shaggy_down0020" x="6166" y="0" width="420" height="590" frameX="-13" frameY="0" frameWidth="438" frameHeight="590"/>
	<SubTexture name="shaggy_down0021" x="6166" y="0" width="420" height="590" frameX="-13" frameY="0" frameWidth="438" frameHeight="590"/>
	<SubTexture name="shaggy_down0022" x="6166" y="0" width="420" height="590" frameX="-13" frameY="0" frameWidth="438" frameHeight="590"/>
	<SubTexture name="shaggy_down0023" x="6166" y="0" width="420" height="590" frameX="-13" frameY="0" frameWidth="438" frameHeight="590"/>
	<SubTexture name="shaggy_idle0000" x="6586" y="0" width="326" height="702" frameX="0" frameY="-54" frameWidth="354" frameHeight="757"/>
	<SubTexture name="shaggy_idle0001" x="6586" y="0" width="326" height="702" frameX="0" frameY="-54" frameWidth="354" frameHeight="757"/>
	<SubTexture name="shaggy_idle0002" x="6912" y="0" width="323" height="704" frameX="-5" frameY="-52" frameWidth="354" frameHeight="757"/>
	<SubTexture name="shaggy_idle0003" x="7235" y="0" width="330" height="713" frameX="-7" frameY="-43" frameWidth="354" frameHeight="757"/>
	<SubTexture name="shaggy_idle0004" x="7235" y="0" width="330" height="713" frameX="-7" frameY="-43" frameWidth="354" frameHeight="757"/>
	<SubTexture name="shaggy_idle0005" x="7565" y="0" width="337" height="727" frameX="-12" frameY="-29" frameWidth="354" frameHeight="757"/>
	<SubTexture name="shaggy_idle0006" x="7565" y="0" width="337" height="727" frameX="-12" frameY="-29" frameWidth="354" frameHeight="757"/>
	<SubTexture name="shaggy_idle0007" x="0" y="727" width="337" height="755" frameX="-15" frameY="-1" frameWidth="354" frameHeight="757"/>
	<SubTexture name="shaggy_idle0008" x="0" y="727" width="337" height="755" frameX="-15" frameY="-1" frameWidth="354" frameHeight="757"/>
	<SubTexture name="shaggy_idle0009" x="0" y="727" width="337" height="755" frameX="-15" frameY="-1" frameWidth="354" frameHeight="757"/>
	<SubTexture name="shaggy_idle0010" x="0" y="727" width="337" height="755" frameX="-15" frameY="-1" frameWidth="354" frameHeight="757"/>
	<SubTexture name="shaggy_idle0011" x="337" y="727" width="340" height="757" frameX="-14" frameY="0" frameWidth="354" frameHeight="757"/>
	<SubTexture name="shaggy_idle0012" x="337" y="727" width="340" height="757" frameX="-14" frameY="0" frameWidth="354" frameHeight="757"/>
	<SubTexture name="shaggy_idle0013" x="337" y="727" width="340" height="757" frameX="-14" frameY="0" frameWidth="354" frameHeight="757"/>
	<SubTexture name="shaggy_idle0014" x="337" y="727" width="340" height="757" frameX="-14" frameY="0" frameWidth="354" frameHeight="757"/>
	<SubTexture name="shaggy_idle20000" x="677" y="727" width="326" height="702" frameX="0" frameY="-54" frameWidth="326" frameHeight="757"/>
	<SubTexture name="shaggy_idle20001" x="677" y="727" width="326" height="702" frameX="0" frameY="-54" frameWidth="326" frameHeight="757"/>
	<SubTexture name="shaggy_idle20002" x="1003" y="727" width="320" height="703" frameX="-2" frameY="-53" frameWidth="326" frameHeight="757"/>
	<SubTexture name="shaggy_idle20003" x="1323" y="727" width="317" height="710" frameX="-3" frameY="-46" frameWidth="326" frameHeight="757"/>
	<SubTexture name="shaggy_idle20004" x="1323" y="727" width="317" height="710" frameX="-3" frameY="-46" frameWidth="326" frameHeight="757"/>
	<SubTexture name="shaggy_idle20005" x="1640" y="727" width="304" height="725" frameX="-10" frameY="-31" frameWidth="326" frameHeight="757"/>
	<SubTexture name="shaggy_idle20006" x="1640" y="727" width="304" height="725" frameX="-10" frameY="-31" frameWidth="326" frameHeight="757"/>
	<SubTexture name="shaggy_idle20007" x="1944" y="727" width="292" height="753" frameX="-16" frameY="-3" frameWidth="326" frameHeight="757"/>
	<SubTexture name="shaggy_idle20008" x="1944" y="727" width="292" height="753" frameX="-16" frameY="-3" frameWidth="326" frameHeight="757"/>
	<SubTexture name="shaggy_idle20009" x="1944" y="727" width="292" height="753" frameX="-16" frameY="-3" frameWidth="326" frameHeight="757"/>
	<SubTexture name="shaggy_idle20010" x="1944" y="727" width="292" height="753" frameX="-16" frameY="-3" frameWidth="326" frameHeight="757"/>
	<SubTexture name="shaggy_idle20011" x="2236" y="727" width="287" height="757" frameX="-19" frameY="0" frameWidth="326" frameHeight="757"/>
	<SubTexture name="shaggy_idle20012" x="2236" y="727" width="287" height="757" frameX="-19" frameY="0" frameWidth="326" frameHeight="757"/>
	<SubTexture name="shaggy_idle20013" x="2236" y="727" width="287" height="757" frameX="-19" frameY="0" frameWidth="326" frameHeight="757"/>
	<SubTexture name="shaggy_idle20014" x="2236" y="727" width="287" height="757" frameX="-19" frameY="0" frameWidth="326" frameHeight="757"/>
	<SubTexture name="shaggy_left0000" x="2523" y="727" width="466" height="623" frameX="0" frameY="-17" frameWidth="466" frameHeight="641"/>
	<SubTexture name="shaggy_left0001" x="2989" y="727" width="463" height="625" frameX="-3" frameY="-15" frameWidth="466" frameHeight="641"/>
	<SubTexture name="shaggy_left0002" x="3452" y="727" width="447" height="640" frameX="-19" frameY="-1" frameWidth="466" frameHeight="641"/>
	<SubTexture name="shaggy_left0003" x="3899" y="727" width="445" height="641" frameX="-21" frameY="0" frameWidth="466" frameHeight="641"/>
	<SubTexture name="shaggy_left0004" x="3899" y="727" width="445" height="641" frameX="-21" frameY="0" frameWidth="466" frameHeight="641"/>
	<SubTexture name="shaggy_left0005" x="3899" y="727" width="445" height="641" frameX="-21" frameY="0" frameWidth="466" frameHeight="641"/>
	<SubTexture name="shaggy_left0006" x="3899" y="727" width="445" height="641" frameX="-21" frameY="0" frameWidth="466" frameHeight="641"/>
	<SubTexture name="shaggy_left0007" x="3899" y="727" width="445" height="641" frameX="-21" frameY="0" frameWidth="466" frameHeight="641"/>
	<SubTexture name="shaggy_left0008" x="3899" y="727" width="445" height="641" frameX="-21" frameY="0" frameWidth="466" frameHeight="641"/>
	<SubTexture name="shaggy_left0009" x="3899" y="727" width="445" height="641" frameX="-21" frameY="0" frameWidth="466" frameHeight="641"/>
	<SubTexture name="shaggy_left0010" x="3899" y="727" width="445" height="641" frameX="-21" frameY="0" frameWidth="466" frameHeight="641"/>
	<SubTexture name="shaggy_left0011" x="3899" y="727" width="445" height="641" frameX="-21" frameY="0" frameWidth="466" frameHeight="641"/>
	<SubTexture name="shaggy_left0012" x="3899" y="727" width="445" height="641" frameX="-21" frameY="0" frameWidth="466" frameHeight="641"/>
	<SubTexture name="shaggy_left0013" x="3899" y="727" width="445" height="641" frameX="-21" frameY="0" frameWidth="466" frameHeight="641"/>
	<SubTexture name="shaggy_left0014" x="3899" y="727" width="445" height="641" frameX="-21" frameY="0" frameWidth="466" frameHeight="641"/>
	<SubTexture name="shaggy_left0015" x="3899" y="727" width="445" height="641" frameX="-21" frameY="0" frameWidth="466" frameHeight="641"/>
	<SubTexture name="shaggy_left0016" x="3899" y="727" width="445" height="641" frameX="-21" frameY="0" frameWidth="466" frameHeight="641"/>
	<SubTexture name="shaggy_left0017" x="3899" y="727" width="445" height="641" frameX="-21" frameY="0" frameWidth="466" frameHeight="641"/>
	<SubTexture name="shaggy_left0018" x="3899" y="727" width="445" height="641" frameX="-21" frameY="0" frameWidth="466" frameHeight="641"/>
	<SubTexture name="shaggy_left0019" x="3899" y="727" width="445" height="641" frameX="-21" frameY="0" frameWidth="466" frameHeight="641"/>
	<SubTexture name="shaggy_left0020" x="3899" y="727" width="445" height="641" frameX="-21" frameY="0" frameWidth="466" frameHeight="641"/>
	<SubTexture name="shaggy_left0021" x="3899" y="727" width="445" height="641" frameX="-21" frameY="0" frameWidth="466" frameHeight="641"/>
	<SubTexture name="shaggy_left0022" x="3899" y="727" width="445" height="641" frameX="-21" frameY="0" frameWidth="466" frameHeight="641"/>
	<SubTexture name="shaggy_left0023" x="3899" y="727" width="445" height="641" frameX="-21" frameY="0" frameWidth="466" frameHeight="641"/>
	<SubTexture name="shaggy_left0024" x="3899" y="727" width="445" height="641" frameX="-21" frameY="0" frameWidth="466" frameHeight="641"/>
	<SubTexture name="shaggy_left0025" x="3899" y="727" width="445" height="641" frameX="-21" frameY="0" frameWidth="466" frameHeight="641"/>
	<SubTexture name="shaggy_left0026" x="3899" y="727" width="445" height="641" frameX="-21" frameY="0" frameWidth="466" frameHeight="641"/>
	<SubTexture name="shaggy_powerup0000" x="4344" y="727" width="297" height="757" frameX="0" frameY="-24" frameWidth="297" frameHeight="781"/>
	<SubTexture name="shaggy_powerup0001" x="4344" y="727" width="297" height="757" frameX="0" frameY="-24" frameWidth="297" frameHeight="781"/>
	<SubTexture name="shaggy_powerup0002" x="4641" y="727" width="296" height="753" frameX="0" frameY="-22" frameWidth="297" frameHeight="781"/>
	<SubTexture name="shaggy_powerup0003" x="4641" y="727" width="296" height="753" frameX="0" frameY="-22" frameWidth="297" frameHeight="781"/>
	<SubTexture name="shaggy_powerup0004" x="4937" y="727" width="286" height="770" frameX="0" frameY="-2" frameWidth="297" frameHeight="781"/>
	<SubTexture name="shaggy_powerup0005" x="4937" y="727" width="286" height="770" frameX="0" frameY="-2" frameWidth="297" frameHeight="781"/>
	<SubTexture name="shaggy_powerup0006" x="4937" y="727" width="286" height="770" frameX="0" frameY="-2" frameWidth="297" frameHeight="781"/>
	<SubTexture name="shaggy_powerup0007" x="5223" y="727" width="286" height="772" frameX="0" frameY="0" frameWidth="297" frameHeight="781"/>
	<SubTexture name="shaggy_powerup0008" x="5223" y="727" width="286" height="772" frameX="0" frameY="0" frameWidth="297" frameHeight="781"/>
	<SubTexture name="shaggy_powerup0009" x="5223" y="727" width="286" height="772" frameX="0" frameY="0" frameWidth="297" frameHeight="781"/>
	<SubTexture name="shaggy_powerup0010" x="5223" y="727" width="286" height="772" frameX="0" frameY="0" frameWidth="297" frameHeight="781"/>
	<SubTexture name="shaggy_powerup0011" x="5223" y="727" width="286" height="772" frameX="0" frameY="0" frameWidth="297" frameHeight="781"/>
	<SubTexture name="shaggy_powerup0012" x="5223" y="727" width="286" height="772" frameX="0" frameY="0" frameWidth="297" frameHeight="781"/>
	<SubTexture name="shaggy_powerup0013" x="5223" y="727" width="286" height="772" frameX="0" frameY="0" frameWidth="297" frameHeight="781"/>
	<SubTexture name="shaggy_powerup0014" x="5223" y="727" width="286" height="772" frameX="0" frameY="0" frameWidth="297" frameHeight="781"/>
	<SubTexture name="shaggy_powerup0015" x="5223" y="727" width="286" height="772" frameX="0" frameY="0" frameWidth="297" frameHeight="781"/>
	<SubTexture name="shaggy_powerup0016" x="5223" y="727" width="286" height="772" frameX="0" frameY="0" frameWidth="297" frameHeight="781"/>
	<SubTexture name="shaggy_powerup0017" x="5223" y="727" width="286" height="772" frameX="0" frameY="0" frameWidth="297" frameHeight="781"/>
	<SubTexture name="shaggy_powerup0018" x="5223" y="727" width="286" height="772" frameX="0" frameY="0" frameWidth="297" frameHeight="781"/>
	<SubTexture name="shaggy_powerup0019" x="5223" y="727" width="286" height="772" frameX="0" frameY="0" frameWidth="297" frameHeight="781"/>
	<SubTexture name="shaggy_powerup0020" x="5223" y="727" width="286" height="772" frameX="0" frameY="0" frameWidth="297" frameHeight="781"/>
	<SubTexture name="shaggy_powerup0021" x="5223" y="727" width="286" height="772" frameX="0" frameY="0" frameWidth="297" frameHeight="781"/>
	<SubTexture name="shaggy_powerup0022" x="5223" y="727" width="286" height="772" frameX="0" frameY="0" frameWidth="297" frameHeight="781"/>
	<SubTexture name="shaggy_powerup0023" x="5223" y="727" width="286" height="772" frameX="0" frameY="0" frameWidth="297" frameHeight="781"/>
	<SubTexture name="shaggy_powerup0024" x="5223" y="727" width="286" height="772" frameX="0" frameY="0" frameWidth="297" frameHeight="781"/>
	<SubTexture name="shaggy_powerup0025" x="5223" y="727" width="286" height="772" frameX="0" frameY="0" frameWidth="297" frameHeight="781"/>
	<SubTexture name="shaggy_powerup0026" x="5223" y="727" width="286" height="772" frameX="0" frameY="0" frameWidth="297" frameHeight="781"/>
	<SubTexture name="shaggy_powerup0027" x="5223" y="727" width="286" height="772" frameX="0" frameY="0" frameWidth="297" frameHeight="781"/>
	<SubTexture name="shaggy_powerup0028" x="5223" y="727" width="286" height="772" frameX="0" frameY="0" frameWidth="297" frameHeight="781"/>
	<SubTexture name="shaggy_powerup0029" x="5223" y="727" width="286" height="772" frameX="0" frameY="0" frameWidth="297" frameHeight="781"/>
	<SubTexture name="shaggy_right0000" x="5509" y="727" width="477" height="707" frameX="0" frameY="-10" frameWidth="477" frameHeight="717"/>
	<SubTexture name="shaggy_right0001" x="5986" y="727" width="469" height="697" frameX="-2" frameY="-20" frameWidth="477" frameHeight="717"/>
	<SubTexture name="shaggy_right0002" x="6455" y="727" width="449" height="698" frameX="-6" frameY="-19" frameWidth="477" frameHeight="717"/>
	<SubTexture name="shaggy_right0003" x="6904" y="727" width="428" height="717" frameX="-12" frameY="0" frameWidth="477" frameHeight="717"/>
	<SubTexture name="shaggy_right0004" x="7332" y="727" width="426" height="717" frameX="-11" frameY="0" frameWidth="477" frameHeight="717"/>
	<SubTexture name="shaggy_right0005" x="7332" y="727" width="426" height="717" frameX="-11" frameY="0" frameWidth="477" frameHeight="717"/>
	<SubTexture name="shaggy_right0006" x="7332" y="727" width="426" height="717" frameX="-11" frameY="0" frameWidth="477" frameHeight="717"/>
	<SubTexture name="shaggy_right0007" x="7332" y="727" width="426" height="717" frameX="-11" frameY="0" frameWidth="477" frameHeight="717"/>
	<SubTexture name="shaggy_right0008" x="7332" y="727" width="426" height="717" frameX="-11" frameY="0" frameWidth="477" frameHeight="717"/>
	<SubTexture name="shaggy_right0009" x="7332" y="727" width="426" height="717" frameX="-11" frameY="0" frameWidth="477" frameHeight="717"/>
	<SubTexture name="shaggy_right0010" x="7332" y="727" width="426" height="717" frameX="-11" frameY="0" frameWidth="477" frameHeight="717"/>
	<SubTexture name="shaggy_right0011" x="7332" y="727" width="426" height="717" frameX="-11" frameY="0" frameWidth="477" frameHeight="717"/>
	<SubTexture name="shaggy_right0012" x="7332" y="727" width="426" height="717" frameX="-11" frameY="0" frameWidth="477" frameHeight="717"/>
	<SubTexture name="shaggy_right0013" x="7332" y="727" width="426" height="717" frameX="-11" frameY="0" frameWidth="477" frameHeight="717"/>
	<SubTexture name="shaggy_right0014" x="7332" y="727" width="426" height="717" frameX="-11" frameY="0" frameWidth="477" frameHeight="717"/>
	<SubTexture name="shaggy_right0015" x="7332" y="727" width="426" height="717" frameX="-11" frameY="0" frameWidth="477" frameHeight="717"/>
	<SubTexture name="shaggy_right0016" x="7332" y="727" width="426" height="717" frameX="-11" frameY="0" frameWidth="477" frameHeight="717"/>
	<SubTexture name="shaggy_right0017" x="7332" y="727" width="426" height="717" frameX="-11" frameY="0" frameWidth="477" frameHeight="717"/>
	<SubTexture name="shaggy_right0018" x="7332" y="727" width="426" height="717" frameX="-11" frameY="0" frameWidth="477" frameHeight="717"/>
	<SubTexture name="shaggy_right0019" x="7332" y="727" width="426" height="717" frameX="-11" frameY="0" frameWidth="477" frameHeight="717"/>
	<SubTexture name="shaggy_right0020" x="7332" y="727" width="426" height="717" frameX="-11" frameY="0" frameWidth="477" frameHeight="717"/>
	<SubTexture name="shaggy_right0021" x="7332" y="727" width="426" height="717" frameX="-11" frameY="0" frameWidth="477" frameHeight="717"/>
	<SubTexture name="shaggy_right0022" x="7332" y="727" width="426" height="717" frameX="-11" frameY="0" frameWidth="477" frameHeight="717"/>
	<SubTexture name="shaggy_right0023" x="7332" y="727" width="426" height="717" frameX="-11" frameY="0" frameWidth="477" frameHeight="717"/>
	<SubTexture name="shaggy_right0024" x="7332" y="727" width="426" height="717" frameX="-11" frameY="0" frameWidth="477" frameHeight="717"/>
	<SubTexture name="shaggy_sdown0000" x="0" y="1499" width="437" height="564" frameX="0" frameY="-31" frameWidth="438" frameHeight="595"/>
	<SubTexture name="shaggy_sdown0001" x="437" y="1499" width="433" height="567" frameX="-3" frameY="-28" frameWidth="438" frameHeight="595"/>
	<SubTexture name="shaggy_sdown0002" x="870" y="1499" width="428" height="589" frameX="-10" frameY="-6" frameWidth="438" frameHeight="595"/>
	<SubTexture name="shaggy_sdown0003" x="1298" y="1499" width="420" height="595" frameX="-13" frameY="0" frameWidth="438" frameHeight="595"/>
	<SubTexture name="shaggy_sdown0004" x="1298" y="1499" width="420" height="595" frameX="-13" frameY="0" frameWidth="438" frameHeight="595"/>
	<SubTexture name="shaggy_sdown0005" x="1298" y="1499" width="420" height="595" frameX="-13" frameY="0" frameWidth="438" frameHeight="595"/>
	<SubTexture name="shaggy_sdown0006" x="1298" y="1499" width="420" height="595" frameX="-13" frameY="0" frameWidth="438" frameHeight="595"/>
	<SubTexture name="shaggy_sdown0007" x="1298" y="1499" width="420" height="595" frameX="-13" frameY="0" frameWidth="438" frameHeight="595"/>
	<SubTexture name="shaggy_sdown0008" x="1298" y="1499" width="420" height="595" frameX="-13" frameY="0" frameWidth="438" frameHeight="595"/>
	<SubTexture name="shaggy_sdown0009" x="1298" y="1499" width="420" height="595" frameX="-13" frameY="0" frameWidth="438" frameHeight="595"/>
	<SubTexture name="shaggy_sdown0010" x="1298" y="1499" width="420" height="595" frameX="-13" frameY="0" frameWidth="438" frameHeight="595"/>
	<SubTexture name="shaggy_sdown0011" x="1298" y="1499" width="420" height="595" frameX="-13" frameY="0" frameWidth="438" frameHeight="595"/>
	<SubTexture name="shaggy_sdown0012" x="1298" y="1499" width="420" height="595" frameX="-13" frameY="0" frameWidth="438" frameHeight="595"/>
	<SubTexture name="shaggy_sdown0013" x="1298" y="1499" width="420" height="595" frameX="-13" frameY="0" frameWidth="438" frameHeight="595"/>
	<SubTexture name="shaggy_sdown0014" x="1298" y="1499" width="420" height="595" frameX="-13" frameY="0" frameWidth="438" frameHeight="595"/>
	<SubTexture name="shaggy_sdown0015" x="1298" y="1499" width="420" height="595" frameX="-13" frameY="0" frameWidth="438" frameHeight="595"/>
	<SubTexture name="shaggy_sdown0016" x="1298" y="1499" width="420" height="595" frameX="-13" frameY="0" frameWidth="438" frameHeight="595"/>
	<SubTexture name="shaggy_sdown0017" x="1298" y="1499" width="420" height="595" frameX="-13" frameY="0" frameWidth="438" frameHeight="595"/>
	<SubTexture name="shaggy_sdown0018" x="1298" y="1499" width="420" height="595" frameX="-13" frameY="0" frameWidth="438" frameHeight="595"/>
	<SubTexture name="shaggy_sdown0019" x="1298" y="1499" width="420" height="595" frameX="-13" frameY="0" frameWidth="438" frameHeight="595"/>
	<SubTexture name="shaggy_sdown0020" x="1298" y="1499" width="420" height="595" frameX="-13" frameY="0" frameWidth="438" frameHeight="595"/>
	<SubTexture name="shaggy_sdown0021" x="1298" y="1499" width="420" height="595" frameX="-13" frameY="0" frameWidth="438" frameHeight="595"/>
	<SubTexture name="shaggy_sdown0022" x="1298" y="1499" width="420" height="595" frameX="-13" frameY="0" frameWidth="438" frameHeight="595"/>
	<SubTexture name="shaggy_sdown0023" x="1298" y="1499" width="420" height="595" frameX="-13" frameY="0" frameWidth="438" frameHeight="595"/>
	<SubTexture name="shaggy_sdown0024" x="1298" y="1499" width="420" height="595" frameX="-13" frameY="0" frameWidth="438" frameHeight="595"/>
	<SubTexture name="shaggy_sdown0025" x="1298" y="1499" width="420" height="595" frameX="-13" frameY="0" frameWidth="438" frameHeight="595"/>
	<SubTexture name="shaggy_sdown0026" x="1298" y="1499" width="420" height="595" frameX="-13" frameY="0" frameWidth="438" frameHeight="595"/>
	<SubTexture name="shaggy_sdown0027" x="1298" y="1499" width="420" height="595" frameX="-13" frameY="0" frameWidth="438" frameHeight="595"/>
	<SubTexture name="shaggy_sdown0028" x="1298" y="1499" width="420" height="595" frameX="-13" frameY="0" frameWidth="438" frameHeight="595"/>
	<SubTexture name="shaggy_sdown0029" x="1298" y="1499" width="420" height="595" frameX="-13" frameY="0" frameWidth="438" frameHeight="595"/>
	<SubTexture name="shaggy_sdown0030" x="1298" y="1499" width="420" height="595" frameX="-13" frameY="0" frameWidth="438" frameHeight="595"/>
	<SubTexture name="shaggy_sdown0031" x="1298" y="1499" width="420" height="595" frameX="-13" frameY="0" frameWidth="438" frameHeight="595"/>
	<SubTexture name="shaggy_sdown0032" x="1298" y="1499" width="420" height="595" frameX="-13" frameY="0" frameWidth="438" frameHeight="595"/>
	<SubTexture name="shaggy_sdown0033" x="1298" y="1499" width="420" height="595" frameX="-13" frameY="0" frameWidth="438" frameHeight="595"/>
	<SubTexture name="shaggy_sdown0034" x="1298" y="1499" width="420" height="595" frameX="-13" frameY="0" frameWidth="438" frameHeight="595"/>
	<SubTexture name="shaggy_sdown0035" x="1298" y="1499" width="420" height="595" frameX="-13" frameY="0" frameWidth="438" frameHeight="595"/>
	<SubTexture name="shaggy_sdown0036" x="1298" y="1499" width="420" height="595" frameX="-13" frameY="0" frameWidth="438" frameHeight="595"/>
	<SubTexture name="shaggy_sdown0037" x="1298" y="1499" width="420" height="595" frameX="-13" frameY="0" frameWidth="438" frameHeight="595"/>
	<SubTexture name="shaggy_sdown0038" x="1298" y="1499" width="420" height="595" frameX="-13" frameY="0" frameWidth="438" frameHeight="595"/>
	<SubTexture name="shaggy_sdown0039" x="1298" y="1499" width="420" height="595" frameX="-13" frameY="0" frameWidth="438" frameHeight="595"/>
	<SubTexture name="shaggy_sleft0000" x="1718" y="1499" width="466" height="624" frameX="0" frameY="-17" frameWidth="466" frameHeight="642"/>
	<SubTexture name="shaggy_sleft0001" x="2184" y="1499" width="463" height="624" frameX="-3" frameY="-17" frameWidth="466" frameHeight="642"/>
	<SubTexture name="shaggy_sleft0002" x="2647" y="1499" width="447" height="639" frameX="-19" frameY="-3" frameWidth="466" frameHeight="642"/>
	<SubTexture name="shaggy_sleft0003" x="3094" y="1499" width="445" height="642" frameX="-21" frameY="0" frameWidth="466" frameHeight="642"/>
	<SubTexture name="shaggy_sleft0004" x="3094" y="1499" width="445" height="642" frameX="-21" frameY="0" frameWidth="466" frameHeight="642"/>
	<SubTexture name="shaggy_sleft0005" x="3094" y="1499" width="445" height="642" frameX="-21" frameY="0" frameWidth="466" frameHeight="642"/>
	<SubTexture name="shaggy_sleft0006" x="3094" y="1499" width="445" height="642" frameX="-21" frameY="0" frameWidth="466" frameHeight="642"/>
	<SubTexture name="shaggy_sleft0007" x="3094" y="1499" width="445" height="642" frameX="-21" frameY="0" frameWidth="466" frameHeight="642"/>
	<SubTexture name="shaggy_sleft0008" x="3094" y="1499" width="445" height="642" frameX="-21" frameY="0" frameWidth="466" frameHeight="642"/>
	<SubTexture name="shaggy_sleft0009" x="3094" y="1499" width="445" height="642" frameX="-21" frameY="0" frameWidth="466" frameHeight="642"/>
	<SubTexture name="shaggy_sleft0010" x="3094" y="1499" width="445" height="642" frameX="-21" frameY="0" frameWidth="466" frameHeight="642"/>
	<SubTexture name="shaggy_sleft0011" x="3094" y="1499" width="445" height="642" frameX="-21" frameY="0" frameWidth="466" frameHeight="642"/>
	<SubTexture name="shaggy_sleft0012" x="3094" y="1499" width="445" height="642" frameX="-21" frameY="0" frameWidth="466" frameHeight="642"/>
	<SubTexture name="shaggy_sleft0013" x="3094" y="1499" width="445" height="642" frameX="-21" frameY="0" frameWidth="466" frameHeight="642"/>
	<SubTexture name="shaggy_sleft0014" x="3094" y="1499" width="445" height="642" frameX="-21" frameY="0" frameWidth="466" frameHeight="642"/>
	<SubTexture name="shaggy_sleft0015" x="3094" y="1499" width="445" height="642" frameX="-21" frameY="0" frameWidth="466" frameHeight="642"/>
	<SubTexture name="shaggy_sleft0016" x="3094" y="1499" width="445" height="642" frameX="-21" frameY="0" frameWidth="466" frameHeight="642"/>
	<SubTexture name="shaggy_sleft0017" x="3094" y="1499" width="445" height="642" frameX="-21" frameY="0" frameWidth="466" frameHeight="642"/>
	<SubTexture name="shaggy_sleft0018" x="3094" y="1499" width="445" height="642" frameX="-21" frameY="0" frameWidth="466" frameHeight="642"/>
	<SubTexture name="shaggy_sleft0019" x="3094" y="1499" width="445" height="642" frameX="-21" frameY="0" frameWidth="466" frameHeight="642"/>
	<SubTexture name="shaggy_sleft0020" x="3094" y="1499" width="445" height="642" frameX="-21" frameY="0" frameWidth="466" frameHeight="642"/>
	<SubTexture name="shaggy_sleft0021" x="3094" y="1499" width="445" height="642" frameX="-21" frameY="0" frameWidth="466" frameHeight="642"/>
	<SubTexture name="shaggy_sleft0022" x="3094" y="1499" width="445" height="642" frameX="-21" frameY="0" frameWidth="466" frameHeight="642"/>
	<SubTexture name="shaggy_sleft0023" x="3094" y="1499" width="445" height="642" frameX="-21" frameY="0" frameWidth="466" frameHeight="642"/>
	<SubTexture name="shaggy_sleft0024" x="3094" y="1499" width="445" height="642" frameX="-21" frameY="0" frameWidth="466" frameHeight="642"/>
	<SubTexture name="shaggy_sleft0025" x="3094" y="1499" width="445" height="642" frameX="-21" frameY="0" frameWidth="466" frameHeight="642"/>
	<SubTexture name="shaggy_sleft0026" x="3094" y="1499" width="445" height="642" frameX="-21" frameY="0" frameWidth="466" frameHeight="642"/>
	<SubTexture name="shaggy_sleft0027" x="3094" y="1499" width="445" height="642" frameX="-21" frameY="0" frameWidth="466" frameHeight="642"/>
	<SubTexture name="shaggy_sleft0028" x="3094" y="1499" width="445" height="642" frameX="-21" frameY="0" frameWidth="466" frameHeight="642"/>
	<SubTexture name="shaggy_sleft0029" x="3094" y="1499" width="445" height="642" frameX="-21" frameY="0" frameWidth="466" frameHeight="642"/>
	<SubTexture name="shaggy_sleft0030" x="3094" y="1499" width="445" height="642" frameX="-21" frameY="0" frameWidth="466" frameHeight="642"/>
	<SubTexture name="shaggy_sleft0031" x="3094" y="1499" width="445" height="642" frameX="-21" frameY="0" frameWidth="466" frameHeight="642"/>
	<SubTexture name="shaggy_sleft0032" x="3094" y="1499" width="445" height="642" frameX="-21" frameY="0" frameWidth="466" frameHeight="642"/>
	<SubTexture name="shaggy_sleft0033" x="3094" y="1499" width="445" height="642" frameX="-21" frameY="0" frameWidth="466" frameHeight="642"/>
	<SubTexture name="shaggy_sleft0034" x="3094" y="1499" width="445" height="642" frameX="-21" frameY="0" frameWidth="466" frameHeight="642"/>
	<SubTexture name="shaggy_sleft0035" x="3094" y="1499" width="445" height="642" frameX="-21" frameY="0" frameWidth="466" frameHeight="642"/>
	<SubTexture name="shaggy_sleft0036" x="3094" y="1499" width="445" height="642" frameX="-21" frameY="0" frameWidth="466" frameHeight="642"/>
	<SubTexture name="shaggy_sleft0037" x="3094" y="1499" width="445" height="642" frameX="-21" frameY="0" frameWidth="466" frameHeight="642"/>
	<SubTexture name="shaggy_sleft0038" x="3094" y="1499" width="445" height="642" frameX="-21" frameY="0" frameWidth="466" frameHeight="642"/>
	<SubTexture name="shaggy_sleft0039" x="3094" y="1499" width="445" height="642" frameX="-21" frameY="0" frameWidth="466" frameHeight="642"/>
	<SubTexture name="shaggy_sright0000" x="3539" y="1499" width="477" height="718" frameX="0" frameY="-12" frameWidth="477" frameHeight="730"/>
	<SubTexture name="shaggy_sright0001" x="4016" y="1499" width="469" height="708" frameX="-2" frameY="-22" frameWidth="477" frameHeight="730"/>
	<SubTexture name="shaggy_sright0002" x="4485" y="1499" width="449" height="705" frameX="-6" frameY="-25" frameWidth="477" frameHeight="730"/>
	<SubTexture name="shaggy_sright0003" x="4934" y="1499" width="428" height="729" frameX="-12" frameY="-1" frameWidth="477" frameHeight="730"/>
	<SubTexture name="shaggy_sright0004" x="5362" y="1499" width="426" height="730" frameX="-11" frameY="0" frameWidth="477" frameHeight="730"/>
	<SubTexture name="shaggy_sright0005" x="5362" y="1499" width="426" height="730" frameX="-11" frameY="0" frameWidth="477" frameHeight="730"/>
	<SubTexture name="shaggy_sright0006" x="5362" y="1499" width="426" height="730" frameX="-11" frameY="0" frameWidth="477" frameHeight="730"/>
	<SubTexture name="shaggy_sright0007" x="5362" y="1499" width="426" height="730" frameX="-11" frameY="0" frameWidth="477" frameHeight="730"/>
	<SubTexture name="shaggy_sright0008" x="5362" y="1499" width="426" height="730" frameX="-11" frameY="0" frameWidth="477" frameHeight="730"/>
	<SubTexture name="shaggy_sright0009" x="5362" y="1499" width="426" height="730" frameX="-11" frameY="0" frameWidth="477" frameHeight="730"/>
	<SubTexture name="shaggy_sright0010" x="5362" y="1499" width="426" height="730" frameX="-11" frameY="0" frameWidth="477" frameHeight="730"/>
	<SubTexture name="shaggy_sright0011" x="5362" y="1499" width="426" height="730" frameX="-11" frameY="0" frameWidth="477" frameHeight="730"/>
	<SubTexture name="shaggy_sright0012" x="5362" y="1499" width="426" height="730" frameX="-11" frameY="0" frameWidth="477" frameHeight="730"/>
	<SubTexture name="shaggy_sright0013" x="5362" y="1499" width="426" height="730" frameX="-11" frameY="0" frameWidth="477" frameHeight="730"/>
	<SubTexture name="shaggy_sright0014" x="5362" y="1499" width="426" height="730" frameX="-11" frameY="0" frameWidth="477" frameHeight="730"/>
	<SubTexture name="shaggy_sright0015" x="5362" y="1499" width="426" height="730" frameX="-11" frameY="0" frameWidth="477" frameHeight="730"/>
	<SubTexture name="shaggy_sright0016" x="5362" y="1499" width="426" height="730" frameX="-11" frameY="0" frameWidth="477" frameHeight="730"/>
	<SubTexture name="shaggy_sright0017" x="5362" y="1499" width="426" height="730" frameX="-11" frameY="0" frameWidth="477" frameHeight="730"/>
	<SubTexture name="shaggy_sright0018" x="5362" y="1499" width="426" height="730" frameX="-11" frameY="0" frameWidth="477" frameHeight="730"/>
	<SubTexture name="shaggy_sright0019" x="5362" y="1499" width="426" height="730" frameX="-11" frameY="0" frameWidth="477" frameHeight="730"/>
	<SubTexture name="shaggy_sright0020" x="5362" y="1499" width="426" height="730" frameX="-11" frameY="0" frameWidth="477" frameHeight="730"/>
	<SubTexture name="shaggy_sright0021" x="5362" y="1499" width="426" height="730" frameX="-11" frameY="0" frameWidth="477" frameHeight="730"/>
	<SubTexture name="shaggy_sright0022" x="5362" y="1499" width="426" height="730" frameX="-11" frameY="0" frameWidth="477" frameHeight="730"/>
	<SubTexture name="shaggy_sright0023" x="5362" y="1499" width="426" height="730" frameX="-11" frameY="0" frameWidth="477" frameHeight="730"/>
	<SubTexture name="shaggy_sright0024" x="5362" y="1499" width="426" height="730" frameX="-11" frameY="0" frameWidth="477" frameHeight="730"/>
	<SubTexture name="shaggy_sright0025" x="5362" y="1499" width="426" height="730" frameX="-11" frameY="0" frameWidth="477" frameHeight="730"/>
	<SubTexture name="shaggy_sright0026" x="5362" y="1499" width="426" height="730" frameX="-11" frameY="0" frameWidth="477" frameHeight="730"/>
	<SubTexture name="shaggy_sright0027" x="5362" y="1499" width="426" height="730" frameX="-11" frameY="0" frameWidth="477" frameHeight="730"/>
	<SubTexture name="shaggy_sright0028" x="5362" y="1499" width="426" height="730" frameX="-11" frameY="0" frameWidth="477" frameHeight="730"/>
	<SubTexture name="shaggy_sright0029" x="5362" y="1499" width="426" height="730" frameX="-11" frameY="0" frameWidth="477" frameHeight="730"/>
	<SubTexture name="shaggy_sright0030" x="5362" y="1499" width="426" height="730" frameX="-11" frameY="0" frameWidth="477" frameHeight="730"/>
	<SubTexture name="shaggy_sright0031" x="5362" y="1499" width="426" height="730" frameX="-11" frameY="0" frameWidth="477" frameHeight="730"/>
	<SubTexture name="shaggy_sright0032" x="5362" y="1499" width="426" height="730" frameX="-11" frameY="0" frameWidth="477" frameHeight="730"/>
	<SubTexture name="shaggy_sright0033" x="5362" y="1499" width="426" height="730" frameX="-11" frameY="0" frameWidth="477" frameHeight="730"/>
	<SubTexture name="shaggy_sright0034" x="5362" y="1499" width="426" height="730" frameX="-11" frameY="0" frameWidth="477" frameHeight="730"/>
	<SubTexture name="shaggy_sright0035" x="5362" y="1499" width="426" height="730" frameX="-11" frameY="0" frameWidth="477" frameHeight="730"/>
	<SubTexture name="shaggy_sright0036" x="5362" y="1499" width="426" height="730" frameX="-11" frameY="0" frameWidth="477" frameHeight="730"/>
	<SubTexture name="shaggy_sright0037" x="5362" y="1499" width="426" height="730" frameX="-11" frameY="0" frameWidth="477" frameHeight="730"/>
	<SubTexture name="shaggy_sright0038" x="5362" y="1499" width="426" height="730" frameX="-11" frameY="0" frameWidth="477" frameHeight="730"/>
	<SubTexture name="shaggy_sright0039" x="5362" y="1499" width="426" height="730" frameX="-11" frameY="0" frameWidth="477" frameHeight="730"/>
	<SubTexture name="shaggy_sup0000" x="5788" y="1499" width="275" height="791"/>
	<SubTexture name="shaggy_sup20000" x="5788" y="1499" width="275" height="791" frameX="-9" frameY="0" frameWidth="275" frameHeight="791"/>
	<SubTexture name="shaggy_sup20001" x="6063" y="1499" width="278" height="783" frameX="-9" frameY="-8" frameWidth="298" frameHeight="791"/>
	<SubTexture name="shaggy_sup20002" x="6341" y="1499" width="293" height="771" frameX="-3" frameY="-20" frameWidth="298" frameHeight="791"/>
	<SubTexture name="shaggy_sup20003" x="6634" y="1499" width="298" height="765" frameX="0" frameY="-26" frameWidth="298" frameHeight="791"/>
	<SubTexture name="shaggy_sup20004" x="6634" y="1499" width="298" height="765" frameX="0" frameY="-26" frameWidth="298" frameHeight="791"/>
	<SubTexture name="shaggy_sup20005" x="6634" y="1499" width="298" height="765" frameX="0" frameY="-26" frameWidth="298" frameHeight="791"/>
	<SubTexture name="shaggy_sup20006" x="6634" y="1499" width="298" height="765" frameX="0" frameY="-26" frameWidth="298" frameHeight="791"/>
	<SubTexture name="shaggy_sup20007" x="6634" y="1499" width="298" height="765" frameX="0" frameY="-26" frameWidth="298" frameHeight="791"/>
	<SubTexture name="shaggy_sup20008" x="6634" y="1499" width="298" height="765" frameX="0" frameY="-26" frameWidth="298" frameHeight="791"/>
	<SubTexture name="shaggy_sup20009" x="6634" y="1499" width="298" height="765" frameX="0" frameY="-26" frameWidth="298" frameHeight="791"/>
	<SubTexture name="shaggy_sup20010" x="6634" y="1499" width="298" height="765" frameX="0" frameY="-26" frameWidth="298" frameHeight="791"/>
	<SubTexture name="shaggy_sup20011" x="6634" y="1499" width="298" height="765" frameX="0" frameY="-26" frameWidth="298" frameHeight="791"/>
	<SubTexture name="shaggy_sup20012" x="6634" y="1499" width="298" height="765" frameX="0" frameY="-26" frameWidth="298" frameHeight="791"/>
	<SubTexture name="shaggy_sup20013" x="6634" y="1499" width="298" height="765" frameX="0" frameY="-26" frameWidth="298" frameHeight="791"/>
	<SubTexture name="shaggy_sup20014" x="6634" y="1499" width="298" height="765" frameX="0" frameY="-26" frameWidth="298" frameHeight="791"/>
	<SubTexture name="shaggy_sup20015" x="6634" y="1499" width="298" height="765" frameX="0" frameY="-26" frameWidth="298" frameHeight="791"/>
	<SubTexture name="shaggy_sup20016" x="6634" y="1499" width="298" height="765" frameX="0" frameY="-26" frameWidth="298" frameHeight="791"/>
	<SubTexture name="shaggy_sup20017" x="6634" y="1499" width="298" height="765" frameX="0" frameY="-26" frameWidth="298" frameHeight="791"/>
	<SubTexture name="shaggy_sup20018" x="6634" y="1499" width="298" height="765" frameX="0" frameY="-26" frameWidth="298" frameHeight="791"/>
	<SubTexture name="shaggy_sup20019" x="6634" y="1499" width="298" height="765" frameX="0" frameY="-26" frameWidth="298" frameHeight="791"/>
	<SubTexture name="shaggy_sup20020" x="6634" y="1499" width="298" height="765" frameX="0" frameY="-26" frameWidth="298" frameHeight="791"/>
	<SubTexture name="shaggy_sup20021" x="6634" y="1499" width="298" height="765" frameX="0" frameY="-26" frameWidth="298" frameHeight="791"/>
	<SubTexture name="shaggy_sup20022" x="6634" y="1499" width="298" height="765" frameX="0" frameY="-26" frameWidth="298" frameHeight="791"/>
	<SubTexture name="shaggy_sup20023" x="6634" y="1499" width="298" height="765" frameX="0" frameY="-26" frameWidth="298" frameHeight="791"/>
	<SubTexture name="shaggy_sup20024" x="6634" y="1499" width="298" height="765" frameX="0" frameY="-26" frameWidth="298" frameHeight="791"/>
	<SubTexture name="shaggy_sup20025" x="6634" y="1499" width="298" height="765" frameX="0" frameY="-26" frameWidth="298" frameHeight="791"/>
	<SubTexture name="shaggy_sup20026" x="6634" y="1499" width="298" height="765" frameX="0" frameY="-26" frameWidth="298" frameHeight="791"/>
	<SubTexture name="shaggy_sup20027" x="6634" y="1499" width="298" height="765" frameX="0" frameY="-26" frameWidth="298" frameHeight="791"/>
	<SubTexture name="shaggy_sup20028" x="6634" y="1499" width="298" height="765" frameX="0" frameY="-26" frameWidth="298" frameHeight="791"/>
	<SubTexture name="shaggy_sup20029" x="6634" y="1499" width="298" height="765" frameX="0" frameY="-26" frameWidth="298" frameHeight="791"/>
	<SubTexture name="shaggy_sup20030" x="6634" y="1499" width="298" height="765" frameX="0" frameY="-26" frameWidth="298" frameHeight="791"/>
	<SubTexture name="shaggy_sup20031" x="6634" y="1499" width="298" height="765" frameX="0" frameY="-26" frameWidth="298" frameHeight="791"/>
	<SubTexture name="shaggy_sup20032" x="6634" y="1499" width="298" height="765" frameX="0" frameY="-26" frameWidth="298" frameHeight="791"/>
	<SubTexture name="shaggy_sup20033" x="6634" y="1499" width="298" height="765" frameX="0" frameY="-26" frameWidth="298" frameHeight="791"/>
	<SubTexture name="shaggy_sup20034" x="6634" y="1499" width="298" height="765" frameX="0" frameY="-26" frameWidth="298" frameHeight="791"/>
	<SubTexture name="shaggy_sup20035" x="6634" y="1499" width="298" height="765" frameX="0" frameY="-26" frameWidth="298" frameHeight="791"/>
	<SubTexture name="shaggy_sup20036" x="6634" y="1499" width="298" height="765" frameX="0" frameY="-26" frameWidth="298" frameHeight="791"/>
	<SubTexture name="shaggy_sup20037" x="6634" y="1499" width="298" height="765" frameX="0" frameY="-26" frameWidth="298" frameHeight="791"/>
	<SubTexture name="shaggy_sup20038" x="6634" y="1499" width="298" height="765" frameX="0" frameY="-26" frameWidth="298" frameHeight="791"/>
	<SubTexture name="shaggy_sup20039" x="6634" y="1499" width="298" height="765" frameX="0" frameY="-26" frameWidth="298" frameHeight="791"/>
	<SubTexture name="shaggy_super_idle0000" x="6932" y="1499" width="345" height="765" frameX="0" frameY="-1" frameWidth="345" frameHeight="766"/>
	<SubTexture name="shaggy_super_idle0001" x="7277" y="1499" width="345" height="765" frameX="0" frameY="-1" frameWidth="345" frameHeight="766"/>
	<SubTexture name="shaggy_super_idle0002" x="7622" y="1499" width="345" height="766"/>
	<SubTexture name="shaggy_up0000" x="0" y="2290" width="275" height="784" frameX="-9" frameY="0" frameWidth="298" frameHeight="784"/>
	<SubTexture name="shaggy_up0001" x="275" y="2290" width="278" height="775" frameX="-9" frameY="-9" frameWidth="298" frameHeight="784"/>
	<SubTexture name="shaggy_up0002" x="553" y="2290" width="293" height="762" frameX="-3" frameY="-22" frameWidth="298" frameHeight="784"/>
	<SubTexture name="shaggy_up0003" x="846" y="2290" width="298" height="757" frameX="0" frameY="-27" frameWidth="298" frameHeight="784"/>
	<SubTexture name="shaggy_up0004" x="846" y="2290" width="298" height="757" frameX="0" frameY="-27" frameWidth="298" frameHeight="784"/>
	<SubTexture name="shaggy_up0005" x="846" y="2290" width="298" height="757" frameX="0" frameY="-27" frameWidth="298" frameHeight="784"/>
	<SubTexture name="shaggy_up0006" x="846" y="2290" width="298" height="757" frameX="0" frameY="-27" frameWidth="298" frameHeight="784"/>
	<SubTexture name="shaggy_up0007" x="846" y="2290" width="298" height="757" frameX="0" frameY="-27" frameWidth="298" frameHeight="784"/>
	<SubTexture name="shaggy_up0008" x="846" y="2290" width="298" height="757" frameX="0" frameY="-27" frameWidth="298" frameHeight="784"/>
	<SubTexture name="shaggy_up0009" x="846" y="2290" width="298" height="757" frameX="0" frameY="-27" frameWidth="298" frameHeight="784"/>
	<SubTexture name="shaggy_up0010" x="846" y="2290" width="298" height="757" frameX="0" frameY="-27" frameWidth="298" frameHeight="784"/>
	<SubTexture name="shaggy_up0011" x="846" y="2290" width="298" height="757" frameX="0" frameY="-27" frameWidth="298" frameHeight="784"/>
	<SubTexture name="shaggy_up0012" x="846" y="2290" width="298" height="757" frameX="0" frameY="-27" frameWidth="298" frameHeight="784"/>
	<SubTexture name="shaggy_up0013" x="846" y="2290" width="298" height="757" frameX="0" frameY="-27" frameWidth="298" frameHeight="784"/>
	<SubTexture name="shaggy_up0014" x="846" y="2290" width="298" height="757" frameX="0" frameY="-27" frameWidth="298" frameHeight="784"/>
	<SubTexture name="shaggy_up0015" x="846" y="2290" width="298" height="757" frameX="0" frameY="-27" frameWidth="298" frameHeight="784"/>
	<SubTexture name="shaggy_up0016" x="846" y="2290" width="298" height="757" frameX="0" frameY="-27" frameWidth="298" frameHeight="784"/>
	<SubTexture name="shaggy_up0017" x="846" y="2290" width="298" height="757" frameX="0" frameY="-27" frameWidth="298" frameHeight="784"/>
	<SubTexture name="shaggy_up0018" x="846" y="2290" width="298" height="757" frameX="0" frameY="-27" frameWidth="298" frameHeight="784"/>
	<SubTexture name="shaggy_up0019" x="846" y="2290" width="298" height="757" frameX="0" frameY="-27" frameWidth="298" frameHeight="784"/>
	<SubTexture name="shaggy_up0020" x="846" y="2290" width="298" height="757" frameX="0" frameY="-27" frameWidth="298" frameHeight="784"/>
	<SubTexture name="shaggy_up0021" x="846" y="2290" width="298" height="757" frameX="0" frameY="-27" frameWidth="298" frameHeight="784"/>
	<SubTexture name="shaggy_up0022" x="846" y="2290" width="298" height="757" frameX="0" frameY="-27" frameWidth="298" frameHeight="784"/>
	<SubTexture name="shaggy_up0023" x="846" y="2290" width="298" height="757" frameX="0" frameY="-27" frameWidth="298" frameHeight="784"/>
	<SubTexture name="shaggy_up0024" x="846" y="2290" width="298" height="757" frameX="0" frameY="-27" frameWidth="298" frameHeight="784"/>
</TextureAtlas>
