﻿<?xml version="1.0" encoding="utf-8"?>
<TextureAtlas imagePath="TOMATO.png">
	<!-- Created with Adobe Animate version 20.0.0.17400 -->
	<!-- http://www.adobe.com/products/animate.html -->
	<SubTexture name="Tomato Sing Note DOWN0000" x="0" y="0" width="517" height="852" pivotX="31.05" pivotY="96.3"/>
	<SubTexture name="Tomato Sing Note DOWN0001" x="517" y="0" width="512" height="848" frameX="-4" frameY="0" frameWidth="517" frameHeight="852"/>
	<SubTexture name="Tomato Sing Note DOWN0002" x="1029" y="0" width="503" height="837" frameX="-13" frameY="0" frameWidth="517" frameHeight="852"/>
	<SubTexture name="Tomato Sing Note DOWN0003" x="1532" y="0" width="499" height="836" frameX="-17" frameY="0" frameWidth="517" frameHeight="852"/>
	<SubTexture name="Tomato Sing Note DOWN0004" x="1532" y="0" width="499" height="836" frameX="-17" frameY="0" frameWidth="517" frameHeight="852"/>
	<SubTexture name="Tomato Sing Note DOWN0005" x="1532" y="0" width="499" height="836" frameX="-17" frameY="0" frameWidth="517" frameHeight="852"/>
	<SubTexture name="Tomato Sing Note DOWN0006" x="1532" y="0" width="499" height="836" frameX="-17" frameY="0" frameWidth="517" frameHeight="852"/>
	<SubTexture name="Tomato Sing Note DOWN0007" x="1532" y="0" width="499" height="836" frameX="-17" frameY="0" frameWidth="517" frameHeight="852"/>
	<SubTexture name="Tomato Sing Note DOWN0008" x="1532" y="0" width="499" height="836" frameX="-17" frameY="0" frameWidth="517" frameHeight="852"/>
	<SubTexture name="Tomato Sing Note DOWN0009" x="1532" y="0" width="499" height="836" frameX="-17" frameY="0" frameWidth="517" frameHeight="852"/>
	<SubTexture name="Tomato Sing Note DOWN0010" x="1532" y="0" width="499" height="836" frameX="-17" frameY="0" frameWidth="517" frameHeight="852"/>
	<SubTexture name="Tomato Sing Note DOWN0011" x="1532" y="0" width="499" height="836" frameX="-17" frameY="0" frameWidth="517" frameHeight="852"/>
	<SubTexture name="Tomato Sing Note DOWN0012" x="1532" y="0" width="499" height="836" frameX="-17" frameY="0" frameWidth="517" frameHeight="852"/>
	<SubTexture name="Tomato Sing Note DOWN0013" x="1532" y="0" width="499" height="836" frameX="-17" frameY="0" frameWidth="517" frameHeight="852"/>
	<SubTexture name="Tomato Sing Note DOWN0014" x="1532" y="0" width="499" height="836" frameX="-17" frameY="0" frameWidth="517" frameHeight="852"/>
	<SubTexture name="Tomato Sing Note LEFT0000" x="2031" y="0" width="530" height="855" pivotX="43.75" pivotY="92.9"/>
	<SubTexture name="Tomato Sing Note LEFT0001" x="2031" y="0" width="530" height="855"/>
	<SubTexture name="Tomato Sing Note LEFT0002" x="2561" y="0" width="528" height="854" frameX="0" frameY="0" frameWidth="530" frameHeight="855"/>
	<SubTexture name="Tomato Sing Note LEFT0003" x="3089" y="0" width="526" height="854" frameX="0" frameY="0" frameWidth="530" frameHeight="855"/>
	<SubTexture name="Tomato Sing Note LEFT0004" x="3089" y="0" width="526" height="854" frameX="0" frameY="0" frameWidth="530" frameHeight="855"/>
	<SubTexture name="Tomato Sing Note LEFT0005" x="3089" y="0" width="526" height="854" frameX="0" frameY="0" frameWidth="530" frameHeight="855"/>
	<SubTexture name="Tomato Sing Note LEFT0006" x="3089" y="0" width="526" height="854" frameX="0" frameY="0" frameWidth="530" frameHeight="855"/>
	<SubTexture name="Tomato Sing Note LEFT0007" x="3089" y="0" width="526" height="854" frameX="0" frameY="0" frameWidth="530" frameHeight="855"/>
	<SubTexture name="Tomato Sing Note LEFT0008" x="3089" y="0" width="526" height="854" frameX="0" frameY="0" frameWidth="530" frameHeight="855"/>
	<SubTexture name="Tomato Sing Note LEFT0009" x="3089" y="0" width="526" height="854" frameX="0" frameY="0" frameWidth="530" frameHeight="855"/>
	<SubTexture name="Tomato Sing Note LEFT0010" x="3089" y="0" width="526" height="854" frameX="0" frameY="0" frameWidth="530" frameHeight="855"/>
	<SubTexture name="Tomato Sing Note LEFT0011" x="3089" y="0" width="526" height="854" frameX="0" frameY="0" frameWidth="530" frameHeight="855"/>
	<SubTexture name="Tomato Sing Note LEFT0012" x="3089" y="0" width="526" height="854" frameX="0" frameY="0" frameWidth="530" frameHeight="855"/>
	<SubTexture name="Tomato Sing Note LEFT0013" x="3089" y="0" width="526" height="854" frameX="0" frameY="0" frameWidth="530" frameHeight="855"/>
	<SubTexture name="Tomato Sing Note LEFT0014" x="3089" y="0" width="526" height="854" frameX="0" frameY="0" frameWidth="530" frameHeight="855"/>
	<SubTexture name="Tomato Sing Note LEFT0015" x="3089" y="0" width="526" height="854" frameX="0" frameY="0" frameWidth="530" frameHeight="855"/>
	<SubTexture name="Tomato Sing Note RIGHT0000" x="0" y="855" width="600" height="845" pivotX="114.05" pivotY="92.65"/>
	<SubTexture name="Tomato Sing Note RIGHT0001" x="600" y="855" width="586" height="844" frameX="-4" frameY="0" frameWidth="600" frameHeight="845"/>
	<SubTexture name="Tomato Sing Note RIGHT0002" x="1186" y="855" width="578" height="838" frameX="-8" frameY="0" frameWidth="600" frameHeight="845"/>
	<SubTexture name="Tomato Sing Note RIGHT0003" x="1764" y="855" width="577" height="838" frameX="-9" frameY="0" frameWidth="600" frameHeight="845"/>
	<SubTexture name="Tomato Sing Note RIGHT0004" x="1764" y="855" width="577" height="838" frameX="-9" frameY="0" frameWidth="600" frameHeight="845"/>
	<SubTexture name="Tomato Sing Note RIGHT0005" x="1764" y="855" width="577" height="838" frameX="-9" frameY="0" frameWidth="600" frameHeight="845"/>
	<SubTexture name="Tomato Sing Note RIGHT0006" x="1764" y="855" width="577" height="838" frameX="-9" frameY="0" frameWidth="600" frameHeight="845"/>
	<SubTexture name="Tomato Sing Note RIGHT0007" x="1764" y="855" width="577" height="838" frameX="-9" frameY="0" frameWidth="600" frameHeight="845"/>
	<SubTexture name="Tomato Sing Note RIGHT0008" x="1764" y="855" width="577" height="838" frameX="-9" frameY="0" frameWidth="600" frameHeight="845"/>
	<SubTexture name="Tomato Sing Note RIGHT0009" x="1764" y="855" width="577" height="838" frameX="-9" frameY="0" frameWidth="600" frameHeight="845"/>
	<SubTexture name="Tomato Sing Note RIGHT0010" x="1764" y="855" width="577" height="838" frameX="-9" frameY="0" frameWidth="600" frameHeight="845"/>
	<SubTexture name="Tomato Sing Note RIGHT0011" x="1764" y="855" width="577" height="838" frameX="-9" frameY="0" frameWidth="600" frameHeight="845"/>
	<SubTexture name="Tomato Sing Note RIGHT0012" x="1764" y="855" width="577" height="838" frameX="-9" frameY="0" frameWidth="600" frameHeight="845"/>
	<SubTexture name="Tomato Sing Note RIGHT0013" x="1764" y="855" width="577" height="838" frameX="-9" frameY="0" frameWidth="600" frameHeight="845"/>
	<SubTexture name="Tomato Sing Note RIGHT0014" x="1764" y="855" width="577" height="838" frameX="-9" frameY="0" frameWidth="600" frameHeight="845"/>
	<SubTexture name="Tomato Sing Note RIGHT0015" x="1764" y="855" width="577" height="838" frameX="-9" frameY="0" frameWidth="600" frameHeight="845"/>
	<SubTexture name="Tomato Sing Note RIGHT0016" x="1764" y="855" width="577" height="838" frameX="-9" frameY="0" frameWidth="600" frameHeight="845"/>
	<SubTexture name="Tomato Sing Note RIGHT0017" x="1764" y="855" width="577" height="838" frameX="-9" frameY="0" frameWidth="600" frameHeight="845"/>
	<SubTexture name="Tomato Sing Note RIGHT0018" x="1764" y="855" width="577" height="838" frameX="-9" frameY="0" frameWidth="600" frameHeight="845"/>
	<SubTexture name="Tomato Sing Note UP0000" x="2341" y="855" width="492" height="838" pivotX="418" pivotY="570.6"/>
	<SubTexture name="Tomato Sing Note UP0001" x="2833" y="855" width="492" height="837" frameX="0" frameY="0" frameWidth="492" frameHeight="838"/>
	<SubTexture name="Tomato Sing Note UP0002" x="3325" y="855" width="492" height="836" frameX="0" frameY="0" frameWidth="492" frameHeight="838"/>
	<SubTexture name="Tomato Sing Note UP0003" x="0" y="1700" width="492" height="835" frameX="0" frameY="0" frameWidth="492" frameHeight="838"/>
	<SubTexture name="Tomato Sing Note UP0004" x="0" y="1700" width="492" height="835" frameX="0" frameY="0" frameWidth="492" frameHeight="838"/>
	<SubTexture name="Tomato Sing Note UP0005" x="0" y="1700" width="492" height="835" frameX="0" frameY="0" frameWidth="492" frameHeight="838"/>
	<SubTexture name="Tomato Sing Note UP0006" x="0" y="1700" width="492" height="835" frameX="0" frameY="0" frameWidth="492" frameHeight="838"/>
	<SubTexture name="Tomato Sing Note UP0007" x="0" y="1700" width="492" height="835" frameX="0" frameY="0" frameWidth="492" frameHeight="838"/>
	<SubTexture name="Tomato Sing Note UP0008" x="0" y="1700" width="492" height="835" frameX="0" frameY="0" frameWidth="492" frameHeight="838"/>
	<SubTexture name="Tomato Sing Note UP0009" x="0" y="1700" width="492" height="835" frameX="0" frameY="0" frameWidth="492" frameHeight="838"/>
	<SubTexture name="Tomato Sing Note UP0010" x="0" y="1700" width="492" height="835" frameX="0" frameY="0" frameWidth="492" frameHeight="838"/>
	<SubTexture name="Tomato Sing Note UP0011" x="0" y="1700" width="492" height="835" frameX="0" frameY="0" frameWidth="492" frameHeight="838"/>
	<SubTexture name="Tomato Sing Note UP0012" x="0" y="1700" width="492" height="835" frameX="0" frameY="0" frameWidth="492" frameHeight="838"/>
	<SubTexture name="Tomato Sing Note UP0013" x="0" y="1700" width="492" height="835" frameX="0" frameY="0" frameWidth="492" frameHeight="838"/>
	<SubTexture name="Tomato Sing Note UP0014" x="0" y="1700" width="492" height="835" frameX="0" frameY="0" frameWidth="492" frameHeight="838"/>
	<SubTexture name="Tomato Sing Note UP0015" x="0" y="1700" width="492" height="835" frameX="0" frameY="0" frameWidth="492" frameHeight="838"/>
	<SubTexture name="Tomato Sing Note UP0016" x="0" y="1700" width="492" height="835" frameX="0" frameY="0" frameWidth="492" frameHeight="838"/>
	<SubTexture name="Tomato Sing Note UP0017" x="0" y="1700" width="492" height="835" frameX="0" frameY="0" frameWidth="492" frameHeight="838"/>
	<SubTexture name="Tomato Sing Note UP0018" x="0" y="1700" width="492" height="835" frameX="0" frameY="0" frameWidth="492" frameHeight="838"/>
	<SubTexture name="Tomato Sing Note UP0019" x="0" y="1700" width="492" height="835" frameX="0" frameY="0" frameWidth="492" frameHeight="838"/>
	<SubTexture name="Tomato Sing Note UP0020" x="0" y="1700" width="492" height="835" frameX="0" frameY="0" frameWidth="492" frameHeight="838"/>
	<SubTexture name="Tomato Sing Note UP0021" x="0" y="1700" width="492" height="835" frameX="0" frameY="0" frameWidth="492" frameHeight="838"/>
	<SubTexture name="Tomato Sing Note UP0022" x="0" y="1700" width="492" height="835" frameX="0" frameY="0" frameWidth="492" frameHeight="838"/>
	<SubTexture name="Tomato Sing Note UP0023" x="0" y="1700" width="492" height="835" frameX="0" frameY="0" frameWidth="492" frameHeight="838"/>
	<SubTexture name="Tomato Sing Note UP0024" x="0" y="1700" width="492" height="835" frameX="0" frameY="0" frameWidth="492" frameHeight="838"/>
	<SubTexture name="Tomato Sing Note UP0025" x="0" y="1700" width="492" height="835" frameX="0" frameY="0" frameWidth="492" frameHeight="838"/>
	<SubTexture name="Tomato Sing Note UP0026" x="0" y="1700" width="492" height="835" frameX="0" frameY="0" frameWidth="492" frameHeight="838"/>
	<SubTexture name="Tomato Sing Note UP0027" x="0" y="1700" width="492" height="835" frameX="0" frameY="0" frameWidth="492" frameHeight="838"/>
	<SubTexture name="Tomato Sing Note UP0028" x="0" y="1700" width="492" height="835" frameX="0" frameY="0" frameWidth="492" frameHeight="838"/>
	<SubTexture name="Tomato Sing Note UP0029" x="0" y="1700" width="492" height="835" frameX="0" frameY="0" frameWidth="492" frameHeight="838"/>
	<SubTexture name="Tomato Sing Note UP0030" x="0" y="1700" width="492" height="835" frameX="0" frameY="0" frameWidth="492" frameHeight="838"/>
	<SubTexture name="Tomato Sing Note UP0031" x="0" y="1700" width="492" height="835" frameX="0" frameY="0" frameWidth="492" frameHeight="838"/>
	<SubTexture name="Tomato Sing Note UP0032" x="0" y="1700" width="492" height="835" frameX="0" frameY="0" frameWidth="492" frameHeight="838"/>
	<SubTexture name="Tomato Sing Note UP0033" x="0" y="1700" width="492" height="835" frameX="0" frameY="0" frameWidth="492" frameHeight="838"/>
	<SubTexture name="Tomato Sing Note UP0034" x="0" y="1700" width="492" height="835" frameX="0" frameY="0" frameWidth="492" frameHeight="838"/>
	<SubTexture name="Tomato Sing Note UP0035" x="0" y="1700" width="492" height="835" frameX="0" frameY="0" frameWidth="492" frameHeight="838"/>
	<SubTexture name="Tomato Sing Note UP0036" x="0" y="1700" width="492" height="835" frameX="0" frameY="0" frameWidth="492" frameHeight="838"/>
	<SubTexture name="Tomato Sing Note UP0037" x="0" y="1700" width="492" height="835" frameX="0" frameY="0" frameWidth="492" frameHeight="838"/>
	<SubTexture name="Tomato Sing Note UP0038" x="0" y="1700" width="492" height="835" frameX="0" frameY="0" frameWidth="492" frameHeight="838"/>
	<SubTexture name="Tomato Sing Note UP0039" x="0" y="1700" width="492" height="835" frameX="0" frameY="0" frameWidth="492" frameHeight="838"/>
	<SubTexture name="Tomato Sing Note UP0040" x="0" y="1700" width="492" height="835" frameX="0" frameY="0" frameWidth="492" frameHeight="838"/>
	<SubTexture name="Tomato Sing Note UP0041" x="0" y="1700" width="492" height="835" frameX="0" frameY="0" frameWidth="492" frameHeight="838"/>
	<SubTexture name="Tomato Sing Note UP0042" x="0" y="1700" width="492" height="835" frameX="0" frameY="0" frameWidth="492" frameHeight="838"/>
	<SubTexture name="Tomato Sing Note UP0043" x="0" y="1700" width="492" height="835" frameX="0" frameY="0" frameWidth="492" frameHeight="838"/>
	<SubTexture name="Tomato Sing Note UP0044" x="0" y="1700" width="492" height="835" frameX="0" frameY="0" frameWidth="492" frameHeight="838"/>
	<SubTexture name="Tomato Sing Note UP0045" x="0" y="1700" width="492" height="835" frameX="0" frameY="0" frameWidth="492" frameHeight="838"/>
	<SubTexture name="Tomato Sing Note UP0046" x="0" y="1700" width="492" height="835" frameX="0" frameY="0" frameWidth="492" frameHeight="838"/>
	<SubTexture name="Tomato Sing Note UP0047" x="0" y="1700" width="492" height="835" frameX="0" frameY="0" frameWidth="492" frameHeight="838"/>
	<SubTexture name="Tomato Sing Note UP0048" x="0" y="1700" width="492" height="835" frameX="0" frameY="0" frameWidth="492" frameHeight="838"/>
	<SubTexture name="Tomato Sing Note UP0049" x="0" y="1700" width="492" height="835" frameX="0" frameY="0" frameWidth="492" frameHeight="838"/>
	<SubTexture name="Tomato Sing Note UP0050" x="0" y="1700" width="492" height="835" frameX="0" frameY="0" frameWidth="492" frameHeight="838"/>
	<SubTexture name="Tomato Sing Note UP0051" x="0" y="1700" width="492" height="835" frameX="0" frameY="0" frameWidth="492" frameHeight="838"/>
	<SubTexture name="Tomato Sing Note UP0052" x="0" y="1700" width="492" height="835" frameX="0" frameY="0" frameWidth="492" frameHeight="838"/>
	<SubTexture name="Tomato Sing Note UP0053" x="0" y="1700" width="492" height="835" frameX="0" frameY="0" frameWidth="492" frameHeight="838"/>
	<SubTexture name="Tomato Sing Note UP0054" x="0" y="1700" width="492" height="835" frameX="0" frameY="0" frameWidth="492" frameHeight="838"/>
	<SubTexture name="Tomato Sing Note UP0055" x="0" y="1700" width="492" height="835" frameX="0" frameY="0" frameWidth="492" frameHeight="838"/>
	<SubTexture name="Tomato Sing Note UP0056" x="0" y="1700" width="492" height="835" frameX="0" frameY="0" frameWidth="492" frameHeight="838"/>
	<SubTexture name="Tomato Sing Note UP0057" x="0" y="1700" width="492" height="835" frameX="0" frameY="0" frameWidth="492" frameHeight="838"/>
	<SubTexture name="Tomato Sing Note UP0058" x="0" y="1700" width="492" height="835" frameX="0" frameY="0" frameWidth="492" frameHeight="838"/>
	<SubTexture name="Tomato idle dance0000" x="492" y="1700" width="507" height="838" pivotX="427.5" pivotY="544.35" frameX="0" frameY="0" frameWidth="516" frameHeight="840"/>
	<SubTexture name="Tomato idle dance0001" x="492" y="1700" width="507" height="838" frameX="0" frameY="0" frameWidth="516" frameHeight="840"/>
	<SubTexture name="Tomato idle dance0002" x="999" y="1700" width="498" height="833" frameX="-14" frameY="0" frameWidth="516" frameHeight="840"/>
	<SubTexture name="Tomato idle dance0003" x="999" y="1700" width="498" height="833" frameX="-14" frameY="0" frameWidth="516" frameHeight="840"/>
	<SubTexture name="Tomato idle dance0004" x="1497" y="1700" width="502" height="835" frameX="-14" frameY="0" frameWidth="516" frameHeight="840"/>
	<SubTexture name="Tomato idle dance0005" x="1497" y="1700" width="502" height="835" frameX="-14" frameY="0" frameWidth="516" frameHeight="840"/>
	<SubTexture name="Tomato idle dance0006" x="1999" y="1700" width="498" height="836" frameX="-14" frameY="0" frameWidth="516" frameHeight="840"/>
	<SubTexture name="Tomato idle dance0007" x="1999" y="1700" width="498" height="836" frameX="-14" frameY="0" frameWidth="516" frameHeight="840"/>
	<SubTexture name="Tomato idle dance0008" x="2497" y="1700" width="483" height="840" frameX="-20" frameY="0" frameWidth="516" frameHeight="840"/>
	<SubTexture name="Tomato idle dance0009" x="2497" y="1700" width="483" height="840" frameX="-20" frameY="0" frameWidth="516" frameHeight="840"/>
	<SubTexture name="Tomato idle dance0010" x="2980" y="1700" width="492" height="840" frameX="-12" frameY="0" frameWidth="516" frameHeight="840"/>
	<SubTexture name="Tomato idle dance0011" x="2980" y="1700" width="492" height="840" frameX="-12" frameY="0" frameWidth="516" frameHeight="840"/>
	<SubTexture name="Tomato idle dance0012" x="3472" y="1700" width="503" height="838" frameX="-4" frameY="0" frameWidth="516" frameHeight="840"/>
</TextureAtlas>
